Timestamp,Location,Signal Strength (dBm),Download Speed (Mbps),Upload Speed (Mbps),Latency (ms),Jitter (ms),Network Type,Device Model,Carrier,Band,Battery Level (%),Temperature (°C),Connected Duration (min),Handover Count,Data Usage (MB),Video Streaming Quality,VoNR Enabled,Network Congestion Level,Ping to Google (ms),Dropped Connection,hour,day_of_week,month,date,Location_encoded,Network Type_encoded,Carrier_encoded,Band_encoded,Network Congestion Level_encoded,Device Model_encoded,VoNR Enabled_encoded,Dropped Connection_encoded
2024-06-15 01:49:51.224697,Delhi,-100.8,768.99,33.42,12.6,3.4,5G NSA,Nord 4,Jio,n258,11,32.5,36,2,275.0,5,False,High,81.3,True,1,5,6,2024-06-15,2,1,3,0,0,2,0,1
2024-06-15 01:59:51.224695,Tokyo,-99.1,891.56,26.54,14.4,1.5,4G,Pixel 7,T-Mobile,n78,25,42.6,23,3,281.08,3,True,High,69.9,False,1,5,6,2024-06-15,7,0,4,4,0,3,1,0
2024-06-15 02:09:51.224692,New York,-89.0,750.1,103.72,4.2,4.19,4G,iPhone 14,T-Mobile,n260,44,34.1,53,3,244.27,5,True,Medium,84.1,False,2,5,6,2024-06-15,5,0,4,1,2,4,1,0
2024-06-15 02:19:51.224689,Delhi,-98.5,703.33,49.77,16.4,4.53,5G SA,GT 7,Airtel,n258,93,38.0,45,2,478.36,3,False,Medium,55.9,False,2,5,6,2024-06-15,2,2,1,0,2,0,0,0
2024-06-15 02:29:51.224687,Tokyo,-73.2,176.05,85.57,11.0,1.83,5G NSA,iPhone 14,T-Mobile,n78,28,22.5,44,3,341.65,4,False,Medium,19.7,True,2,5,6,2024-06-15,7,1,4,4,2,4,0,1
2024-06-15 02:39:51.224684,Delhi,-93.8,265.88,147.13,12.2,2.09,5G NSA,iPhone 14,Vi,n258,28,35.7,12,3,66.5,3,True,High,78.4,False,2,5,6,2024-06-15,2,1,6,0,0,4,1,0
2024-06-15 02:49:51.224682,Berlin,-109.9,813.26,65.26,18.0,2.85,5G SA,GT 7,Verizon,n260,19,31.2,17,3,431.83,5,False,Low,54.5,True,2,5,6,2024-06-15,0,2,5,1,1,0,0,1
2024-06-15 02:59:51.224679,Tokyo,-91.6,529.22,35.67,18.5,3.6,5G NSA,Pixel 7,Verizon,n41,47,41.5,41,3,77.46,1,True,High,83.8,True,2,5,6,2024-06-15,7,1,5,3,0,3,1,1
2024-06-15 03:09:51.224677,Delhi,-101.9,476.42,44.12,17.6,1.3,4G,Pixel 7,Airtel,n28,53,25.7,41,3,104.82,5,True,High,10.4,False,3,5,6,2024-06-15,2,0,1,2,0,3,1,0
2024-06-15 03:19:51.224674,New York,-72.7,165.15,103.95,1.6,2.81,5G SA,Galaxy S23,T-Mobile,n78,63,26.7,35,2,107.88,1,True,Low,33.6,True,3,5,6,2024-06-15,5,2,4,4,1,1,1,1
2024-06-15 03:29:51.224671,San Francisco,-74.7,541.27,50.41,15.6,4.49,5G NSA,GT 7,Verizon,n78,88,22.5,10,2,318.33,3,False,Medium,87.5,False,3,5,6,2024-06-15,6,1,5,4,2,0,0,0
2024-06-15 03:39:51.224669,Berlin,-70.9,153.8,38.22,2.9,2.2,5G NSA,iPhone 14,AT&T,n260,82,28.4,53,4,154.37,5,True,Medium,25.8,False,3,5,6,2024-06-15,0,1,0,1,2,4,1,0
2024-06-15 03:49:51.224666,Delhi,-87.2,238.4,138.28,12.3,2.32,4G,GT 7,Jio,n78,89,29.8,43,2,96.75,1,True,High,92.5,False,3,5,6,2024-06-15,2,0,3,4,0,0,1,0
2024-06-15 03:59:51.224664,Tokyo,-71.1,774.62,51.96,17.7,1.47,4G,GT 7,AT&T,n260,25,36.5,58,3,53.01,2,False,Medium,92.7,True,3,5,6,2024-06-15,7,0,0,1,2,0,0,1
2024-06-15 04:09:51.224661,Berlin,-61.9,292.57,50.15,9.4,2.32,5G NSA,Pixel 7,Verizon,n260,96,29.5,58,0,161.34,5,True,Medium,74.6,True,4,5,6,2024-06-15,0,1,5,1,2,3,1,1
2024-06-15 04:19:51.224659,Berlin,-63.7,290.76,23.24,16.2,0.25,5G SA,Nord 4,AT&T,n260,70,21.7,3,4,362.0,1,False,High,56.5,True,4,5,6,2024-06-15,0,2,0,1,0,2,0,1
2024-06-15 04:29:51.224656,Kolkata,-100.0,826.26,27.2,7.7,4.21,5G NSA,iPhone 14,BSNL,n28,74,22.1,55,3,93.06,2,False,Medium,97.8,False,4,5,6,2024-06-15,3,1,2,2,2,4,0,0
2024-06-15 04:39:51.224653,Chennai,-104.8,912.78,84.33,18.4,4.52,5G NSA,Pixel 7,Airtel,n258,18,35.5,35,1,323.24,2,True,Medium,25.8,False,4,5,6,2024-06-15,1,1,1,0,2,3,1,0
2024-06-15 04:49:51.224651,Mumbai,-67.7,612.22,131.13,6.9,3.08,5G SA,Pixel 7,BSNL,n78,55,42.9,30,1,247.66,3,True,Medium,61.7,False,4,5,6,2024-06-15,4,2,2,4,2,3,1,0
2024-06-15 04:59:51.224648,Berlin,-77.2,213.59,93.72,19.6,2.11,4G,Pixel 7,Verizon,n41,39,39.5,52,1,257.29,2,False,High,11.0,False,4,5,6,2024-06-15,0,0,5,3,0,3,0,0
2024-06-15 05:09:51.224646,New York,-87.0,632.25,132.46,6.3,1.7,5G NSA,Galaxy S23,Verizon,n41,31,21.6,47,1,397.08,3,False,Low,77.2,True,5,5,6,2024-06-15,5,1,5,3,1,1,0,1
2024-06-15 05:19:51.224643,Delhi,-92.6,194.22,131.03,6.7,4.22,5G SA,Nord 4,BSNL,n258,41,29.3,38,0,393.48,3,False,Low,54.2,True,5,5,6,2024-06-15,2,2,2,0,1,2,0,1
2024-06-15 05:29:51.224641,Berlin,-101.3,900.46,78.09,10.4,3.42,5G SA,Nord 4,Verizon,n78,45,26.8,14,1,390.08,4,True,Low,43.3,True,5,5,6,2024-06-15,0,2,5,4,1,2,1,1
2024-06-15 05:39:51.224638,Berlin,-76.4,127.49,60.04,18.5,2.2,4G,Nord 4,AT&T,n260,30,44.2,51,2,95.2,4,True,Medium,20.2,True,5,5,6,2024-06-15,0,0,0,1,2,2,1,1
2024-06-15 05:49:51.224635,Kolkata,-63.4,308.51,32.18,8.5,0.87,5G NSA,Nord 4,Vi,n28,16,27.3,1,2,28.58,1,False,Low,41.8,True,5,5,6,2024-06-15,3,1,6,2,1,2,0,1
2024-06-15 05:59:51.224633,Kolkata,-90.8,631.2,114.13,11.2,0.66,5G NSA,Pixel 7,Vi,n258,61,43.0,15,0,74.08,4,True,Medium,36.9,True,5,5,6,2024-06-15,3,1,6,0,2,3,1,1
2024-06-15 06:09:51.224630,Delhi,-68.7,554.45,113.56,6.3,3.96,4G,Nord 4,BSNL,n78,90,36.7,44,0,410.45,3,False,Low,89.9,True,6,5,6,2024-06-15,2,0,2,4,1,2,0,1
2024-06-15 06:19:51.224628,Chennai,-104.0,161.31,47.15,8.6,2.76,5G NSA,GT 7,Airtel,n258,31,43.1,57,0,479.67,2,False,Low,96.6,True,6,5,6,2024-06-15,1,1,1,0,1,0,0,1
2024-06-15 06:29:51.224625,Kolkata,-97.7,273.6,90.29,13.1,4.33,4G,iPhone 14,Vi,n258,97,21.8,47,3,199.99,2,True,High,39.8,True,6,5,6,2024-06-15,3,0,6,0,0,4,1,1
2024-06-15 06:39:51.224622,Delhi,-90.5,445.07,63.89,15.7,2.22,4G,GT 7,Jio,n28,44,27.8,55,2,225.46,1,False,Medium,59.0,True,6,5,6,2024-06-15,2,0,3,2,2,0,0,1
2024-06-15 06:49:51.224620,Kolkata,-74.8,216.9,75.69,13.9,1.44,4G,Nord 4,Airtel,n258,46,31.1,2,2,123.83,4,False,Medium,98.0,False,6,5,6,2024-06-15,3,0,1,0,2,2,0,0
2024-06-15 06:59:51.224617,Kolkata,-109.9,625.85,88.27,7.1,3.67,4G,Galaxy S23,Jio,n78,10,24.0,42,1,13.85,4,True,Medium,28.3,True,6,5,6,2024-06-15,3,0,3,4,2,1,1,1
2024-06-15 07:09:51.224611,New York,-98.7,514.43,97.76,14.9,1.21,4G,Pixel 7,Verizon,n260,21,42.9,52,1,386.89,3,True,Low,15.9,False,7,5,6,2024-06-15,5,0,5,1,1,3,1,0
2024-06-15 07:19:51.224609,San Francisco,-84.4,361.4,132.52,16.5,2.22,4G,Nord 4,T-Mobile,n260,86,24.7,7,0,288.96,1,False,Medium,25.5,False,7,5,6,2024-06-15,6,0,4,1,2,2,0,0
2024-06-15 07:29:51.224606,Mumbai,-63.0,392.83,39.76,1.2,3.49,5G SA,Pixel 7,Jio,n28,71,28.7,7,1,234.51,4,False,Low,75.2,False,7,5,6,2024-06-15,4,2,3,2,1,3,0,0
2024-06-15 07:39:51.224603,Chennai,-77.6,534.99,100.59,17.3,3.23,4G,Nord 4,Vi,n78,16,27.7,27,3,157.52,4,True,Low,73.8,False,7,5,6,2024-06-15,1,0,6,4,1,2,1,0
2024-06-15 07:49:51.224601,Delhi,-102.5,827.93,78.22,13.9,0.31,5G NSA,Nord 4,Airtel,n78,40,44.6,35,4,466.84,4,False,Medium,22.4,False,7,5,6,2024-06-15,2,1,1,4,2,2,0,0
2024-06-15 07:59:51.224598,Chennai,-61.5,456.76,80.2,15.8,0.37,4G,Galaxy S23,Vi,n258,82,40.7,37,0,326.42,1,False,High,79.4,True,7,5,6,2024-06-15,1,0,6,0,0,1,0,1
2024-06-15 08:09:51.224596,Chennai,-65.1,400.2,75.14,14.0,1.3,5G NSA,Nord 4,BSNL,n258,14,42.9,59,1,23.25,2,False,High,99.5,False,8,5,6,2024-06-15,1,1,2,0,0,2,0,0
2024-06-15 08:19:51.224593,Mumbai,-78.7,233.49,96.87,19.5,1.1,4G,Nord 4,Jio,n258,97,20.3,30,1,139.16,3,True,High,35.2,True,8,5,6,2024-06-15,4,0,3,0,0,2,1,1
2024-06-15 08:29:51.224590,Chennai,-83.4,566.54,60.29,1.4,2.75,4G,GT 7,Jio,n78,77,24.8,2,1,134.85,2,False,High,30.4,False,8,5,6,2024-06-15,1,0,3,4,0,0,0,0
2024-06-15 08:39:51.224588,Kolkata,-105.4,928.49,126.63,7.0,0.21,5G NSA,GT 7,Jio,n258,91,27.3,36,2,238.78,1,True,Medium,16.5,True,8,5,6,2024-06-15,3,1,3,0,2,0,1,1
2024-06-15 08:49:51.224585,New York,-109.3,845.91,147.2,19.9,2.7,4G,iPhone 14,Verizon,n260,81,28.4,10,1,344.84,5,True,Low,67.9,False,8,5,6,2024-06-15,5,0,5,1,1,4,1,0
2024-06-15 08:59:51.224582,Kolkata,-66.2,579.16,29.15,3.4,3.89,5G NSA,Pixel 7,Vi,n78,28,27.0,5,4,115.89,4,False,High,67.1,True,8,5,6,2024-06-15,3,1,6,4,0,3,0,1
2024-06-15 09:09:51.224580,Tokyo,-84.9,884.31,93.2,18.1,0.12,5G NSA,Galaxy S23,Verizon,n260,14,31.9,47,2,187.27,3,False,High,90.0,False,9,5,6,2024-06-15,7,1,5,1,0,1,0,0
2024-06-15 09:19:51.224577,San Francisco,-71.4,595.76,113.9,11.9,0.77,4G,Nord 4,AT&T,n41,90,44.0,30,0,281.07,2,False,Medium,58.5,False,9,5,6,2024-06-15,6,0,0,3,2,2,0,0
2024-06-15 09:29:51.224575,Tokyo,-77.3,377.22,142.95,5.2,3.45,4G,Nord 4,T-Mobile,n260,50,21.4,10,0,449.27,5,True,High,10.0,False,9,5,6,2024-06-15,7,0,4,1,0,2,1,0
2024-06-15 09:39:51.224572,New York,-96.0,140.99,122.36,5.2,4.23,5G NSA,Galaxy S23,T-Mobile,n78,29,42.4,14,3,54.34,5,False,Low,63.8,False,9,5,6,2024-06-15,5,1,4,4,1,1,0,0
2024-06-15 09:49:51.224569,Berlin,-81.2,846.59,114.89,17.1,2.13,4G,Nord 4,Verizon,n41,26,35.1,31,2,444.3,4,False,Low,90.7,False,9,5,6,2024-06-15,0,0,5,3,1,2,0,0
2024-06-15 09:59:51.224567,New York,-99.5,603.24,135.34,16.2,3.99,5G NSA,Pixel 7,Verizon,n260,95,24.7,24,2,458.0,2,True,Medium,10.2,False,9,5,6,2024-06-15,5,1,5,1,2,3,1,0
2024-06-15 10:09:51.224564,Chennai,-98.4,482.47,106.79,9.3,3.61,5G SA,iPhone 14,BSNL,n28,64,33.2,28,1,87.6,2,True,Low,46.6,True,10,5,6,2024-06-15,1,2,2,2,1,4,1,1
2024-06-15 10:19:51.224562,Kolkata,-80.5,314.64,140.24,1.1,2.42,4G,GT 7,BSNL,n78,21,32.9,6,0,207.78,2,True,Low,36.4,False,10,5,6,2024-06-15,3,0,2,4,1,0,1,0
2024-06-15 10:29:51.224559,New York,-86.2,507.93,114.85,18.7,3.85,4G,Galaxy S23,AT&T,n260,13,39.4,34,2,331.61,2,True,Low,16.1,True,10,5,6,2024-06-15,5,0,0,1,1,1,1,1
2024-06-15 10:39:51.224556,Kolkata,-89.2,436.98,86.37,4.1,4.69,5G NSA,Nord 4,Jio,n78,58,37.8,17,0,95.65,2,False,High,13.9,False,10,5,6,2024-06-15,3,1,3,4,0,2,0,0
2024-06-15 10:49:51.224554,San Francisco,-96.5,381.6,58.23,1.7,4.41,5G SA,Nord 4,Verizon,n78,18,23.3,24,4,423.83,2,False,Medium,95.2,True,10,5,6,2024-06-15,6,2,5,4,2,2,0,1
2024-06-15 10:59:51.224551,Kolkata,-82.4,196.65,28.8,1.2,3.67,5G NSA,GT 7,Vi,n258,16,21.3,30,2,469.2,2,True,Medium,71.2,False,10,5,6,2024-06-15,3,1,6,0,2,0,1,0
2024-06-15 11:09:51.224549,Delhi,-109.8,968.86,117.0,6.6,2.24,4G,Pixel 7,Airtel,n78,36,40.9,33,4,94.13,2,True,Low,55.3,False,11,5,6,2024-06-15,2,0,1,4,1,3,1,0
2024-06-15 11:19:51.224546,Kolkata,-93.3,596.0,121.6,4.7,4.14,4G,Galaxy S23,Vi,n78,93,39.8,25,1,35.94,5,False,Medium,25.9,True,11,5,6,2024-06-15,3,0,6,4,2,1,0,1
2024-06-15 11:29:51.224543,Delhi,-82.4,140.77,116.35,8.3,1.82,5G NSA,Galaxy S23,Airtel,n258,83,29.8,53,3,271.64,5,False,High,77.6,True,11,5,6,2024-06-15,2,1,1,0,0,1,0,1
2024-06-15 11:39:51.224541,Tokyo,-76.9,968.38,48.2,2.5,3.49,5G NSA,Nord 4,Verizon,n260,35,28.6,24,0,307.41,3,True,High,52.5,True,11,5,6,2024-06-15,7,1,5,1,0,2,1,1
2024-06-15 11:49:51.224538,Delhi,-104.5,767.92,82.89,17.7,0.54,5G NSA,iPhone 14,Vi,n258,23,37.2,3,2,402.41,1,False,High,82.2,True,11,5,6,2024-06-15,2,1,6,0,0,4,0,1
2024-06-15 11:59:51.224536,Chennai,-82.4,248.29,49.22,14.6,2.97,5G NSA,Nord 4,Jio,n28,76,20.5,27,4,364.87,2,True,High,52.3,True,11,5,6,2024-06-15,1,1,3,2,0,2,1,1
2024-06-15 12:09:51.224533,Mumbai,-62.7,954.61,34.22,1.9,3.81,4G,iPhone 14,Airtel,n258,26,41.0,7,4,259.83,4,False,Low,19.4,False,12,5,6,2024-06-15,4,0,1,0,1,4,0,0
2024-06-15 12:19:51.224530,Delhi,-80.0,408.65,102.61,6.1,2.34,5G NSA,Nord 4,BSNL,n78,88,39.5,27,1,303.26,4,True,High,70.0,True,12,5,6,2024-06-15,2,1,2,4,0,2,1,1
2024-06-15 12:29:51.224528,Delhi,-68.3,812.44,133.21,8.3,2.58,5G SA,GT 7,BSNL,n78,61,43.3,12,0,176.34,3,True,Low,75.3,False,12,5,6,2024-06-15,2,2,2,4,1,0,1,0
2024-06-15 12:39:51.224525,Tokyo,-99.0,749.1,26.83,1.3,4.47,5G NSA,Galaxy S23,AT&T,n41,98,44.2,10,0,291.95,4,False,High,65.8,False,12,5,6,2024-06-15,7,1,0,3,0,1,0,0
2024-06-15 12:49:51.224523,Kolkata,-68.5,941.09,51.65,14.7,3.7,5G NSA,Galaxy S23,Vi,n258,73,26.8,54,2,260.19,4,True,Medium,23.1,True,12,5,6,2024-06-15,3,1,6,0,2,1,1,1
2024-06-15 12:59:51.224520,San Francisco,-89.8,406.48,145.86,14.3,2.08,5G NSA,iPhone 14,Verizon,n41,30,37.4,58,0,231.41,2,False,Low,15.4,False,12,5,6,2024-06-15,6,1,5,3,1,4,0,0
2024-06-15 13:09:51.224517,Mumbai,-67.8,314.97,84.77,11.2,4.24,4G,Galaxy S23,Vi,n28,16,41.2,30,2,452.2,2,True,Medium,29.5,True,13,5,6,2024-06-15,4,0,6,2,2,1,1,1
2024-06-15 13:19:51.224515,Kolkata,-85.8,371.04,122.94,3.9,2.33,5G SA,Pixel 7,Vi,n258,70,38.9,11,1,418.15,4,True,Low,82.1,True,13,5,6,2024-06-15,3,2,6,0,1,3,1,1
2024-06-15 13:29:51.224512,Delhi,-91.1,912.76,71.49,15.7,0.15,5G NSA,Pixel 7,Airtel,n78,11,27.5,30,4,314.16,5,False,Low,79.3,False,13,5,6,2024-06-15,2,1,1,4,1,3,0,0
2024-06-15 13:39:51.224510,Tokyo,-68.2,886.04,61.88,11.5,0.87,4G,Pixel 7,AT&T,n260,96,27.2,24,3,322.7,1,True,Low,94.5,False,13,5,6,2024-06-15,7,0,0,1,1,3,1,0
2024-06-15 13:49:51.224507,Mumbai,-78.7,627.34,138.15,12.2,3.07,5G SA,Pixel 7,BSNL,n78,46,31.0,35,0,285.46,2,True,Low,33.2,False,13,5,6,2024-06-15,4,2,2,4,1,3,1,0
2024-06-15 13:59:51.224504,Chennai,-62.3,823.13,39.64,7.4,1.22,4G,GT 7,Airtel,n78,66,31.6,53,2,46.48,3,False,High,20.4,False,13,5,6,2024-06-15,1,0,1,4,0,0,0,0
2024-06-15 14:09:51.224502,Kolkata,-109.6,122.69,69.38,7.2,4.15,5G NSA,Pixel 7,Airtel,n78,42,30.1,28,3,367.95,3,True,Low,78.5,True,14,5,6,2024-06-15,3,1,1,4,1,3,1,1
2024-06-15 14:19:51.224499,Mumbai,-93.1,956.43,115.13,7.1,0.15,4G,iPhone 14,BSNL,n28,55,22.4,53,2,20.0,5,True,Low,55.1,False,14,5,6,2024-06-15,4,0,2,2,1,4,1,0
2024-06-15 14:29:51.224497,San Francisco,-63.5,283.51,135.61,13.2,4.57,4G,iPhone 14,T-Mobile,n260,64,34.6,59,2,438.61,1,False,Low,24.3,False,14,5,6,2024-06-15,6,0,4,1,1,4,0,0
2024-06-15 14:39:51.224494,Tokyo,-60.3,443.48,67.44,9.7,0.87,5G NSA,Galaxy S23,T-Mobile,n260,69,27.7,24,1,233.15,3,True,Medium,23.3,True,14,5,6,2024-06-15,7,1,4,1,2,1,1,1
2024-06-15 14:49:51.224491,Tokyo,-106.4,562.78,84.28,8.1,2.78,5G SA,iPhone 14,T-Mobile,n41,52,28.8,12,1,332.76,3,False,High,13.4,False,14,5,6,2024-06-15,7,2,4,3,0,4,0,0
2024-06-15 14:59:51.224489,Tokyo,-89.0,582.08,129.69,10.4,1.97,5G SA,Nord 4,T-Mobile,n41,21,21.1,46,2,217.2,2,False,Medium,35.1,True,14,5,6,2024-06-15,7,2,4,3,2,2,0,1
2024-06-15 15:09:51.224486,Kolkata,-98.0,764.82,77.94,19.8,1.89,5G NSA,GT 7,BSNL,n78,45,36.0,1,2,411.8,4,True,Low,92.8,False,15,5,6,2024-06-15,3,1,2,4,1,0,1,0
2024-06-15 15:19:51.224484,Delhi,-97.8,371.61,63.83,16.7,1.74,4G,iPhone 14,Jio,n28,50,42.4,41,3,150.12,1,True,High,84.1,True,15,5,6,2024-06-15,2,0,3,2,0,4,1,1
2024-06-15 15:29:51.224481,Chennai,-82.7,443.21,94.03,6.1,1.91,5G NSA,GT 7,BSNL,n28,82,32.2,18,2,210.1,5,False,High,15.0,True,15,5,6,2024-06-15,1,1,2,2,0,0,0,1
2024-06-15 15:39:51.224479,Delhi,-101.7,787.77,113.55,18.3,1.58,4G,Galaxy S23,Vi,n28,11,26.7,38,1,278.94,1,False,High,77.9,True,15,5,6,2024-06-15,2,0,6,2,0,1,0,1
2024-06-15 15:49:51.224476,New York,-87.9,517.59,43.79,12.7,0.67,5G SA,GT 7,Verizon,n41,48,21.8,56,0,20.81,1,False,Low,49.7,True,15,5,6,2024-06-15,5,2,5,3,1,0,0,1
2024-06-15 15:59:51.224474,San Francisco,-109.4,708.58,41.57,3.9,4.31,5G SA,Galaxy S23,Verizon,n78,17,30.5,30,0,313.47,3,False,High,59.8,True,15,5,6,2024-06-15,6,2,5,4,0,1,0,1
2024-06-15 16:09:51.224471,Berlin,-77.9,740.91,101.76,1.2,0.37,4G,GT 7,T-Mobile,n41,55,40.2,44,2,292.13,1,False,Medium,52.8,True,16,5,6,2024-06-15,0,0,4,3,2,0,0,1
2024-06-15 16:19:51.224469,Tokyo,-90.4,882.09,53.08,2.5,1.55,5G NSA,Nord 4,T-Mobile,n78,94,20.5,57,0,362.86,3,False,Low,48.6,True,16,5,6,2024-06-15,7,1,4,4,1,2,0,1
2024-06-15 16:29:51.224466,Berlin,-94.6,639.74,48.88,2.0,4.55,4G,iPhone 14,T-Mobile,n78,99,39.0,21,3,329.46,1,False,High,38.4,True,16,5,6,2024-06-15,0,0,4,4,0,4,0,1
2024-06-15 16:39:51.224464,Delhi,-66.7,340.91,43.79,8.0,4.89,4G,iPhone 14,Jio,n28,78,36.2,48,0,187.84,1,False,Medium,81.2,True,16,5,6,2024-06-15,2,0,3,2,2,4,0,1
2024-06-15 16:49:51.224461,Delhi,-106.1,736.17,93.42,15.2,1.15,5G NSA,Pixel 7,BSNL,n78,31,37.9,55,3,275.11,2,True,High,91.1,False,16,5,6,2024-06-15,2,1,2,4,0,3,1,0
2024-06-15 16:59:51.224459,New York,-79.7,763.42,123.67,13.7,1.65,5G NSA,Pixel 7,Verizon,n260,41,28.0,17,4,280.41,4,False,Medium,58.1,False,16,5,6,2024-06-15,5,1,5,1,2,3,0,0
2024-06-15 17:09:51.224456,Mumbai,-66.7,777.87,141.07,13.5,4.02,4G,Galaxy S23,BSNL,n258,84,21.4,31,3,474.13,2,True,High,84.2,False,17,5,6,2024-06-15,4,0,2,0,0,1,1,0
2024-06-15 17:19:51.224454,Kolkata,-61.1,904.13,70.66,8.8,1.61,4G,GT 7,Airtel,n28,33,33.7,52,2,207.97,3,False,Medium,89.1,False,17,5,6,2024-06-15,3,0,1,2,2,0,0,0
2024-06-15 17:29:51.224451,New York,-106.1,553.95,140.01,7.8,0.66,4G,iPhone 14,AT&T,n260,10,39.8,35,2,199.38,5,False,High,90.9,False,17,5,6,2024-06-15,5,0,0,1,0,4,0,0
2024-06-15 17:39:51.224448,New York,-91.4,590.8,49.05,8.2,0.1,5G SA,GT 7,Verizon,n78,23,29.5,19,1,49.7,5,False,High,30.1,True,17,5,6,2024-06-15,5,2,5,4,0,0,0,1
2024-06-15 17:49:51.224446,Kolkata,-62.9,904.41,146.98,14.8,0.71,5G SA,iPhone 14,Jio,n28,84,27.0,28,1,260.09,1,True,Low,70.9,False,17,5,6,2024-06-15,3,2,3,2,1,4,1,0
2024-06-15 17:59:51.224443,Tokyo,-99.2,776.23,25.31,5.2,1.6,4G,Pixel 7,T-Mobile,n78,60,27.8,11,4,440.85,5,True,Low,96.9,False,17,5,6,2024-06-15,7,0,4,4,1,3,1,0
2024-06-15 18:09:51.224441,Tokyo,-107.9,925.9,49.04,4.9,0.3,5G NSA,GT 7,Verizon,n260,98,40.7,51,3,309.13,1,False,High,49.1,True,18,5,6,2024-06-15,7,1,5,1,0,0,0,1
2024-06-15 18:19:51.224438,Berlin,-110.0,598.74,134.99,9.8,0.52,5G SA,Galaxy S23,AT&T,n41,35,24.9,7,0,173.3,2,True,Medium,66.2,False,18,5,6,2024-06-15,0,2,0,3,2,1,1,0
2024-06-15 18:29:51.224435,New York,-70.2,405.54,23.36,1.9,4.61,5G SA,Nord 4,T-Mobile,n78,78,33.7,20,0,233.47,3,True,High,16.1,False,18,5,6,2024-06-15,5,2,4,4,0,2,1,0
2024-06-15 18:39:51.224433,San Francisco,-104.8,690.9,61.99,17.5,0.31,5G SA,Nord 4,AT&T,n41,12,34.3,5,4,254.56,5,True,High,19.5,True,18,5,6,2024-06-15,6,2,0,3,0,2,1,1
2024-06-15 18:49:51.224430,New York,-66.7,865.33,47.11,14.1,3.4,5G NSA,Galaxy S23,AT&T,n260,83,34.6,2,0,163.2,3,False,Low,97.8,True,18,5,6,2024-06-15,5,1,0,1,1,1,0,1
2024-06-15 18:59:51.224427,Kolkata,-76.5,897.73,34.81,13.6,3.79,5G SA,iPhone 14,BSNL,n258,59,34.8,34,0,410.14,4,False,High,52.2,False,18,5,6,2024-06-15,3,2,2,0,0,4,0,0
2024-06-15 19:09:51.224425,Tokyo,-63.0,547.08,135.39,16.3,1.72,4G,Nord 4,Verizon,n78,54,42.9,49,2,492.49,1,False,High,76.2,False,19,5,6,2024-06-15,7,0,5,4,0,2,0,0
2024-06-15 19:19:51.224422,Kolkata,-60.9,964.93,91.59,8.6,2.93,5G NSA,Pixel 7,Vi,n28,57,38.1,52,1,152.59,4,False,High,70.1,False,19,5,6,2024-06-15,3,1,6,2,0,3,0,0
2024-06-15 19:29:51.224419,New York,-94.8,305.36,46.88,16.8,4.28,4G,Pixel 7,Verizon,n41,99,44.5,37,3,94.32,1,False,High,24.7,True,19,5,6,2024-06-15,5,0,5,3,0,3,0,1
2024-06-15 19:39:51.224417,Berlin,-68.5,574.18,124.46,1.5,1.32,5G NSA,Galaxy S23,AT&T,n260,68,28.8,14,3,57.06,5,False,Low,60.1,False,19,5,6,2024-06-15,0,1,0,1,1,1,0,0
2024-06-15 19:49:51.224414,San Francisco,-91.7,451.21,37.76,3.7,3.73,4G,Nord 4,AT&T,n78,69,31.0,4,4,399.92,2,True,High,46.3,True,19,5,6,2024-06-15,6,0,0,4,0,2,1,1
2024-06-15 19:59:51.224412,Tokyo,-89.9,487.55,132.46,4.2,0.86,5G NSA,iPhone 14,AT&T,n41,94,20.6,31,4,414.37,2,True,High,47.3,False,19,5,6,2024-06-15,7,1,0,3,0,4,1,0
2024-06-15 20:09:51.224409,Berlin,-63.8,897.51,147.95,5.7,4.7,5G SA,Galaxy S23,T-Mobile,n41,46,25.7,1,3,358.25,2,False,High,29.7,False,20,5,6,2024-06-15,0,2,4,3,0,1,0,0
2024-06-15 20:19:51.224406,Berlin,-80.0,747.57,82.72,18.7,3.78,4G,Pixel 7,Verizon,n41,92,28.7,40,1,219.62,5,False,High,73.5,False,20,5,6,2024-06-15,0,0,5,3,0,3,0,0
2024-06-15 20:29:51.224404,Tokyo,-65.4,893.71,64.89,19.4,1.02,5G SA,Galaxy S23,AT&T,n260,28,26.6,58,2,455.01,4,True,Medium,80.3,True,20,5,6,2024-06-15,7,2,0,1,2,1,1,1
2024-06-15 20:39:51.224401,Delhi,-107.3,488.08,117.2,10.4,1.23,5G SA,GT 7,Airtel,n78,53,31.8,34,0,398.77,3,True,High,29.9,True,20,5,6,2024-06-15,2,2,1,4,0,0,1,1
2024-06-15 20:49:51.224399,Berlin,-65.7,510.69,129.94,13.0,4.87,4G,Pixel 7,AT&T,n41,57,42.8,7,4,479.49,5,True,Medium,96.5,True,20,5,6,2024-06-15,0,0,0,3,2,3,1,1
2024-06-15 20:59:51.224396,San Francisco,-102.8,227.61,143.77,1.2,1.03,4G,GT 7,T-Mobile,n260,74,20.9,40,3,391.25,1,True,Low,29.9,False,20,5,6,2024-06-15,6,0,4,1,1,0,1,0
2024-06-15 21:09:51.224393,Delhi,-98.0,747.46,111.53,11.6,1.71,4G,Nord 4,Airtel,n258,84,33.0,36,2,334.2,3,False,Medium,51.9,False,21,5,6,2024-06-15,2,0,1,0,2,2,0,0
2024-06-15 21:19:51.224391,Berlin,-61.3,335.36,86.22,9.8,2.36,5G NSA,Galaxy S23,Verizon,n78,54,27.4,31,2,16.22,4,False,Medium,59.8,True,21,5,6,2024-06-15,0,1,5,4,2,1,0,1
2024-06-15 21:29:51.224386,Berlin,-66.2,519.57,141.42,18.4,0.24,4G,GT 7,AT&T,n260,20,25.9,59,4,248.11,4,True,Low,50.1,True,21,5,6,2024-06-15,0,0,0,1,1,0,1,1
2024-06-15 21:39:51.224383,New York,-95.4,985.62,94.23,19.0,1.45,5G SA,iPhone 14,AT&T,n260,15,44.4,42,3,463.91,5,False,Low,54.9,True,21,5,6,2024-06-15,5,2,0,1,1,4,0,1
2024-06-15 21:49:51.224380,San Francisco,-72.5,476.6,117.59,12.0,4.67,5G NSA,Galaxy S23,Verizon,n41,81,22.3,1,4,376.63,5,False,Low,39.2,False,21,5,6,2024-06-15,6,1,5,3,1,1,0,0
2024-06-15 21:59:51.224378,Kolkata,-64.3,838.83,86.61,1.6,3.5,5G SA,GT 7,BSNL,n78,29,42.4,31,0,105.95,4,True,Low,26.0,False,21,5,6,2024-06-15,3,2,2,4,1,0,1,0
2024-06-15 22:09:51.224375,Berlin,-62.3,825.41,49.75,16.5,1.37,5G SA,Pixel 7,T-Mobile,n260,76,23.9,43,3,253.4,5,True,High,29.3,True,22,5,6,2024-06-15,0,2,4,1,0,3,1,1
2024-06-15 22:19:51.224373,Delhi,-89.8,356.32,54.78,10.4,0.25,4G,GT 7,BSNL,n78,47,41.8,47,2,70.78,2,True,High,97.1,True,22,5,6,2024-06-15,2,0,2,4,0,0,1,1
2024-06-15 22:29:51.224370,Delhi,-92.9,832.95,46.88,5.7,3.9,5G NSA,iPhone 14,BSNL,n258,99,24.2,3,4,218.36,5,False,Medium,87.2,True,22,5,6,2024-06-15,2,1,2,0,2,4,0,1
2024-06-15 22:39:51.224367,Berlin,-66.9,943.48,114.16,8.3,4.28,5G NSA,Galaxy S23,AT&T,n78,36,31.5,7,3,71.59,1,False,Medium,21.0,True,22,5,6,2024-06-15,0,1,0,4,2,1,0,1
2024-06-15 22:49:51.224365,New York,-80.3,242.0,121.09,12.5,0.45,5G NSA,GT 7,Verizon,n78,65,22.0,58,3,191.96,4,False,Low,22.0,False,22,5,6,2024-06-15,5,1,5,4,1,0,0,0
2024-06-15 22:59:51.224362,Mumbai,-61.5,394.16,123.46,9.6,4.43,5G NSA,Galaxy S23,Vi,n78,24,43.1,19,0,476.62,3,False,High,72.6,False,22,5,6,2024-06-15,4,1,6,4,0,1,0,0
2024-06-15 23:09:51.224360,Berlin,-65.4,516.91,126.22,13.3,2.26,5G NSA,Nord 4,AT&T,n78,34,33.2,46,0,245.06,1,True,Medium,82.1,True,23,5,6,2024-06-15,0,1,0,4,2,2,1,1
2024-06-15 23:19:51.224357,San Francisco,-61.6,649.42,142.69,2.6,4.86,5G NSA,GT 7,T-Mobile,n78,80,44.3,54,1,15.1,3,False,Medium,13.4,False,23,5,6,2024-06-15,6,1,4,4,2,0,0,0
2024-06-15 23:29:51.224354,Tokyo,-65.4,841.33,122.92,8.0,3.67,4G,GT 7,Verizon,n41,32,24.1,53,3,309.22,2,True,Medium,80.6,False,23,5,6,2024-06-15,7,0,5,3,2,0,1,0
2024-06-15 23:39:51.224352,New York,-97.6,224.02,144.49,16.6,0.54,5G NSA,Pixel 7,Verizon,n41,22,25.4,22,2,485.2,3,True,Low,47.3,True,23,5,6,2024-06-15,5,1,5,3,1,3,1,1
2024-06-15 23:49:51.224349,Tokyo,-62.0,745.63,57.52,19.9,3.66,4G,Galaxy S23,Verizon,n41,68,40.5,3,2,291.48,4,True,Low,14.3,True,23,5,6,2024-06-15,7,0,5,3,1,1,1,1
2024-06-15 23:59:51.224346,Berlin,-63.2,321.23,120.14,5.9,1.27,5G NSA,GT 7,Verizon,n260,95,28.5,23,2,235.27,5,False,Low,61.7,True,23,5,6,2024-06-15,0,1,5,1,1,0,0,1
2024-06-16 00:09:51.224344,Chennai,-75.1,759.41,118.27,4.5,3.91,5G NSA,GT 7,Vi,n78,72,32.7,47,1,467.45,5,False,Low,85.7,False,0,6,6,2024-06-16,1,1,6,4,1,0,0,0
2024-06-16 00:19:51.224341,Delhi,-88.3,905.06,64.13,9.5,4.21,5G NSA,GT 7,Jio,n78,49,27.6,30,4,194.21,4,False,High,64.8,True,0,6,6,2024-06-16,2,1,3,4,0,0,0,1
2024-06-16 00:29:51.224339,Mumbai,-69.0,123.21,55.15,19.4,0.2,5G SA,Pixel 7,Jio,n258,39,39.4,28,4,61.64,1,True,High,11.0,True,0,6,6,2024-06-16,4,2,3,0,0,3,1,1
2024-06-16 00:39:51.224336,Berlin,-105.5,215.2,39.68,15.5,2.26,4G,GT 7,Verizon,n41,83,29.0,14,1,154.5,2,False,Low,48.2,True,0,6,6,2024-06-16,0,0,5,3,1,0,0,1
2024-06-16 00:49:51.224334,Kolkata,-94.8,173.81,107.74,14.9,0.11,5G NSA,GT 7,Jio,n78,89,22.2,33,4,307.09,3,True,Low,66.8,True,0,6,6,2024-06-16,3,1,3,4,1,0,1,1
2024-06-16 00:59:51.224331,Chennai,-86.6,286.69,147.55,1.1,2.44,5G NSA,Nord 4,BSNL,n78,22,22.7,58,0,302.1,1,True,Medium,77.3,False,0,6,6,2024-06-16,1,1,2,4,2,2,1,0
2024-06-16 01:09:51.224328,San Francisco,-74.5,938.74,106.39,13.2,4.82,5G NSA,Galaxy S23,AT&T,n78,88,35.1,3,1,144.54,5,True,High,28.0,True,1,6,6,2024-06-16,6,1,0,4,0,1,1,1
2024-06-16 01:19:51.224326,Tokyo,-99.4,210.8,69.99,12.4,1.34,4G,Galaxy S23,Verizon,n260,17,23.1,27,2,400.8,1,False,Medium,44.8,True,1,6,6,2024-06-16,7,0,5,1,2,1,0,1
2024-06-16 01:29:51.224323,New York,-98.6,161.22,117.13,8.1,2.97,4G,GT 7,Verizon,n78,57,35.3,8,1,287.88,2,False,High,30.4,True,1,6,6,2024-06-16,5,0,5,4,0,0,0,1
2024-06-16 01:39:51.224321,San Francisco,-71.7,960.64,20.56,13.0,2.29,4G,iPhone 14,Verizon,n41,19,37.6,4,2,370.19,1,False,High,83.7,True,1,6,6,2024-06-16,6,0,5,3,0,4,0,1
2024-06-16 01:49:51.224318,New York,-92.6,980.1,67.06,12.8,4.81,4G,Galaxy S23,Verizon,n260,83,30.0,14,3,335.36,3,False,Medium,61.2,False,1,6,6,2024-06-16,5,0,5,1,2,1,0,0
2024-06-16 01:59:51.224315,Berlin,-98.1,211.87,97.51,9.1,1.55,5G SA,Pixel 7,Verizon,n78,59,35.5,49,4,272.29,1,True,High,34.8,True,1,6,6,2024-06-16,0,2,5,4,0,3,1,1
2024-06-16 02:09:51.224313,Chennai,-64.7,185.07,109.22,2.6,1.62,5G NSA,iPhone 14,BSNL,n78,70,39.1,26,4,65.07,1,False,High,27.8,True,2,6,6,2024-06-16,1,1,2,4,0,4,0,1
2024-06-16 02:19:51.224310,New York,-66.6,551.53,111.54,12.3,0.99,5G NSA,Nord 4,T-Mobile,n41,25,23.0,31,3,213.02,1,False,Medium,12.8,False,2,6,6,2024-06-16,5,1,4,3,2,2,0,0
2024-06-16 02:29:51.224308,Mumbai,-78.4,152.78,144.69,2.5,0.26,5G SA,Galaxy S23,Jio,n78,41,31.9,51,0,142.63,1,False,Low,72.3,False,2,6,6,2024-06-16,4,2,3,4,1,1,0,0
2024-06-16 02:39:51.224305,Kolkata,-86.0,288.04,91.27,18.8,3.67,5G NSA,Nord 4,Airtel,n28,24,29.4,11,3,499.82,4,False,Medium,51.2,True,2,6,6,2024-06-16,3,1,1,2,2,2,0,1
2024-06-16 02:49:51.224302,Delhi,-82.6,875.77,127.75,2.5,3.01,5G NSA,GT 7,Airtel,n78,70,38.1,41,1,426.66,2,False,Low,31.0,False,2,6,6,2024-06-16,2,1,1,4,1,0,0,0
2024-06-16 02:59:51.224300,Delhi,-78.8,928.61,52.66,5.6,4.42,4G,iPhone 14,BSNL,n28,45,24.8,37,1,301.86,3,True,Medium,30.4,True,2,6,6,2024-06-16,2,0,2,2,2,4,1,1
2024-06-16 03:09:51.224298,Delhi,-83.0,877.55,86.29,18.1,4.62,5G SA,Galaxy S23,BSNL,n28,94,32.5,31,2,460.33,3,False,Medium,91.2,True,3,6,6,2024-06-16,2,2,2,2,2,1,0,1
2024-06-16 03:19:51.224295,New York,-75.4,653.66,113.34,19.6,0.69,5G SA,Galaxy S23,T-Mobile,n78,23,38.1,9,3,423.82,5,False,High,38.1,True,3,6,6,2024-06-16,5,2,4,4,0,1,0,1
2024-06-16 03:29:51.224292,Delhi,-62.0,720.08,143.75,6.4,4.41,4G,iPhone 14,BSNL,n28,95,37.4,37,3,54.37,3,True,Low,57.6,True,3,6,6,2024-06-16,2,0,2,2,1,4,1,1
2024-06-16 03:39:51.224290,Mumbai,-61.0,606.88,85.14,11.1,3.99,5G NSA,Nord 4,Vi,n78,37,24.1,3,1,329.63,3,True,Low,23.8,True,3,6,6,2024-06-16,4,1,6,4,1,2,1,1
2024-06-16 03:49:51.224288,Delhi,-99.0,752.33,109.18,8.1,2.12,5G NSA,Nord 4,Jio,n258,13,27.9,58,4,407.43,3,True,Low,17.7,False,3,6,6,2024-06-16,2,1,3,0,1,2,1,0
2024-06-16 03:59:51.224285,Chennai,-83.6,529.62,52.59,9.0,3.21,4G,Pixel 7,Jio,n28,99,43.3,12,2,12.34,1,True,Medium,79.5,True,3,6,6,2024-06-16,1,0,3,2,2,3,1,1
2024-06-16 04:09:51.224283,Tokyo,-79.8,991.63,101.36,18.4,2.81,5G SA,Galaxy S23,AT&T,n260,81,25.7,58,4,146.59,2,True,High,25.6,True,4,6,6,2024-06-16,7,2,0,1,0,1,1,1
2024-06-16 04:19:51.224280,Kolkata,-61.5,736.39,141.41,19.2,0.73,4G,iPhone 14,Jio,n78,90,34.1,2,1,476.11,3,False,Low,22.7,True,4,6,6,2024-06-16,3,0,3,4,1,4,0,1
2024-06-16 04:29:51.224278,Berlin,-105.4,525.2,130.25,8.5,4.87,5G SA,GT 7,Verizon,n78,48,28.1,6,1,144.57,4,False,High,90.7,True,4,6,6,2024-06-16,0,2,5,4,0,0,0,1
2024-06-16 04:39:51.224272,Mumbai,-100.6,206.5,52.7,19.7,3.41,5G NSA,Nord 4,Jio,n258,37,43.3,9,2,359.74,1,False,Medium,56.8,False,4,6,6,2024-06-16,4,1,3,0,2,2,0,0
2024-06-16 04:49:51.224270,Berlin,-98.8,224.35,100.05,13.0,1.56,4G,Nord 4,AT&T,n41,67,27.5,32,4,467.7,5,False,High,84.1,False,4,6,6,2024-06-16,0,0,0,3,0,2,0,0
2024-06-16 04:59:51.224267,Berlin,-82.2,456.73,93.86,13.1,1.51,5G NSA,Galaxy S23,T-Mobile,n78,22,35.8,39,2,470.68,2,False,High,13.0,True,4,6,6,2024-06-16,0,1,4,4,0,1,0,1
2024-06-16 05:09:51.224264,Tokyo,-88.4,106.02,149.07,5.5,4.45,5G NSA,Galaxy S23,AT&T,n78,99,28.4,6,2,265.99,1,False,Low,81.6,True,5,6,6,2024-06-16,7,1,0,4,1,1,0,1
2024-06-16 05:19:51.224262,Tokyo,-101.9,384.36,145.88,17.2,1.09,5G NSA,Pixel 7,T-Mobile,n260,66,27.3,18,4,187.03,1,True,Medium,29.9,False,5,6,6,2024-06-16,7,1,4,1,2,3,1,0
2024-06-16 05:29:51.224259,Delhi,-61.9,236.26,90.75,7.9,4.46,4G,Nord 4,Airtel,n78,66,44.3,53,4,141.53,4,True,High,51.2,False,5,6,6,2024-06-16,2,0,1,4,0,2,1,0
2024-06-16 05:39:51.224257,San Francisco,-107.7,153.59,118.32,13.3,2.66,5G SA,Galaxy S23,Verizon,n260,93,35.8,28,2,272.74,1,False,High,87.7,False,5,6,6,2024-06-16,6,2,5,1,0,1,0,0
2024-06-16 05:49:51.224254,San Francisco,-94.5,189.74,58.2,2.9,2.95,5G SA,iPhone 14,Verizon,n78,66,22.1,16,0,328.32,1,True,Low,91.4,True,5,6,6,2024-06-16,6,2,5,4,1,4,1,1
2024-06-16 05:59:51.224251,Tokyo,-80.5,563.68,140.61,11.5,3.86,5G SA,GT 7,T-Mobile,n260,87,21.3,31,0,335.65,3,False,High,88.2,True,5,6,6,2024-06-16,7,2,4,1,0,0,0,1
2024-06-16 06:09:51.224248,Berlin,-66.6,198.38,123.96,5.0,2.74,5G SA,Galaxy S23,AT&T,n260,90,39.0,13,2,82.13,3,False,High,48.1,True,6,6,6,2024-06-16,0,2,0,1,0,1,0,1
2024-06-16 06:19:51.224246,Berlin,-98.3,897.09,106.57,7.9,3.26,5G NSA,Galaxy S23,Verizon,n41,24,43.4,30,0,110.92,2,False,Low,33.1,True,6,6,6,2024-06-16,0,1,5,3,1,1,0,1
2024-06-16 06:29:51.224243,New York,-90.9,101.91,148.98,2.0,1.11,5G NSA,Pixel 7,AT&T,n260,21,34.4,23,4,477.94,4,False,High,71.5,False,6,6,6,2024-06-16,5,1,0,1,0,3,0,0
2024-06-16 06:39:51.224241,New York,-80.5,206.72,66.65,17.7,3.97,5G NSA,Nord 4,AT&T,n78,28,39.6,30,2,260.6,4,False,Medium,67.1,True,6,6,6,2024-06-16,5,1,0,4,2,2,0,1
2024-06-16 06:49:51.224238,Delhi,-95.8,600.1,110.66,19.9,2.13,5G SA,Nord 4,Airtel,n78,95,41.6,4,4,434.28,1,False,Low,35.9,False,6,6,6,2024-06-16,2,2,1,4,1,2,0,0
2024-06-16 06:59:51.224235,New York,-70.4,658.5,57.79,11.8,4.9,5G NSA,GT 7,AT&T,n260,39,21.7,14,4,299.51,1,False,Low,31.2,True,6,6,6,2024-06-16,5,1,0,1,1,0,0,1
2024-06-16 07:09:51.224233,Kolkata,-95.4,148.12,103.68,12.0,3.08,5G NSA,Pixel 7,Vi,n28,26,20.1,45,0,284.75,4,False,Medium,74.2,False,7,6,6,2024-06-16,3,1,6,2,2,3,0,0
2024-06-16 07:19:51.224230,Mumbai,-67.5,714.73,27.47,11.3,4.56,5G NSA,Galaxy S23,Jio,n78,54,38.1,22,3,329.24,5,True,Low,98.3,False,7,6,6,2024-06-16,4,1,3,4,1,1,1,0
2024-06-16 07:29:51.224227,San Francisco,-102.9,698.75,125.59,7.6,0.86,5G NSA,Pixel 7,T-Mobile,n260,58,40.6,51,2,322.48,2,False,High,71.8,False,7,6,6,2024-06-16,6,1,4,1,0,3,0,0
2024-06-16 07:39:51.224208,San Francisco,-72.5,429.57,125.27,10.5,4.73,5G SA,Galaxy S23,Verizon,n78,31,25.8,36,1,24.45,4,False,Low,39.4,True,7,6,6,2024-06-16,6,2,5,4,1,1,0,1
2024-06-16 07:49:51.224206,San Francisco,-79.7,899.99,110.57,14.4,0.48,5G SA,Nord 4,T-Mobile,n41,26,26.0,13,4,75.16,3,True,Medium,80.4,True,7,6,6,2024-06-16,6,2,4,3,2,2,1,1
2024-06-16 07:59:51.224203,Berlin,-76.1,778.03,20.31,6.5,0.51,5G NSA,Galaxy S23,T-Mobile,n260,31,44.9,52,2,283.39,5,True,High,82.4,True,7,6,6,2024-06-16,0,1,4,1,0,1,1,1
2024-06-16 08:09:51.224200,Delhi,-65.4,687.08,133.48,13.5,2.55,5G SA,Nord 4,Vi,n78,72,27.5,57,1,490.54,5,False,High,75.8,False,8,6,6,2024-06-16,2,2,6,4,0,2,0,0
2024-06-16 08:19:51.224198,Mumbai,-64.8,125.93,104.73,5.8,4.72,4G,Galaxy S23,Jio,n28,42,38.8,37,3,195.51,3,True,Low,67.9,False,8,6,6,2024-06-16,4,0,3,2,1,1,1,0
2024-06-16 08:29:51.224195,Berlin,-77.0,830.04,75.33,5.2,3.25,5G SA,iPhone 14,AT&T,n260,14,44.7,7,4,217.58,4,True,Low,88.0,True,8,6,6,2024-06-16,0,2,0,1,1,4,1,1
2024-06-16 08:39:51.224192,San Francisco,-90.9,463.94,99.73,17.9,2.47,5G NSA,Nord 4,AT&T,n78,47,37.1,48,1,370.87,5,True,Low,73.5,True,8,6,6,2024-06-16,6,1,0,4,1,2,1,1
2024-06-16 08:49:51.224190,New York,-98.0,682.43,71.83,11.9,1.63,5G SA,Galaxy S23,T-Mobile,n260,30,32.5,41,2,302.53,2,False,High,16.4,False,8,6,6,2024-06-16,5,2,4,1,0,1,0,0
2024-06-16 08:59:51.224187,Mumbai,-102.6,931.16,143.58,15.5,0.62,5G NSA,GT 7,BSNL,n28,52,35.0,40,4,436.71,1,True,Medium,67.7,False,8,6,6,2024-06-16,4,1,2,2,2,0,1,0
2024-06-16 09:09:51.224185,Berlin,-61.0,560.0,98.16,4.9,0.68,5G NSA,Galaxy S23,AT&T,n78,25,37.1,40,1,268.0,3,False,Low,11.3,False,9,6,6,2024-06-16,0,1,0,4,1,1,0,0
2024-06-16 09:19:51.224182,Delhi,-85.0,167.06,74.87,13.1,2.05,5G SA,Pixel 7,Airtel,n258,20,38.6,9,1,291.65,4,False,Low,97.2,False,9,6,6,2024-06-16,2,2,1,0,1,3,0,0
2024-06-16 09:29:51.224179,Tokyo,-70.8,872.47,148.25,5.3,1.29,5G NSA,GT 7,AT&T,n41,96,43.9,11,1,316.88,3,False,Low,46.3,True,9,6,6,2024-06-16,7,1,0,3,1,0,0,1
2024-06-16 09:39:51.224177,New York,-83.2,896.05,66.44,2.5,0.44,4G,Pixel 7,T-Mobile,n78,64,44.4,4,0,317.1,4,True,Low,67.4,True,9,6,6,2024-06-16,5,0,4,4,1,3,1,1
2024-06-16 09:49:51.224174,Mumbai,-83.9,784.95,88.17,4.8,2.44,5G NSA,Nord 4,BSNL,n258,91,28.7,25,2,111.54,2,True,Low,30.4,False,9,6,6,2024-06-16,4,1,2,0,1,2,1,0
2024-06-16 09:59:51.224172,San Francisco,-84.2,826.24,113.58,5.8,2.87,5G SA,iPhone 14,T-Mobile,n260,13,38.2,17,4,193.26,5,True,Low,28.9,False,9,6,6,2024-06-16,6,2,4,1,1,4,1,0
2024-06-16 10:09:51.224169,Berlin,-109.6,640.81,101.19,18.3,0.5,4G,Pixel 7,AT&T,n260,96,42.6,54,3,182.87,1,True,Low,64.5,True,10,6,6,2024-06-16,0,0,0,1,1,3,1,1
2024-06-16 10:19:51.224166,Delhi,-101.3,575.85,53.96,16.8,1.65,5G NSA,Nord 4,Airtel,n258,28,33.1,40,1,376.08,4,False,Medium,23.6,False,10,6,6,2024-06-16,2,1,1,0,2,2,0,0
2024-06-16 10:29:51.224164,San Francisco,-92.8,512.24,81.42,4.7,1.31,5G NSA,Pixel 7,Verizon,n41,95,22.7,2,4,425.86,5,False,High,37.1,True,10,6,6,2024-06-16,6,1,5,3,0,3,0,1
2024-06-16 10:39:51.224161,Delhi,-81.2,544.93,104.87,20.0,1.84,5G NSA,Galaxy S23,Airtel,n28,50,43.5,59,2,213.52,2,True,Medium,97.0,True,10,6,6,2024-06-16,2,1,1,2,2,1,1,1
2024-06-16 10:49:51.224159,Tokyo,-106.4,573.31,124.03,14.1,4.0,5G NSA,Pixel 7,Verizon,n41,76,32.5,30,1,20.29,4,True,Medium,47.0,False,10,6,6,2024-06-16,7,1,5,3,2,3,1,0
2024-06-16 10:59:51.224156,Berlin,-64.1,329.99,101.84,9.2,0.76,4G,Pixel 7,Verizon,n41,38,38.5,20,4,317.01,3,True,Medium,25.8,False,10,6,6,2024-06-16,0,0,5,3,2,3,1,0
2024-06-16 11:09:51.224153,Chennai,-83.6,538.84,146.46,13.7,0.81,5G SA,Galaxy S23,BSNL,n78,34,38.7,52,2,429.76,2,True,Medium,45.8,True,11,6,6,2024-06-16,1,2,2,4,2,1,1,1
2024-06-16 11:19:51.224151,Tokyo,-71.4,711.25,98.33,15.2,4.25,4G,Pixel 7,Verizon,n260,26,34.3,28,4,419.63,5,True,Low,65.2,True,11,6,6,2024-06-16,7,0,5,1,1,3,1,1
2024-06-16 11:29:51.224148,San Francisco,-65.4,889.7,35.06,2.5,3.14,5G NSA,Galaxy S23,AT&T,n78,64,42.1,53,1,328.91,5,False,Medium,67.6,True,11,6,6,2024-06-16,6,1,0,4,2,1,0,1
2024-06-16 11:39:51.224143,Tokyo,-73.6,594.1,116.15,1.0,2.44,4G,Nord 4,T-Mobile,n260,93,24.0,40,3,117.87,1,False,Low,25.4,False,11,6,6,2024-06-16,7,0,4,1,1,2,0,0
2024-06-16 11:49:51.224140,San Francisco,-94.0,263.8,65.72,1.2,3.62,4G,Nord 4,T-Mobile,n260,58,32.8,12,2,123.61,5,False,Low,38.8,True,11,6,6,2024-06-16,6,0,4,1,1,2,0,1
2024-06-16 11:59:51.224137,Tokyo,-75.9,534.34,110.06,2.1,3.83,5G SA,Pixel 7,T-Mobile,n78,87,23.0,48,4,407.24,2,False,Low,41.5,True,11,6,6,2024-06-16,7,2,4,4,1,3,0,1
2024-06-16 12:09:51.224135,San Francisco,-68.2,327.67,75.68,15.2,0.97,4G,GT 7,T-Mobile,n78,92,24.1,27,2,176.85,5,False,Low,47.1,False,12,6,6,2024-06-16,6,0,4,4,1,0,0,0
2024-06-16 12:19:51.224132,Chennai,-81.3,376.45,80.15,15.5,4.7,5G NSA,Nord 4,Jio,n258,86,44.0,51,3,378.87,4,False,Low,99.8,False,12,6,6,2024-06-16,1,1,3,0,1,2,0,0
2024-06-16 12:29:51.224130,Tokyo,-64.2,887.14,74.63,16.6,4.53,5G NSA,iPhone 14,AT&T,n260,56,35.1,1,0,455.13,4,True,Medium,44.1,False,12,6,6,2024-06-16,7,1,0,1,2,4,1,0
2024-06-16 12:39:51.224127,Kolkata,-68.2,784.79,36.84,8.6,4.45,5G SA,iPhone 14,BSNL,n258,13,35.2,36,3,381.77,5,True,Low,12.3,True,12,6,6,2024-06-16,3,2,2,0,1,4,1,1
2024-06-16 12:49:51.224124,Mumbai,-102.3,576.6,28.94,7.9,3.08,5G NSA,Pixel 7,Vi,n258,29,21.7,35,3,96.66,1,False,Low,90.2,True,12,6,6,2024-06-16,4,1,6,0,1,3,0,1
2024-06-16 12:59:51.224122,Mumbai,-61.0,559.32,43.77,18.1,4.71,4G,Pixel 7,BSNL,n78,19,33.2,40,4,213.24,3,False,High,95.9,True,12,6,6,2024-06-16,4,0,2,4,0,3,0,1
2024-06-16 13:09:51.224119,Tokyo,-79.4,536.46,42.48,12.2,2.23,5G NSA,Pixel 7,Verizon,n260,92,22.4,34,3,489.81,5,False,Low,57.2,True,13,6,6,2024-06-16,7,1,5,1,1,3,0,1
2024-06-16 13:19:51.224116,New York,-93.9,483.22,75.76,17.1,0.38,5G NSA,Pixel 7,AT&T,n78,84,28.1,11,2,468.15,5,False,Medium,19.3,True,13,6,6,2024-06-16,5,1,0,4,2,3,0,1
2024-06-16 13:29:51.224114,New York,-81.7,506.51,146.72,7.9,1.72,4G,GT 7,T-Mobile,n260,56,37.5,29,2,403.83,3,False,Low,68.7,True,13,6,6,2024-06-16,5,0,4,1,1,0,0,1
2024-06-16 13:39:51.224111,Berlin,-79.8,970.18,143.25,12.4,0.83,5G NSA,Pixel 7,T-Mobile,n78,75,21.7,5,1,95.19,1,False,Low,61.6,True,13,6,6,2024-06-16,0,1,4,4,1,3,0,1
2024-06-16 13:49:51.224109,San Francisco,-82.8,799.78,105.36,4.5,1.27,5G NSA,Pixel 7,AT&T,n41,78,33.2,54,3,149.7,1,False,Medium,31.4,False,13,6,6,2024-06-16,6,1,0,3,2,3,0,0
2024-06-16 13:59:51.224106,San Francisco,-98.0,340.57,34.63,9.6,0.29,5G NSA,Pixel 7,T-Mobile,n260,14,21.8,21,2,324.65,1,True,Low,70.7,True,13,6,6,2024-06-16,6,1,4,1,1,3,1,1
2024-06-16 14:09:51.224103,San Francisco,-86.4,805.53,112.68,10.2,0.6,5G SA,iPhone 14,T-Mobile,n78,83,32.7,7,3,69.18,4,False,Low,87.1,True,14,6,6,2024-06-16,6,2,4,4,1,4,0,1
2024-06-16 14:19:51.224101,Kolkata,-88.7,859.23,101.85,4.9,0.21,5G NSA,Pixel 7,Airtel,n28,54,28.2,41,4,209.16,1,True,High,19.3,False,14,6,6,2024-06-16,3,1,1,2,0,3,1,0
2024-06-16 14:29:51.224098,New York,-84.8,203.6,94.38,3.6,4.86,5G NSA,Pixel 7,AT&T,n78,32,27.2,34,0,478.96,4,True,High,20.6,False,14,6,6,2024-06-16,5,1,0,4,0,3,1,0
2024-06-16 14:39:51.224095,New York,-70.6,274.5,83.83,16.9,1.38,4G,Pixel 7,AT&T,n41,36,38.5,18,4,167.3,5,False,High,44.8,True,14,6,6,2024-06-16,5,0,0,3,0,3,0,1
2024-06-16 14:49:51.224093,San Francisco,-94.2,636.64,52.99,18.9,4.41,4G,Pixel 7,Verizon,n41,61,21.9,58,2,139.8,4,False,Medium,26.9,True,14,6,6,2024-06-16,6,0,5,3,2,3,0,1
2024-06-16 14:59:51.224090,Delhi,-90.6,408.83,26.37,4.6,1.73,5G NSA,Galaxy S23,Airtel,n28,78,41.3,6,0,444.82,5,False,High,62.6,False,14,6,6,2024-06-16,2,1,1,2,0,1,0,0
2024-06-16 15:09:51.224088,Mumbai,-72.0,374.26,148.28,11.0,2.66,4G,GT 7,Vi,n78,64,34.1,16,2,150.32,5,True,Medium,81.6,False,15,6,6,2024-06-16,4,0,6,4,2,0,1,0
2024-06-16 15:19:51.224085,Delhi,-71.7,381.8,29.07,6.3,4.32,5G SA,GT 7,BSNL,n78,42,35.6,21,3,67.81,2,True,Medium,73.9,False,15,6,6,2024-06-16,2,2,2,4,2,0,1,0
2024-06-16 15:29:51.224082,Mumbai,-72.3,242.09,130.09,4.0,1.08,5G NSA,GT 7,Airtel,n78,44,28.5,2,1,255.51,1,False,Low,64.9,True,15,6,6,2024-06-16,4,1,1,4,1,0,0,1
2024-06-16 15:39:51.224080,Mumbai,-89.0,163.81,123.91,8.8,3.97,5G SA,Nord 4,Vi,n78,99,30.3,44,3,172.54,4,False,Medium,59.5,True,15,6,6,2024-06-16,4,2,6,4,2,2,0,1
2024-06-16 15:49:51.224077,New York,-83.3,994.82,83.57,19.1,0.69,5G SA,Pixel 7,T-Mobile,n78,21,32.0,45,4,75.04,3,True,Low,50.0,True,15,6,6,2024-06-16,5,2,4,4,1,3,1,1
2024-06-16 15:59:51.224075,Mumbai,-80.1,478.08,105.26,5.5,4.18,4G,GT 7,Airtel,n28,75,28.8,32,1,138.36,2,False,High,54.9,False,15,6,6,2024-06-16,4,0,1,2,0,0,0,0
2024-06-16 16:09:51.224072,New York,-91.6,777.19,72.73,11.1,0.42,5G SA,Pixel 7,T-Mobile,n41,52,26.7,1,2,242.68,1,False,Medium,10.2,True,16,6,6,2024-06-16,5,2,4,3,2,3,0,1
2024-06-16 16:19:51.224069,New York,-101.4,962.04,129.2,10.6,1.07,5G SA,iPhone 14,Verizon,n260,94,37.7,12,0,215.82,1,False,High,72.4,False,16,6,6,2024-06-16,5,2,5,1,0,4,0,0
2024-06-16 16:29:51.224067,Delhi,-81.2,113.15,113.78,4.7,0.98,5G SA,Pixel 7,Airtel,n78,41,38.2,44,4,264.49,4,False,High,77.3,False,16,6,6,2024-06-16,2,2,1,4,0,3,0,0
2024-06-16 16:39:51.224064,Chennai,-80.3,327.17,93.8,15.7,1.59,5G NSA,GT 7,BSNL,n78,19,38.2,59,4,33.84,1,False,Medium,59.7,False,16,6,6,2024-06-16,1,1,2,4,2,0,0,0
2024-06-16 16:49:51.224062,Chennai,-109.6,579.17,114.24,15.5,0.81,5G NSA,Pixel 7,BSNL,n78,42,25.8,37,3,313.47,1,True,High,14.6,False,16,6,6,2024-06-16,1,1,2,4,0,3,1,0
2024-06-16 16:59:51.224059,Berlin,-103.9,414.57,98.63,19.6,2.38,4G,Pixel 7,T-Mobile,n260,89,36.7,16,0,249.39,5,True,High,93.6,False,16,6,6,2024-06-16,0,0,4,1,0,3,1,0
2024-06-16 17:09:51.224056,Chennai,-98.9,772.4,105.79,17.2,1.2,4G,iPhone 14,BSNL,n258,11,21.6,4,1,473.51,5,False,High,98.5,False,17,6,6,2024-06-16,1,0,2,0,0,4,0,0
2024-06-16 17:19:51.224054,San Francisco,-63.6,544.67,121.27,9.5,0.49,5G NSA,Nord 4,T-Mobile,n260,52,24.4,27,2,152.95,4,True,Low,58.7,True,17,6,6,2024-06-16,6,1,4,1,1,2,1,1
2024-06-16 17:29:51.224051,Tokyo,-94.2,561.85,82.89,14.0,4.55,5G SA,Pixel 7,T-Mobile,n78,36,22.5,23,1,448.87,4,False,High,73.1,True,17,6,6,2024-06-16,7,2,4,4,0,3,0,1
2024-06-16 17:39:51.224048,Tokyo,-75.1,976.06,59.86,11.8,0.67,4G,Pixel 7,AT&T,n41,90,40.2,9,3,195.35,3,True,High,37.9,True,17,6,6,2024-06-16,7,0,0,3,0,3,1,1
2024-06-16 17:49:51.224046,Berlin,-62.9,259.26,134.54,17.4,3.32,4G,Nord 4,Verizon,n78,21,23.9,37,0,144.22,5,True,High,49.9,False,17,6,6,2024-06-16,0,0,5,4,0,2,1,0
2024-06-16 17:59:51.224043,Chennai,-108.4,161.51,123.98,16.3,0.28,4G,Pixel 7,Airtel,n258,10,23.1,36,1,140.91,4,True,Low,87.7,False,17,6,6,2024-06-16,1,0,1,0,1,3,1,0
2024-06-16 18:09:51.224041,Kolkata,-103.6,216.33,146.65,14.5,1.81,5G SA,GT 7,Vi,n78,84,34.4,58,4,378.18,2,False,High,40.7,True,18,6,6,2024-06-16,3,2,6,4,0,0,0,1
2024-06-16 18:19:51.224038,New York,-101.0,410.69,126.53,18.2,3.43,5G NSA,Pixel 7,AT&T,n260,57,42.1,55,4,177.93,2,False,Medium,31.8,True,18,6,6,2024-06-16,5,1,0,1,2,3,0,1
2024-06-16 18:29:51.224035,San Francisco,-79.2,993.47,53.08,14.2,4.7,4G,Galaxy S23,AT&T,n41,62,23.2,32,4,356.74,3,False,Low,79.4,True,18,6,6,2024-06-16,6,0,0,3,1,1,0,1
2024-06-16 18:39:51.224033,Mumbai,-95.9,471.4,119.56,17.2,1.22,5G SA,GT 7,Airtel,n28,23,24.5,47,1,425.07,1,True,High,79.2,False,18,6,6,2024-06-16,4,2,1,2,0,0,1,0
2024-06-16 18:49:51.224030,Kolkata,-91.9,860.3,54.16,8.8,0.76,5G SA,GT 7,BSNL,n258,10,30.2,29,1,483.71,4,True,High,42.7,False,18,6,6,2024-06-16,3,2,2,0,0,0,1,0
2024-06-16 18:59:51.224028,Chennai,-97.8,363.19,148.07,18.1,1.79,5G NSA,Galaxy S23,Airtel,n28,67,40.7,42,0,433.07,1,True,Low,23.4,True,18,6,6,2024-06-16,1,1,1,2,1,1,1,1
2024-06-16 19:09:51.224025,New York,-100.9,406.19,86.21,7.4,0.81,5G SA,Pixel 7,AT&T,n41,57,34.1,28,4,169.92,4,False,High,33.9,True,19,6,6,2024-06-16,5,2,0,3,0,3,0,1
2024-06-16 19:19:51.224022,Tokyo,-108.6,577.78,65.65,2.5,4.49,5G SA,Galaxy S23,Verizon,n260,31,35.0,6,3,117.4,1,True,Medium,98.5,False,19,6,6,2024-06-16,7,2,5,1,2,1,1,0
2024-06-16 19:29:51.224020,Kolkata,-104.8,307.71,32.4,5.8,1.86,5G NSA,Galaxy S23,Airtel,n78,21,39.3,52,2,232.08,5,False,Low,90.6,False,19,6,6,2024-06-16,3,1,1,4,1,1,0,0
2024-06-16 19:39:51.224017,San Francisco,-107.3,851.4,80.35,18.2,0.9,4G,GT 7,AT&T,n260,16,40.0,45,3,237.03,2,True,High,90.1,True,19,6,6,2024-06-16,6,0,0,1,0,0,1,1
2024-06-16 19:49:51.224015,Chennai,-94.6,112.44,108.17,14.6,0.57,4G,Pixel 7,BSNL,n258,14,40.2,55,0,304.87,3,True,High,69.0,True,19,6,6,2024-06-16,1,0,2,0,0,3,1,1
2024-06-16 19:59:51.224012,Kolkata,-61.8,807.85,48.33,4.9,0.23,5G SA,iPhone 14,Airtel,n78,79,29.5,45,3,427.9,1,False,Medium,92.5,False,19,6,6,2024-06-16,3,2,1,4,2,4,0,0
2024-06-16 20:09:51.224009,San Francisco,-62.2,709.09,125.42,16.8,0.87,4G,Nord 4,AT&T,n78,35,38.7,50,0,224.99,2,False,High,53.9,True,20,6,6,2024-06-16,6,0,0,4,0,2,0,1
2024-06-16 20:19:51.224007,Chennai,-85.7,454.43,21.41,17.8,2.85,5G SA,iPhone 14,Vi,n28,76,23.0,41,1,210.48,5,True,Low,90.1,False,20,6,6,2024-06-16,1,2,6,2,1,4,1,0
2024-06-16 20:29:51.224004,Tokyo,-100.5,384.66,134.02,10.0,0.4,5G SA,GT 7,T-Mobile,n260,38,44.6,35,4,479.38,3,False,Medium,69.4,True,20,6,6,2024-06-16,7,2,4,1,2,0,0,1
2024-06-16 20:39:51.224002,New York,-73.3,990.67,41.37,9.9,0.46,5G NSA,GT 7,T-Mobile,n78,50,41.1,40,0,303.42,2,False,High,14.3,True,20,6,6,2024-06-16,5,1,4,4,0,0,0,1
2024-06-16 20:49:51.223999,Berlin,-89.6,498.66,90.44,10.3,2.26,5G SA,Galaxy S23,Verizon,n260,72,44.7,4,3,419.47,3,False,High,69.4,False,20,6,6,2024-06-16,0,2,5,1,0,1,0,0
2024-06-16 20:59:51.223996,Chennai,-79.7,900.59,146.73,11.5,0.63,5G NSA,Nord 4,Vi,n78,69,24.0,23,1,213.35,5,False,Medium,40.7,True,20,6,6,2024-06-16,1,1,6,4,2,2,0,1
2024-06-16 21:09:51.223994,New York,-64.0,985.47,57.66,5.5,3.3,5G SA,GT 7,Verizon,n260,93,38.2,28,3,201.19,4,True,Low,70.8,False,21,6,6,2024-06-16,5,2,5,1,1,0,1,0
2024-06-16 21:19:51.223991,San Francisco,-61.1,334.81,29.24,9.4,3.61,5G SA,GT 7,T-Mobile,n41,74,20.4,42,1,40.66,1,False,Medium,91.2,False,21,6,6,2024-06-16,6,2,4,3,2,0,0,0
2024-06-16 21:29:51.223989,Chennai,-106.4,184.08,132.02,10.3,1.78,5G SA,GT 7,Jio,n258,26,34.3,46,3,338.88,1,False,High,98.3,False,21,6,6,2024-06-16,1,2,3,0,0,0,0,0
2024-06-16 21:39:51.223986,Kolkata,-68.3,459.96,62.55,1.9,2.01,5G NSA,Galaxy S23,Jio,n28,41,32.5,52,2,80.58,1,False,High,95.0,False,21,6,6,2024-06-16,3,1,3,2,0,1,0,0
2024-06-16 21:49:51.223983,New York,-76.8,947.93,102.56,17.2,4.36,5G SA,Galaxy S23,Verizon,n78,53,40.8,57,4,313.88,1,False,Medium,90.3,True,21,6,6,2024-06-16,5,2,5,4,2,1,0,1
2024-06-16 21:59:51.223981,Mumbai,-80.3,742.54,103.95,16.7,0.95,5G NSA,Nord 4,Jio,n78,57,41.1,55,2,135.28,1,False,Medium,80.3,True,21,6,6,2024-06-16,4,1,3,4,2,2,0,1
2024-06-16 22:09:51.223978,Kolkata,-63.7,298.89,66.29,16.6,0.49,5G NSA,iPhone 14,Jio,n78,65,25.5,14,2,363.14,4,False,High,34.0,True,22,6,6,2024-06-16,3,1,3,4,0,4,0,1
2024-06-16 22:19:51.223975,Tokyo,-100.5,583.74,129.89,13.6,3.09,5G SA,Pixel 7,Verizon,n78,50,23.6,57,0,138.18,2,True,Low,40.8,False,22,6,6,2024-06-16,7,2,5,4,1,3,1,0
2024-06-16 22:29:51.223973,Tokyo,-93.8,725.93,135.4,6.8,2.04,5G SA,GT 7,T-Mobile,n78,23,28.0,1,2,366.23,4,False,Low,68.1,False,22,6,6,2024-06-16,7,2,4,4,1,0,0,0
2024-06-16 22:39:51.223970,Tokyo,-84.4,174.05,94.26,5.7,4.01,5G SA,GT 7,AT&T,n41,88,26.8,6,3,360.72,3,False,Medium,72.0,False,22,6,6,2024-06-16,7,2,0,3,2,0,0,0
2024-06-16 22:49:51.223968,Berlin,-77.7,954.38,80.0,7.3,4.95,5G SA,iPhone 14,Verizon,n78,60,34.3,24,2,47.47,5,True,Medium,92.7,False,22,6,6,2024-06-16,0,2,5,4,2,4,1,0
2024-06-16 22:59:51.223965,Mumbai,-80.5,533.83,100.71,15.4,1.25,5G NSA,Nord 4,BSNL,n78,78,36.8,35,0,161.65,4,True,Medium,61.5,True,22,6,6,2024-06-16,4,1,2,4,2,2,1,1
2024-06-16 23:09:51.223962,Kolkata,-72.6,616.06,131.17,11.1,1.13,4G,Pixel 7,Vi,n28,75,28.9,2,4,378.79,2,True,Low,46.8,True,23,6,6,2024-06-16,3,0,6,2,1,3,1,1
2024-06-16 23:19:51.223960,San Francisco,-92.9,634.76,128.86,19.1,3.17,4G,GT 7,Verizon,n78,93,31.4,1,0,271.7,2,False,Medium,71.3,True,23,6,6,2024-06-16,6,0,5,4,2,0,0,1
2024-06-16 23:29:51.223957,Tokyo,-64.6,617.45,129.36,17.3,1.61,4G,Nord 4,T-Mobile,n78,84,20.8,7,2,441.15,1,False,Medium,44.6,False,23,6,6,2024-06-16,7,0,4,4,2,2,0,0
2024-06-16 23:39:51.223955,San Francisco,-104.1,215.25,121.35,17.3,4.19,5G NSA,GT 7,T-Mobile,n41,45,40.6,9,3,145.93,5,False,High,22.5,True,23,6,6,2024-06-16,6,1,4,3,0,0,0,1
2024-06-16 23:49:51.223952,Delhi,-68.2,613.99,86.2,13.2,0.47,5G NSA,GT 7,Jio,n258,63,32.0,3,4,461.57,2,True,Low,62.4,False,23,6,6,2024-06-16,2,1,3,0,1,0,1,0
2024-06-16 23:59:51.223949,Delhi,-107.2,683.67,127.05,6.8,0.32,5G NSA,Pixel 7,Airtel,n28,52,24.5,14,2,456.83,1,True,Low,96.9,True,23,6,6,2024-06-16,2,1,1,2,1,3,1,1
2024-06-17 00:09:51.223947,Delhi,-97.0,667.78,86.14,2.7,1.51,5G NSA,Galaxy S23,Airtel,n78,87,40.4,21,1,324.01,3,False,Medium,48.8,True,0,0,6,2024-06-17,2,1,1,4,2,1,0,1
2024-06-17 00:19:51.223944,Tokyo,-67.3,563.84,103.43,1.4,3.5,4G,Pixel 7,AT&T,n260,72,26.3,30,2,233.42,3,False,Medium,86.0,True,0,0,6,2024-06-17,7,0,0,1,2,3,0,1
2024-06-17 00:29:51.223941,Delhi,-71.2,833.54,55.95,14.4,0.22,5G NSA,Pixel 7,BSNL,n78,60,29.1,39,3,104.55,5,False,High,13.0,True,0,0,6,2024-06-17,2,1,2,4,0,3,0,1
2024-06-17 00:39:51.223939,Delhi,-96.9,214.15,23.35,8.9,3.14,5G NSA,iPhone 14,Jio,n78,78,23.8,36,1,469.76,4,False,Medium,53.1,False,0,0,6,2024-06-17,2,1,3,4,2,4,0,0
2024-06-17 00:49:51.223936,Mumbai,-73.0,402.44,75.34,11.8,0.57,4G,Galaxy S23,Jio,n28,68,25.8,20,4,492.57,1,True,High,66.4,False,0,0,6,2024-06-17,4,0,3,2,0,1,1,0
2024-06-17 00:59:51.223934,Chennai,-63.2,975.38,31.62,5.9,4.24,4G,iPhone 14,Airtel,n78,71,29.8,58,4,321.4,2,True,High,58.5,True,0,0,6,2024-06-17,1,0,1,4,0,4,1,1
2024-06-17 01:09:51.223931,Mumbai,-75.5,554.34,110.09,9.5,0.87,5G NSA,Galaxy S23,Airtel,n258,76,40.1,3,1,486.89,5,False,Low,18.0,False,1,0,6,2024-06-17,4,1,1,0,1,1,0,0
2024-06-17 01:19:51.223929,San Francisco,-84.2,317.66,40.93,14.2,0.34,4G,iPhone 14,Verizon,n260,15,36.4,11,2,359.37,3,True,Medium,68.3,False,1,0,6,2024-06-17,6,0,5,1,2,4,1,0
2024-06-17 01:29:51.223926,New York,-105.6,163.86,40.59,4.2,3.79,4G,Pixel 7,Verizon,n78,84,20.6,6,0,334.97,1,True,Medium,48.9,False,1,0,6,2024-06-17,5,0,5,4,2,3,1,0
2024-06-17 01:39:51.223923,San Francisco,-94.4,380.16,39.83,19.6,4.31,4G,iPhone 14,Verizon,n78,42,30.4,49,2,316.33,5,True,Medium,65.9,True,1,0,6,2024-06-17,6,0,5,4,2,4,1,1
2024-06-17 01:49:51.223918,Mumbai,-91.3,532.51,112.75,6.9,3.73,4G,iPhone 14,Vi,n78,61,31.0,51,0,217.52,1,False,High,61.6,False,1,0,6,2024-06-17,4,0,6,4,0,4,0,0
2024-06-17 01:59:51.223916,Delhi,-93.1,655.94,60.02,17.6,4.86,5G NSA,iPhone 14,Vi,n258,44,28.9,20,3,101.22,2,False,High,85.5,True,1,0,6,2024-06-17,2,1,6,0,0,4,0,1
2024-06-17 02:09:51.223913,Mumbai,-70.5,879.67,94.69,1.8,2.27,4G,Nord 4,BSNL,n78,53,29.1,28,3,497.86,5,False,Low,21.8,False,2,0,6,2024-06-17,4,0,2,4,1,2,0,0
2024-06-17 02:19:51.223911,Mumbai,-77.4,244.25,81.55,19.1,4.7,4G,Nord 4,BSNL,n258,49,41.1,32,4,72.45,2,False,Medium,79.1,False,2,0,6,2024-06-17,4,0,2,0,2,2,0,0
2024-06-17 02:29:51.223908,New York,-67.4,242.91,74.17,14.7,2.08,4G,Nord 4,T-Mobile,n78,91,41.5,29,3,396.67,1,True,Medium,32.0,False,2,0,6,2024-06-17,5,0,4,4,2,2,1,0
2024-06-17 02:39:51.223905,Tokyo,-65.8,246.1,104.21,16.7,1.22,4G,Pixel 7,Verizon,n260,46,30.3,45,2,180.89,1,True,Low,75.1,False,2,0,6,2024-06-17,7,0,5,1,1,3,1,0
2024-06-17 02:49:51.223903,New York,-71.2,525.92,35.56,3.2,3.35,5G SA,GT 7,T-Mobile,n260,83,42.9,27,1,193.56,3,True,High,23.9,False,2,0,6,2024-06-17,5,2,4,1,0,0,1,0
2024-06-17 02:59:51.223900,Mumbai,-104.3,221.54,75.18,6.2,1.39,5G SA,GT 7,BSNL,n258,97,37.1,33,4,264.14,4,False,High,91.1,False,2,0,6,2024-06-17,4,2,2,0,0,0,0,0
2024-06-17 03:09:51.223898,San Francisco,-92.2,835.99,70.05,19.3,3.61,4G,GT 7,AT&T,n41,56,28.3,39,1,69.24,2,True,Medium,24.7,True,3,0,6,2024-06-17,6,0,0,3,2,0,1,1
2024-06-17 03:19:51.223895,New York,-90.4,439.49,80.85,3.7,3.1,5G SA,Nord 4,T-Mobile,n260,32,32.0,4,3,485.52,5,False,Medium,84.7,False,3,0,6,2024-06-17,5,2,4,1,2,2,0,0
2024-06-17 03:29:51.223893,Mumbai,-82.2,594.19,112.72,13.4,2.36,4G,GT 7,Vi,n258,50,41.4,9,3,202.89,3,True,High,47.9,True,3,0,6,2024-06-17,4,0,6,0,0,0,1,1
2024-06-17 03:39:51.223890,Kolkata,-102.1,902.54,46.21,12.1,2.39,5G NSA,Nord 4,Vi,n78,42,30.3,39,1,100.06,2,True,High,86.8,False,3,0,6,2024-06-17,3,1,6,4,0,2,1,0
2024-06-17 03:49:51.223887,Berlin,-98.2,374.26,23.02,13.2,1.61,5G NSA,Galaxy S23,Verizon,n260,54,39.2,35,0,402.93,4,False,Low,90.5,False,3,0,6,2024-06-17,0,1,5,1,1,1,0,0
2024-06-17 03:59:51.223885,New York,-67.0,580.6,33.19,17.3,4.58,5G NSA,GT 7,Verizon,n41,15,25.8,34,4,98.21,2,True,Low,96.4,False,3,0,6,2024-06-17,5,1,5,3,1,0,1,0
2024-06-17 04:09:51.223882,Kolkata,-67.4,326.35,31.08,6.9,3.87,4G,Pixel 7,BSNL,n78,48,32.7,38,2,490.05,2,True,Medium,28.5,True,4,0,6,2024-06-17,3,0,2,4,2,3,1,1
2024-06-17 04:19:51.223880,Berlin,-63.3,705.59,140.2,15.5,1.66,5G SA,Galaxy S23,AT&T,n78,16,30.7,34,1,355.45,4,False,Medium,17.3,False,4,0,6,2024-06-17,0,2,0,4,2,1,0,0
2024-06-17 04:29:51.223877,Kolkata,-85.6,515.72,61.88,11.3,4.37,5G SA,iPhone 14,BSNL,n78,49,21.4,23,0,385.4,3,True,Low,32.9,False,4,0,6,2024-06-17,3,2,2,4,1,4,1,0
2024-06-17 04:39:51.223874,New York,-87.5,315.43,43.04,9.1,1.61,5G SA,GT 7,Verizon,n260,39,29.1,59,4,79.37,5,False,Medium,80.8,False,4,0,6,2024-06-17,5,2,5,1,2,0,0,0
2024-06-17 04:49:51.223872,Berlin,-85.1,982.21,53.67,1.2,4.74,5G NSA,Pixel 7,Verizon,n260,49,21.6,10,3,140.68,1,True,Medium,64.6,True,4,0,6,2024-06-17,0,1,5,1,2,3,1,1
2024-06-17 04:59:51.223869,Chennai,-67.4,127.06,132.69,18.6,0.25,5G SA,Pixel 7,Vi,n78,23,43.6,3,4,205.94,1,False,Medium,87.5,True,4,0,6,2024-06-17,1,2,6,4,2,3,0,1
2024-06-17 05:09:51.223867,Mumbai,-84.3,928.56,102.41,11.9,3.59,5G SA,GT 7,BSNL,n28,39,23.5,26,0,208.48,5,True,Low,65.6,True,5,0,6,2024-06-17,4,2,2,2,1,0,1,1
2024-06-17 05:19:51.223864,Berlin,-61.6,210.8,110.95,4.9,2.9,5G NSA,Nord 4,T-Mobile,n78,19,36.8,59,0,290.51,1,False,Low,70.3,False,5,0,6,2024-06-17,0,1,4,4,1,2,0,0
2024-06-17 05:29:51.223862,Chennai,-99.3,577.73,112.56,19.5,3.82,5G SA,Pixel 7,Vi,n258,85,33.8,46,1,53.04,1,True,Medium,77.7,True,5,0,6,2024-06-17,1,2,6,0,2,3,1,1
2024-06-17 05:39:51.223859,San Francisco,-90.9,590.07,76.08,5.2,2.45,5G NSA,Galaxy S23,Verizon,n260,77,24.5,55,0,14.09,4,True,High,61.8,False,5,0,6,2024-06-17,6,1,5,1,0,1,1,0
2024-06-17 05:49:51.223856,New York,-66.4,405.05,77.46,14.1,4.43,5G SA,Nord 4,Verizon,n260,71,41.2,29,2,251.09,2,False,High,48.6,True,5,0,6,2024-06-17,5,2,5,1,0,2,0,1
2024-06-17 05:59:51.223854,Mumbai,-103.6,607.54,40.82,6.7,2.03,5G SA,iPhone 14,Airtel,n78,43,40.0,19,1,388.04,4,False,High,30.2,False,5,0,6,2024-06-17,4,2,1,4,0,4,0,0
2024-06-17 06:09:51.223851,Tokyo,-62.9,690.86,90.33,11.3,4.02,4G,Nord 4,AT&T,n78,41,44.9,46,3,125.18,2,False,Low,52.4,False,6,0,6,2024-06-17,7,0,0,4,1,2,0,0
2024-06-17 06:19:51.223849,Kolkata,-87.9,285.84,62.46,16.2,4.5,5G NSA,Galaxy S23,Airtel,n78,38,25.4,17,1,69.89,5,True,Low,62.5,True,6,0,6,2024-06-17,3,1,1,4,1,1,1,1
2024-06-17 06:29:51.223846,Chennai,-109.8,854.54,97.07,4.5,3.58,5G SA,Pixel 7,Vi,n28,68,21.1,48,1,464.84,4,False,Low,83.5,True,6,0,6,2024-06-17,1,2,6,2,1,3,0,1
2024-06-17 06:39:51.223843,Berlin,-98.6,444.82,26.99,17.2,3.12,5G SA,GT 7,T-Mobile,n78,10,22.6,5,0,128.1,4,True,Medium,66.6,False,6,0,6,2024-06-17,0,2,4,4,2,0,1,0
2024-06-17 06:49:51.223841,Delhi,-89.3,918.82,54.21,15.8,4.29,5G SA,Nord 4,BSNL,n258,38,33.9,12,2,51.64,2,True,High,29.5,True,6,0,6,2024-06-17,2,2,2,0,0,2,1,1
2024-06-17 06:59:51.223838,Mumbai,-88.0,694.04,78.47,14.9,1.24,5G NSA,Pixel 7,Jio,n258,55,29.4,12,1,188.68,2,True,Medium,60.1,False,6,0,6,2024-06-17,4,1,3,0,2,3,1,0
2024-06-17 07:09:51.223836,San Francisco,-87.5,276.98,30.93,8.6,1.9,4G,iPhone 14,T-Mobile,n78,14,30.2,59,4,395.75,1,False,Low,77.6,False,7,0,6,2024-06-17,6,0,4,4,1,4,0,0
2024-06-17 07:19:51.223833,Delhi,-93.3,908.76,64.94,2.6,2.94,4G,Galaxy S23,Vi,n78,50,25.2,44,0,394.41,5,True,Low,29.8,False,7,0,6,2024-06-17,2,0,6,4,1,1,1,0
2024-06-17 07:29:51.223830,Kolkata,-71.3,143.17,22.08,7.2,1.93,4G,Nord 4,Vi,n258,69,43.2,6,2,127.14,4,False,Low,35.4,True,7,0,6,2024-06-17,3,0,6,0,1,2,0,1
2024-06-17 07:39:51.223828,Tokyo,-105.1,593.7,110.69,11.5,1.15,5G SA,Nord 4,Verizon,n260,20,37.7,45,2,438.75,2,False,Medium,44.3,False,7,0,6,2024-06-17,7,2,5,1,2,2,0,0
2024-06-17 07:49:51.223825,Mumbai,-108.9,659.3,141.07,19.9,3.07,4G,Pixel 7,Airtel,n258,70,31.7,6,4,317.9,2,True,Low,23.1,True,7,0,6,2024-06-17,4,0,1,0,1,3,1,1
2024-06-17 07:59:51.223823,Chennai,-79.0,639.31,65.13,9.2,2.53,5G NSA,Pixel 7,Vi,n78,21,43.2,53,1,284.64,2,True,Low,74.1,False,7,0,6,2024-06-17,1,1,6,4,1,3,1,0
2024-06-17 08:09:51.223820,San Francisco,-69.5,839.77,130.64,17.1,3.48,4G,iPhone 14,Verizon,n78,75,21.8,11,2,240.29,2,True,Low,36.7,False,8,0,6,2024-06-17,6,0,5,4,1,4,1,0
2024-06-17 08:19:51.223817,San Francisco,-101.9,420.5,120.3,2.1,1.9,4G,Pixel 7,AT&T,n260,14,26.5,21,3,450.28,3,False,Low,54.7,False,8,0,6,2024-06-17,6,0,0,1,1,3,0,0
2024-06-17 08:29:51.223815,Berlin,-79.3,966.89,121.09,10.8,2.26,5G SA,Nord 4,AT&T,n78,79,21.1,17,3,270.88,3,False,Medium,63.3,False,8,0,6,2024-06-17,0,2,0,4,2,2,0,0
2024-06-17 08:39:51.223812,New York,-104.6,339.4,91.89,14.2,4.63,5G NSA,GT 7,Verizon,n41,69,40.2,11,1,410.37,4,False,Medium,16.8,True,8,0,6,2024-06-17,5,1,5,3,2,0,0,1
2024-06-17 08:49:51.223810,New York,-108.5,589.11,124.43,14.1,1.6,5G NSA,Galaxy S23,T-Mobile,n41,29,31.0,47,4,104.57,2,False,High,67.8,True,8,0,6,2024-06-17,5,1,4,3,0,1,0,1
2024-06-17 08:59:51.223807,Mumbai,-92.2,728.65,57.2,19.9,4.84,5G NSA,Pixel 7,Airtel,n78,28,44.9,14,0,76.8,3,True,Low,61.3,False,8,0,6,2024-06-17,4,1,1,4,1,3,1,0
2024-06-17 09:09:51.223805,San Francisco,-88.2,427.37,33.67,9.2,0.44,5G SA,GT 7,Verizon,n260,48,43.1,14,2,102.09,2,True,High,65.5,False,9,0,6,2024-06-17,6,2,5,1,0,0,1,0
2024-06-17 09:19:51.223802,Berlin,-109.9,900.25,60.44,11.0,1.86,5G SA,Nord 4,T-Mobile,n78,91,36.4,8,4,326.27,4,True,High,44.5,True,9,0,6,2024-06-17,0,2,4,4,0,2,1,1
2024-06-17 09:29:51.223799,Delhi,-98.8,419.87,108.72,1.9,0.28,4G,iPhone 14,BSNL,n258,84,36.2,12,4,263.2,5,False,Medium,30.8,False,9,0,6,2024-06-17,2,0,2,0,2,4,0,0
2024-06-17 09:39:51.223797,Delhi,-90.6,410.74,88.6,12.1,1.63,4G,GT 7,BSNL,n28,83,36.9,34,1,65.63,5,True,Medium,46.5,False,9,0,6,2024-06-17,2,0,2,2,2,0,1,0
2024-06-17 09:49:51.223794,Kolkata,-67.9,764.26,90.04,8.2,3.48,5G NSA,Pixel 7,Jio,n28,46,27.5,34,1,94.58,1,False,Medium,46.9,True,9,0,6,2024-06-17,3,1,3,2,2,3,0,1
2024-06-17 09:59:51.223792,Delhi,-99.8,512.86,90.34,1.5,2.05,4G,iPhone 14,Airtel,n28,47,41.0,55,2,371.53,5,False,Medium,87.5,True,9,0,6,2024-06-17,2,0,1,2,2,4,0,1
2024-06-17 10:09:51.223789,Delhi,-85.6,328.3,38.87,1.7,4.04,5G SA,Pixel 7,Airtel,n28,56,35.2,9,4,169.48,2,False,Medium,19.4,True,10,0,6,2024-06-17,2,2,1,2,2,3,0,1
2024-06-17 10:19:51.223786,Berlin,-77.4,842.18,79.51,13.4,4.02,5G SA,Galaxy S23,Verizon,n78,16,37.0,41,2,201.11,3,True,High,50.8,False,10,0,6,2024-06-17,0,2,5,4,0,1,1,0
2024-06-17 10:29:51.223784,New York,-99.5,280.56,32.24,7.8,1.74,5G NSA,Nord 4,AT&T,n78,72,29.5,17,2,412.39,1,False,Low,25.4,True,10,0,6,2024-06-17,5,1,0,4,1,2,0,1
2024-06-17 10:39:51.223781,Kolkata,-61.8,439.73,130.53,10.9,4.14,4G,Galaxy S23,BSNL,n28,13,41.1,47,4,164.76,1,False,Medium,38.9,True,10,0,6,2024-06-17,3,0,2,2,2,1,0,1
2024-06-17 10:49:51.223779,New York,-66.9,538.17,68.29,13.5,3.15,5G NSA,Pixel 7,T-Mobile,n260,86,34.0,49,4,289.17,5,False,Low,67.6,False,10,0,6,2024-06-17,5,1,4,1,1,3,0,0
2024-06-17 10:59:51.223776,Delhi,-64.8,806.77,27.74,10.7,3.57,5G NSA,Galaxy S23,Jio,n78,36,22.7,19,4,31.78,2,True,Low,81.8,True,10,0,6,2024-06-17,2,1,3,4,1,1,1,1
2024-06-17 11:09:51.223773,Berlin,-94.3,203.9,45.41,14.5,4.55,5G NSA,GT 7,AT&T,n78,13,33.8,4,0,83.49,4,False,Low,41.7,False,11,0,6,2024-06-17,0,1,0,4,1,0,0,0
2024-06-17 11:19:51.223771,Mumbai,-100.3,700.06,62.39,18.6,3.83,5G NSA,iPhone 14,Airtel,n28,72,35.4,33,4,248.45,3,False,High,65.2,True,11,0,6,2024-06-17,4,1,1,2,0,4,0,1
2024-06-17 11:29:51.223768,Mumbai,-68.6,558.56,67.2,2.8,3.15,5G SA,Galaxy S23,Airtel,n258,50,22.2,36,1,170.17,3,True,High,99.3,False,11,0,6,2024-06-17,4,2,1,0,0,1,1,0
2024-06-17 11:39:51.223766,Mumbai,-89.0,784.88,77.92,11.6,1.71,4G,iPhone 14,BSNL,n78,55,26.1,23,2,478.88,4,False,High,31.0,True,11,0,6,2024-06-17,4,0,2,4,0,4,0,1
2024-06-17 11:49:51.223763,Mumbai,-95.4,594.58,103.85,2.7,0.55,5G NSA,GT 7,BSNL,n258,31,26.6,9,3,363.45,3,True,Medium,90.4,True,11,0,6,2024-06-17,4,1,2,0,2,0,1,1
2024-06-17 11:59:51.223760,Delhi,-90.6,312.17,70.79,17.3,4.1,4G,Galaxy S23,Jio,n78,97,42.4,4,4,389.31,3,False,Medium,66.7,False,11,0,6,2024-06-17,2,0,3,4,2,1,0,0
2024-06-17 12:09:51.223758,Kolkata,-62.5,929.04,127.54,13.2,3.65,5G NSA,GT 7,BSNL,n78,95,36.2,39,4,106.51,5,False,Medium,75.5,True,12,0,6,2024-06-17,3,1,2,4,2,0,0,1
2024-06-17 12:19:51.223755,Delhi,-69.9,247.84,42.92,4.0,0.9,4G,Galaxy S23,Vi,n258,68,24.2,58,3,92.99,4,True,Low,26.6,True,12,0,6,2024-06-17,2,0,6,0,1,1,1,1
2024-06-17 12:29:51.223753,Chennai,-96.6,298.22,130.88,9.0,3.06,4G,Pixel 7,BSNL,n78,16,35.8,42,4,222.77,4,True,High,15.7,False,12,0,6,2024-06-17,1,0,2,4,0,3,1,0
2024-06-17 12:39:51.223750,Kolkata,-76.0,145.27,140.03,18.8,3.2,5G NSA,Galaxy S23,Vi,n78,93,26.0,39,3,228.46,3,True,Medium,37.0,True,12,0,6,2024-06-17,3,1,6,4,2,1,1,1
2024-06-17 12:49:51.223747,Berlin,-93.2,534.07,61.89,13.1,4.51,4G,Pixel 7,AT&T,n78,50,24.6,6,1,112.95,2,False,Medium,91.9,False,12,0,6,2024-06-17,0,0,0,4,2,3,0,0
2024-06-17 12:59:51.223745,Mumbai,-82.7,445.83,118.48,7.0,3.11,5G NSA,Pixel 7,Airtel,n28,94,37.8,27,3,421.05,1,False,Low,19.1,False,12,0,6,2024-06-17,4,1,1,2,1,3,0,0
2024-06-17 13:09:51.223742,Mumbai,-87.2,848.35,60.86,5.8,3.74,4G,GT 7,Jio,n28,40,36.8,41,3,22.5,5,False,High,60.9,False,13,0,6,2024-06-17,4,0,3,2,0,0,0,0
2024-06-17 13:19:51.223740,San Francisco,-79.0,700.73,89.95,6.2,1.13,5G NSA,GT 7,T-Mobile,n260,73,39.8,24,3,155.43,3,True,Medium,76.4,True,13,0,6,2024-06-17,6,1,4,1,2,0,1,1
2024-06-17 13:29:51.223737,Tokyo,-99.6,751.58,116.23,15.6,1.68,4G,GT 7,Verizon,n78,61,40.6,10,0,493.62,3,True,Low,78.1,True,13,0,6,2024-06-17,7,0,5,4,1,0,1,1
2024-06-17 13:39:51.223734,Tokyo,-78.3,922.34,135.31,7.0,3.37,5G NSA,iPhone 14,Verizon,n78,53,29.9,14,3,21.69,5,True,High,50.4,False,13,0,6,2024-06-17,7,1,5,4,0,4,1,0
2024-06-17 13:49:51.223732,New York,-98.6,671.24,94.82,12.1,0.74,5G SA,GT 7,T-Mobile,n260,80,27.6,4,1,464.06,1,False,Low,85.9,False,13,0,6,2024-06-17,5,2,4,1,1,0,0,0
2024-06-17 13:59:51.223729,Kolkata,-76.0,477.32,127.84,19.7,3.14,5G NSA,iPhone 14,Vi,n28,12,37.2,15,2,313.53,2,False,Low,82.0,False,13,0,6,2024-06-17,3,1,6,2,1,4,0,0
2024-06-17 14:09:51.223727,Berlin,-69.5,917.02,46.45,10.1,1.83,5G NSA,Nord 4,T-Mobile,n78,38,41.8,6,3,327.68,5,True,Low,52.9,False,14,0,6,2024-06-17,0,1,4,4,1,2,1,0
2024-06-17 14:19:51.223724,Kolkata,-91.3,633.72,77.42,16.8,1.44,4G,iPhone 14,BSNL,n258,35,30.9,34,3,226.53,1,False,Medium,44.8,True,14,0,6,2024-06-17,3,0,2,0,2,4,0,1
2024-06-17 14:29:51.223722,Berlin,-66.7,256.42,84.23,4.4,2.02,4G,Pixel 7,T-Mobile,n78,93,21.5,49,0,385.0,2,False,Medium,94.2,True,14,0,6,2024-06-17,0,0,4,4,2,3,0,1
2024-06-17 14:39:51.223719,Chennai,-71.5,806.26,57.41,14.6,3.34,4G,iPhone 14,Airtel,n258,45,38.3,29,2,19.35,1,True,Low,95.4,False,14,0,6,2024-06-17,1,0,1,0,1,4,1,0
2024-06-17 14:49:51.223716,Mumbai,-103.7,459.08,38.62,8.8,4.06,4G,Pixel 7,Jio,n28,66,23.1,25,0,271.59,3,False,High,17.8,True,14,0,6,2024-06-17,4,0,3,2,0,3,0,1
2024-06-17 14:59:51.223714,Chennai,-82.5,565.81,38.71,13.0,4.47,5G NSA,Galaxy S23,Jio,n78,12,25.1,11,2,431.31,2,False,Low,85.4,True,14,0,6,2024-06-17,1,1,3,4,1,1,0,1
2024-06-17 15:09:51.223711,Berlin,-67.0,818.37,56.64,5.1,4.75,5G NSA,GT 7,Verizon,n78,76,35.1,29,4,207.59,3,True,Medium,15.8,True,15,0,6,2024-06-17,0,1,5,4,2,0,1,1
2024-06-17 15:19:51.223709,New York,-81.7,609.85,85.63,16.6,1.24,4G,GT 7,T-Mobile,n260,27,35.1,21,3,266.52,3,False,Medium,47.9,False,15,0,6,2024-06-17,5,0,4,1,2,0,0,0
2024-06-17 15:29:51.223706,San Francisco,-61.8,315.09,115.42,1.6,1.11,5G NSA,Galaxy S23,T-Mobile,n41,22,43.6,33,4,352.57,1,False,Medium,71.7,True,15,0,6,2024-06-17,6,1,4,3,2,1,0,1
2024-06-17 15:39:51.223703,Delhi,-105.7,655.65,138.06,10.9,0.16,5G NSA,GT 7,Airtel,n78,62,39.9,15,0,343.33,5,False,High,12.5,False,15,0,6,2024-06-17,2,1,1,4,0,0,0,0
2024-06-17 15:49:51.223697,Delhi,-79.3,161.21,104.7,11.5,2.86,5G NSA,Pixel 7,Vi,n258,19,37.6,33,3,409.16,5,True,Low,88.3,True,15,0,6,2024-06-17,2,1,6,0,1,3,1,1
2024-06-17 15:59:51.223694,Delhi,-98.3,667.71,73.97,18.0,2.57,5G SA,GT 7,BSNL,n28,37,37.7,57,2,389.42,1,True,High,53.5,True,15,0,6,2024-06-17,2,2,2,2,0,0,1,1
2024-06-17 16:09:51.223692,Chennai,-97.5,803.49,23.31,9.2,1.5,5G NSA,Pixel 7,Jio,n258,68,40.9,37,0,149.7,1,True,Low,49.4,True,16,0,6,2024-06-17,1,1,3,0,1,3,1,1
2024-06-17 16:19:51.223689,Delhi,-81.9,857.99,46.1,2.2,0.36,5G SA,Pixel 7,Vi,n78,21,34.0,16,4,407.32,2,True,High,96.4,False,16,0,6,2024-06-17,2,2,6,4,0,3,1,0
2024-06-17 16:29:51.223686,Berlin,-80.8,731.17,65.57,18.8,0.13,4G,Galaxy S23,Verizon,n260,77,25.4,4,1,242.91,5,True,Medium,23.4,True,16,0,6,2024-06-17,0,0,5,1,2,1,1,1
2024-06-17 16:39:51.223684,Chennai,-63.9,528.31,40.7,7.7,1.69,5G NSA,iPhone 14,Airtel,n78,12,33.2,1,1,263.06,4,True,High,68.8,False,16,0,6,2024-06-17,1,1,1,4,0,4,1,0
2024-06-17 16:49:51.223681,Delhi,-108.1,916.04,113.79,4.8,2.81,5G NSA,Galaxy S23,Airtel,n258,69,42.2,44,1,299.45,3,False,Low,90.1,False,16,0,6,2024-06-17,2,1,1,0,1,1,0,0
2024-06-17 16:59:51.223678,Tokyo,-71.4,511.05,34.5,18.5,3.7,5G NSA,GT 7,T-Mobile,n41,79,44.0,13,4,197.33,1,True,High,70.8,False,16,0,6,2024-06-17,7,1,4,3,0,0,1,0
2024-06-17 17:09:51.223676,Kolkata,-90.4,850.56,108.63,19.6,4.01,5G NSA,GT 7,BSNL,n258,31,24.0,53,3,228.91,1,False,High,60.4,False,17,0,6,2024-06-17,3,1,2,0,0,0,0,0
2024-06-17 17:19:51.223673,Berlin,-60.5,802.09,120.22,3.0,0.12,4G,Nord 4,T-Mobile,n41,65,28.4,53,4,111.71,5,True,Low,14.9,True,17,0,6,2024-06-17,0,0,4,3,1,2,1,1
2024-06-17 17:29:51.223671,Chennai,-98.2,989.17,28.12,15.8,3.69,4G,GT 7,Vi,n78,72,40.7,12,0,376.42,1,False,High,53.7,False,17,0,6,2024-06-17,1,0,6,4,0,0,0,0
2024-06-17 17:39:51.223668,Chennai,-97.8,156.47,108.59,7.9,4.87,4G,Nord 4,BSNL,n28,99,32.5,56,3,251.25,2,True,High,14.9,True,17,0,6,2024-06-17,1,0,2,2,0,2,1,1
2024-06-17 17:49:51.223665,Chennai,-87.1,834.13,48.23,2.1,1.33,5G NSA,iPhone 14,Vi,n78,10,32.0,32,4,370.28,4,True,Medium,62.5,True,17,0,6,2024-06-17,1,1,6,4,2,4,1,1
2024-06-17 17:59:51.223663,Tokyo,-64.4,708.15,24.1,16.6,4.07,5G SA,GT 7,T-Mobile,n78,13,39.8,51,3,426.91,1,True,High,91.6,True,17,0,6,2024-06-17,7,2,4,4,0,0,1,1
2024-06-17 18:09:51.223660,Kolkata,-71.4,925.26,118.52,19.0,4.41,5G SA,iPhone 14,BSNL,n258,17,20.0,17,2,230.04,4,False,Low,97.2,False,18,0,6,2024-06-17,3,2,2,0,1,4,0,0
2024-06-17 18:19:51.223658,Mumbai,-85.0,554.08,76.46,17.1,1.82,4G,GT 7,Vi,n28,48,44.5,6,4,201.48,1,True,Low,33.8,False,18,0,6,2024-06-17,4,0,6,2,1,0,1,0
2024-06-17 18:29:51.223655,Kolkata,-108.3,951.07,121.3,15.5,1.22,5G SA,Nord 4,Vi,n28,85,20.1,9,1,418.19,1,False,Medium,95.8,True,18,0,6,2024-06-17,3,2,6,2,2,2,0,1
2024-06-17 18:39:51.223652,Mumbai,-81.3,575.53,142.26,6.8,3.98,4G,GT 7,Jio,n258,37,34.9,50,1,405.47,3,True,Low,23.7,False,18,0,6,2024-06-17,4,0,3,0,1,0,1,0
2024-06-17 18:49:51.223650,San Francisco,-83.0,803.24,127.61,3.4,4.95,5G SA,Galaxy S23,Verizon,n41,58,22.0,10,3,464.78,3,False,Medium,58.6,False,18,0,6,2024-06-17,6,2,5,3,2,1,0,0
2024-06-17 18:59:51.223647,Berlin,-67.8,644.8,91.15,9.4,2.08,5G SA,iPhone 14,T-Mobile,n78,18,39.5,50,2,446.03,1,False,High,85.2,False,18,0,6,2024-06-17,0,2,4,4,0,4,0,0
2024-06-17 19:09:51.223645,New York,-99.8,727.19,108.58,6.3,3.71,5G SA,iPhone 14,T-Mobile,n260,37,42.1,24,1,266.62,2,False,Medium,70.9,False,19,0,6,2024-06-17,5,2,4,1,2,4,0,0
2024-06-17 19:19:51.223642,Tokyo,-71.5,603.03,68.66,4.8,2.16,4G,Galaxy S23,AT&T,n78,10,39.1,18,1,16.7,3,False,High,94.2,False,19,0,6,2024-06-17,7,0,0,4,0,1,0,0
2024-06-17 19:29:51.223639,Chennai,-98.3,178.45,147.64,17.3,3.36,5G SA,Pixel 7,Vi,n28,24,23.4,19,4,494.42,3,False,High,17.7,False,19,0,6,2024-06-17,1,2,6,2,0,3,0,0
2024-06-17 19:39:51.223637,Berlin,-82.6,576.59,112.13,10.5,0.26,5G SA,Galaxy S23,Verizon,n260,73,20.7,33,0,97.46,1,True,Medium,15.0,True,19,0,6,2024-06-17,0,2,5,1,2,1,1,1
2024-06-17 19:49:51.223634,Delhi,-82.8,306.18,144.69,15.9,3.31,5G NSA,Pixel 7,Vi,n28,57,37.9,4,0,347.87,4,True,Medium,43.8,False,19,0,6,2024-06-17,2,1,6,2,2,3,1,0
2024-06-17 19:59:51.223632,Mumbai,-109.9,121.91,57.75,16.9,0.6,4G,Galaxy S23,Airtel,n28,67,39.7,1,3,324.96,1,True,High,17.2,False,19,0,6,2024-06-17,4,0,1,2,0,1,1,0
2024-06-17 20:09:51.223629,Delhi,-73.9,431.45,142.21,9.8,1.99,5G NSA,Nord 4,Vi,n78,25,22.6,51,0,156.32,1,True,High,22.1,True,20,0,6,2024-06-17,2,1,6,4,0,2,1,1
2024-06-17 20:19:51.223626,Kolkata,-86.5,356.9,140.92,13.4,4.27,5G NSA,iPhone 14,BSNL,n28,15,34.4,54,0,252.31,1,True,High,16.7,True,20,0,6,2024-06-17,3,1,2,2,0,4,1,1
2024-06-17 20:29:51.223624,Mumbai,-63.9,978.05,127.22,16.6,4.17,5G NSA,Pixel 7,Airtel,n78,89,25.7,1,3,278.13,5,True,High,92.7,False,20,0,6,2024-06-17,4,1,1,4,0,3,1,0
2024-06-17 20:39:51.223621,San Francisco,-90.8,128.63,138.8,2.6,0.83,4G,Galaxy S23,Verizon,n78,33,29.0,40,2,269.46,5,False,High,91.7,True,20,0,6,2024-06-17,6,0,5,4,0,1,0,1
2024-06-17 20:49:51.223602,Mumbai,-82.3,128.21,134.95,10.1,3.2,5G NSA,Galaxy S23,Airtel,n78,62,35.9,12,1,390.97,4,True,Medium,92.5,False,20,0,6,2024-06-17,4,1,1,4,2,1,1,0
2024-06-17 20:59:51.223599,Kolkata,-67.5,526.72,89.19,13.1,4.36,5G NSA,Pixel 7,Jio,n258,15,42.6,23,0,442.4,2,True,Low,74.4,False,20,0,6,2024-06-17,3,1,3,0,1,3,1,0
2024-06-17 21:09:51.223596,Mumbai,-90.9,916.82,70.65,15.6,3.61,4G,iPhone 14,BSNL,n258,75,35.9,25,3,416.33,3,True,Low,60.0,True,21,0,6,2024-06-17,4,0,2,0,1,4,1,1
2024-06-17 21:19:51.223594,New York,-62.3,870.39,26.12,10.6,4.89,5G NSA,Pixel 7,T-Mobile,n41,53,22.9,1,4,389.81,3,False,High,18.7,False,21,0,6,2024-06-17,5,1,4,3,0,3,0,0
2024-06-17 21:29:51.223591,Chennai,-84.8,654.04,28.92,6.3,0.43,5G NSA,GT 7,Jio,n78,95,34.7,15,4,305.04,1,True,Low,36.1,True,21,0,6,2024-06-17,1,1,3,4,1,0,1,1
2024-06-17 21:39:51.223589,Mumbai,-87.6,479.15,123.16,10.4,4.22,5G SA,Pixel 7,Vi,n78,20,32.6,6,1,433.92,1,False,Medium,20.8,True,21,0,6,2024-06-17,4,2,6,4,2,3,0,1
2024-06-17 21:49:51.223586,Delhi,-69.5,525.35,47.52,7.2,3.64,5G NSA,GT 7,Jio,n258,50,24.7,8,0,217.58,1,False,High,51.7,False,21,0,6,2024-06-17,2,1,3,0,0,0,0,0
2024-06-17 21:59:51.223583,Chennai,-63.7,668.51,110.3,11.8,2.72,5G SA,Nord 4,BSNL,n78,82,20.9,38,2,444.57,2,True,High,61.3,True,21,0,6,2024-06-17,1,2,2,4,0,2,1,1
2024-06-17 22:09:51.223581,Delhi,-97.4,637.87,134.65,13.7,4.18,5G SA,Galaxy S23,BSNL,n258,98,29.1,58,3,243.3,2,True,Medium,35.6,True,22,0,6,2024-06-17,2,2,2,0,2,1,1,1
2024-06-17 22:19:51.223578,San Francisco,-107.5,275.34,98.68,15.9,3.7,5G NSA,GT 7,Verizon,n78,36,27.6,28,4,260.05,1,False,Medium,90.1,False,22,0,6,2024-06-17,6,1,5,4,2,0,0,0
2024-06-17 22:29:51.223576,San Francisco,-68.7,442.07,69.3,19.6,4.66,5G SA,Pixel 7,Verizon,n41,64,29.5,51,0,63.06,2,True,High,27.0,False,22,0,6,2024-06-17,6,2,5,3,0,3,1,0
2024-06-17 22:39:51.223573,Berlin,-77.7,317.19,147.74,3.2,3.88,5G NSA,GT 7,Verizon,n78,84,37.7,15,4,67.18,4,False,Medium,93.5,True,22,0,6,2024-06-17,0,1,5,4,2,0,0,1
2024-06-17 22:49:51.223570,San Francisco,-81.6,881.3,114.66,9.5,2.83,4G,Galaxy S23,Verizon,n260,84,34.7,26,1,207.9,1,False,Medium,26.1,False,22,0,6,2024-06-17,6,0,5,1,2,1,0,0
2024-06-17 22:59:51.223568,San Francisco,-104.3,716.97,31.62,3.8,3.73,5G SA,iPhone 14,Verizon,n41,72,26.6,39,2,23.06,4,False,High,77.8,True,22,0,6,2024-06-17,6,2,5,3,0,4,0,1
2024-06-17 23:09:51.223565,Berlin,-100.2,737.81,122.38,13.3,1.4,4G,Pixel 7,T-Mobile,n41,70,40.2,42,2,273.17,1,False,High,57.2,True,23,0,6,2024-06-17,0,0,4,3,0,3,0,1
2024-06-17 23:19:51.223563,Tokyo,-65.4,898.04,146.04,1.7,4.1,4G,GT 7,AT&T,n78,80,29.2,51,0,261.44,5,True,Medium,41.3,False,23,0,6,2024-06-17,7,0,0,4,2,0,1,0
2024-06-17 23:29:51.223560,Mumbai,-108.7,354.48,141.62,7.4,1.4,4G,GT 7,Jio,n28,60,32.8,41,2,52.0,2,False,Medium,40.3,False,23,0,6,2024-06-17,4,0,3,2,2,0,0,0
2024-06-17 23:39:51.223557,Delhi,-83.0,506.26,122.33,9.6,2.73,5G NSA,Pixel 7,Jio,n78,25,21.0,17,4,61.46,1,True,Low,61.4,False,23,0,6,2024-06-17,2,1,3,4,1,3,1,0
2024-06-17 23:49:51.223555,Kolkata,-108.1,982.31,40.28,12.8,2.21,4G,iPhone 14,BSNL,n28,75,34.7,31,1,406.25,5,True,High,29.9,True,23,0,6,2024-06-17,3,0,2,2,0,4,1,1
2024-06-17 23:59:51.223552,Chennai,-63.1,258.56,135.65,10.1,2.33,5G SA,Galaxy S23,Vi,n78,24,30.6,15,4,423.49,1,False,Low,60.6,False,23,0,6,2024-06-17,1,2,6,4,1,1,0,0
2024-06-18 00:09:51.223550,San Francisco,-103.4,977.57,92.2,12.8,2.32,5G SA,GT 7,T-Mobile,n41,18,36.3,16,0,154.54,5,False,High,89.7,True,0,1,6,2024-06-18,6,2,4,3,0,0,0,1
2024-06-18 00:19:51.223547,Mumbai,-97.4,210.32,96.94,17.0,1.73,5G SA,iPhone 14,Jio,n258,98,40.1,37,0,113.15,1,True,High,67.2,True,0,1,6,2024-06-18,4,2,3,0,0,4,1,1
2024-06-18 00:29:51.223544,Kolkata,-91.3,187.01,61.47,5.5,4.89,5G NSA,GT 7,Vi,n258,74,24.9,29,4,261.27,5,True,Medium,57.4,True,0,1,6,2024-06-18,3,1,6,0,2,0,1,1
2024-06-18 00:39:51.223542,New York,-74.7,857.05,95.71,10.9,0.55,5G NSA,Nord 4,Verizon,n41,39,36.4,49,4,414.2,2,False,Medium,49.9,False,0,1,6,2024-06-18,5,1,5,3,2,2,0,0
2024-06-18 00:49:51.223539,New York,-87.5,359.26,87.95,7.5,1.58,4G,GT 7,Verizon,n260,23,40.9,9,1,98.07,1,True,Medium,63.9,False,0,1,6,2024-06-18,5,0,5,1,2,0,1,0
2024-06-18 00:59:51.223537,Chennai,-104.4,780.06,99.01,9.4,3.86,5G NSA,iPhone 14,Airtel,n28,67,33.8,34,3,260.09,4,False,Medium,62.2,True,0,1,6,2024-06-18,1,1,1,2,2,4,0,1
2024-06-18 01:09:51.223534,New York,-99.7,764.7,56.9,2.6,1.5,5G NSA,GT 7,T-Mobile,n260,97,20.4,28,0,340.72,5,False,High,34.2,False,1,1,6,2024-06-18,5,1,4,1,0,0,0,0
2024-06-18 01:19:51.223531,Berlin,-77.9,759.1,142.25,8.9,1.75,5G SA,GT 7,T-Mobile,n260,53,34.4,7,4,45.56,2,True,High,48.9,False,1,1,6,2024-06-18,0,2,4,1,0,0,1,0
2024-06-18 01:29:51.223529,Delhi,-82.8,698.27,118.8,13.2,0.71,5G SA,iPhone 14,Jio,n78,11,41.8,7,0,249.85,4,True,Medium,87.2,True,1,1,6,2024-06-18,2,2,3,4,2,4,1,1
2024-06-18 01:39:51.223526,Chennai,-71.1,832.04,119.62,10.0,1.58,5G NSA,Pixel 7,Airtel,n78,73,37.1,59,4,401.55,4,True,High,69.4,True,1,1,6,2024-06-18,1,1,1,4,0,3,1,1
2024-06-18 01:49:51.223524,Kolkata,-60.7,569.04,41.26,11.9,4.0,5G SA,iPhone 14,Airtel,n78,48,43.8,54,1,136.32,4,True,High,69.5,False,1,1,6,2024-06-18,3,2,1,4,0,4,1,0
2024-06-18 01:59:51.223521,Delhi,-77.4,814.14,51.27,7.0,0.83,5G NSA,iPhone 14,BSNL,n28,65,37.7,13,4,228.91,5,False,Medium,96.5,False,1,1,6,2024-06-18,2,1,2,2,2,4,0,0
2024-06-18 02:09:51.223518,Chennai,-67.6,734.84,37.95,9.2,4.62,4G,iPhone 14,Vi,n258,28,36.1,33,4,284.17,1,False,Medium,61.8,False,2,1,6,2024-06-18,1,0,6,0,2,4,0,0
2024-06-18 02:19:51.223516,Chennai,-88.9,698.09,101.87,2.8,0.33,5G SA,GT 7,Jio,n28,57,29.9,49,0,96.62,4,False,High,99.3,False,2,1,6,2024-06-18,1,2,3,2,0,0,0,0
2024-06-18 02:29:51.223513,Mumbai,-63.6,931.95,112.0,15.2,0.3,5G NSA,GT 7,Jio,n78,12,35.3,23,2,51.77,1,False,High,80.1,True,2,1,6,2024-06-18,4,1,3,4,0,0,0,1
2024-06-18 02:39:51.223511,Kolkata,-97.5,458.19,138.81,18.0,3.43,4G,GT 7,Vi,n78,38,24.5,25,0,291.24,2,True,Low,38.3,True,2,1,6,2024-06-18,3,0,6,4,1,0,1,1
2024-06-18 02:49:51.223508,Tokyo,-75.0,259.74,82.51,15.4,1.91,5G NSA,Nord 4,Verizon,n260,15,23.6,34,4,291.87,4,False,High,23.1,False,2,1,6,2024-06-18,7,1,5,1,0,2,0,0
2024-06-18 02:59:51.223505,Delhi,-88.4,185.4,50.06,15.9,2.33,4G,Pixel 7,Jio,n78,72,27.5,29,4,220.17,3,False,High,41.1,False,2,1,6,2024-06-18,2,0,3,4,0,3,0,0
2024-06-18 03:09:51.223503,New York,-98.6,174.53,103.32,13.1,0.97,5G SA,Nord 4,AT&T,n78,23,22.7,36,1,202.61,4,False,Low,33.2,False,3,1,6,2024-06-18,5,2,0,4,1,2,0,0
2024-06-18 03:19:51.223500,Delhi,-107.7,705.57,87.06,14.9,3.84,5G NSA,GT 7,Jio,n28,31,40.2,36,1,334.79,5,True,Low,29.6,False,3,1,6,2024-06-18,2,1,3,2,1,0,1,0
2024-06-18 03:29:51.223498,Berlin,-94.3,538.51,32.23,9.2,0.69,4G,GT 7,T-Mobile,n41,45,23.0,28,4,428.83,2,False,Low,11.9,True,3,1,6,2024-06-18,0,0,4,3,1,0,0,1
2024-06-18 03:39:51.223495,San Francisco,-95.3,613.95,98.45,16.3,4.38,5G SA,Nord 4,AT&T,n260,75,29.3,35,4,19.09,4,True,Low,29.0,True,3,1,6,2024-06-18,6,2,0,1,1,2,1,1
2024-06-18 03:49:51.223492,Mumbai,-96.3,909.03,97.79,13.7,4.89,5G SA,Pixel 7,Airtel,n78,74,20.2,42,1,454.54,5,False,Low,96.8,True,3,1,6,2024-06-18,4,2,1,4,1,3,0,1
2024-06-18 03:59:51.223490,Berlin,-102.7,171.98,107.11,5.5,0.85,4G,iPhone 14,T-Mobile,n260,17,40.7,38,0,270.04,3,False,High,76.7,False,3,1,6,2024-06-18,0,0,4,1,0,4,0,0
2024-06-18 04:09:51.223487,Berlin,-66.6,211.05,65.1,4.8,4.65,5G NSA,Galaxy S23,T-Mobile,n260,96,33.0,52,1,29.08,5,True,Medium,59.1,False,4,1,6,2024-06-18,0,1,4,1,2,1,1,0
2024-06-18 04:19:51.223484,New York,-67.4,859.86,39.32,9.7,4.9,5G NSA,Pixel 7,T-Mobile,n41,69,39.0,29,0,344.52,4,True,Low,26.8,True,4,1,6,2024-06-18,5,1,4,3,1,3,1,1
2024-06-18 04:29:51.223482,Delhi,-76.6,147.08,40.26,18.9,2.88,5G NSA,GT 7,Vi,n258,36,33.5,3,1,341.21,1,True,High,56.8,False,4,1,6,2024-06-18,2,1,6,0,0,0,1,0
2024-06-18 04:39:51.223479,Delhi,-100.8,324.32,50.8,12.6,0.5,5G NSA,GT 7,Vi,n78,87,28.8,28,2,129.31,4,True,High,83.3,True,4,1,6,2024-06-18,2,1,6,4,0,0,1,1
2024-06-18 04:49:51.223477,Delhi,-90.9,757.03,45.63,16.9,1.0,5G SA,Pixel 7,Airtel,n258,86,30.9,31,1,70.68,5,True,Medium,76.7,False,4,1,6,2024-06-18,2,2,1,0,2,3,1,0
2024-06-18 04:59:51.223474,New York,-94.1,158.98,102.34,13.6,4.25,4G,Nord 4,Verizon,n41,45,43.8,51,0,466.96,2,False,High,50.8,False,4,1,6,2024-06-18,5,0,5,3,0,2,0,0
2024-06-18 05:09:51.223472,Kolkata,-98.8,690.36,44.66,1.5,3.91,4G,Galaxy S23,Airtel,n28,84,29.7,54,0,186.57,5,False,Medium,86.3,True,5,1,6,2024-06-18,3,0,1,2,2,1,0,1
2024-06-18 05:19:51.223469,Tokyo,-62.4,487.92,118.9,9.7,0.45,5G NSA,Galaxy S23,Verizon,n260,74,31.7,9,3,178.52,4,False,High,90.3,False,5,1,6,2024-06-18,7,1,5,1,0,1,0,0
2024-06-18 05:29:51.223466,Mumbai,-63.8,280.49,91.21,16.1,3.88,5G NSA,Galaxy S23,Jio,n78,52,23.9,20,4,277.33,5,True,High,72.5,True,5,1,6,2024-06-18,4,1,3,4,0,1,1,1
2024-06-18 05:39:51.223464,Kolkata,-62.1,233.61,116.17,10.2,4.06,4G,iPhone 14,Airtel,n78,19,28.0,29,1,461.96,1,False,Medium,30.0,False,5,1,6,2024-06-18,3,0,1,4,2,4,0,0
2024-06-18 05:49:51.223462,Kolkata,-84.0,238.54,60.19,18.5,4.28,5G NSA,Nord 4,Airtel,n78,17,33.2,20,0,398.54,5,False,Medium,69.5,True,5,1,6,2024-06-18,3,1,1,4,2,2,0,1
2024-06-18 05:59:51.223459,New York,-73.3,331.03,54.5,5.3,1.13,5G SA,Nord 4,T-Mobile,n260,78,42.6,24,3,411.68,5,True,High,62.8,False,5,1,6,2024-06-18,5,2,4,1,0,2,1,0
2024-06-18 06:09:51.223453,Delhi,-61.8,615.04,135.67,15.1,0.67,5G NSA,Pixel 7,Airtel,n78,40,39.8,29,4,169.01,5,False,Low,44.9,True,6,1,6,2024-06-18,2,1,1,4,1,3,0,1
2024-06-18 06:19:51.223450,Tokyo,-88.4,894.36,88.17,4.5,0.18,5G NSA,Galaxy S23,Verizon,n78,14,30.3,19,1,493.57,2,True,High,99.4,True,6,1,6,2024-06-18,7,1,5,4,0,1,1,1
2024-06-18 06:29:51.223448,Delhi,-105.3,890.82,108.11,8.7,0.67,5G NSA,iPhone 14,BSNL,n78,31,41.7,20,4,133.82,3,False,High,35.5,False,6,1,6,2024-06-18,2,1,2,4,0,4,0,0
2024-06-18 06:39:51.223445,Tokyo,-109.8,165.09,67.36,17.6,4.61,4G,iPhone 14,AT&T,n78,21,36.4,41,0,483.85,1,False,Medium,88.6,True,6,1,6,2024-06-18,7,0,0,4,2,4,0,1
2024-06-18 06:49:51.223442,Tokyo,-86.2,199.53,117.15,8.3,4.21,4G,GT 7,Verizon,n41,47,37.0,48,1,28.12,1,True,Medium,62.6,True,6,1,6,2024-06-18,7,0,5,3,2,0,1,1
2024-06-18 06:59:51.223440,Kolkata,-79.7,559.66,147.9,7.8,3.54,4G,Nord 4,Vi,n258,53,24.5,28,0,492.0,5,False,Medium,17.8,False,6,1,6,2024-06-18,3,0,6,0,2,2,0,0
2024-06-18 07:09:51.223437,Mumbai,-78.8,547.59,102.69,2.7,0.34,5G SA,Pixel 7,Airtel,n78,43,39.7,5,4,494.77,2,True,Medium,62.5,False,7,1,6,2024-06-18,4,2,1,4,2,3,1,0
2024-06-18 07:19:51.223434,Mumbai,-63.2,820.33,23.82,13.6,1.05,5G SA,GT 7,Jio,n78,22,31.8,42,3,437.76,2,False,Low,36.5,True,7,1,6,2024-06-18,4,2,3,4,1,0,0,1
2024-06-18 07:29:51.223432,Mumbai,-93.4,864.99,96.8,7.3,4.29,5G NSA,Nord 4,Airtel,n78,26,22.0,22,3,376.51,4,True,Medium,57.7,False,7,1,6,2024-06-18,4,1,1,4,2,2,1,0
2024-06-18 07:39:51.223429,Delhi,-68.0,937.71,116.7,12.3,0.92,5G SA,Pixel 7,Jio,n78,97,37.6,37,0,466.03,4,False,High,34.6,False,7,1,6,2024-06-18,2,2,3,4,0,3,0,0
2024-06-18 07:49:51.223426,Tokyo,-96.7,799.2,110.0,4.1,1.04,5G NSA,GT 7,AT&T,n41,67,39.4,57,0,340.28,1,True,Low,18.9,True,7,1,6,2024-06-18,7,1,0,3,1,0,1,1
2024-06-18 07:59:51.223424,Chennai,-92.5,638.34,69.5,15.1,0.93,5G NSA,GT 7,Airtel,n258,82,30.0,46,3,497.5,5,True,Medium,96.2,False,7,1,6,2024-06-18,1,1,1,0,2,0,1,0
2024-06-18 08:09:51.223421,Chennai,-76.6,719.67,85.3,16.1,4.26,4G,GT 7,Jio,n78,39,37.3,43,2,393.89,4,True,High,47.1,False,8,1,6,2024-06-18,1,0,3,4,0,0,1,0
2024-06-18 08:19:51.223419,Chennai,-80.9,709.28,27.49,6.2,3.05,4G,Galaxy S23,Airtel,n28,77,24.7,11,3,415.7,2,False,Medium,43.9,True,8,1,6,2024-06-18,1,0,1,2,2,1,0,1
2024-06-18 08:29:51.223416,Tokyo,-61.3,989.79,142.32,15.9,1.9,5G NSA,Nord 4,Verizon,n41,22,23.0,45,0,203.4,3,False,High,32.5,True,8,1,6,2024-06-18,7,1,5,3,0,2,0,1
2024-06-18 08:39:51.223413,Mumbai,-77.4,302.59,35.72,12.3,1.13,4G,Galaxy S23,BSNL,n258,12,33.5,36,2,23.91,4,True,Medium,79.1,False,8,1,6,2024-06-18,4,0,2,0,2,1,1,0
2024-06-18 08:49:51.223411,San Francisco,-90.3,412.56,86.15,5.0,2.78,4G,Galaxy S23,Verizon,n78,11,24.8,16,0,184.5,2,False,Medium,20.9,False,8,1,6,2024-06-18,6,0,5,4,2,1,0,0
2024-06-18 08:59:51.223408,Mumbai,-87.8,469.15,110.53,2.3,1.96,4G,Galaxy S23,Jio,n28,41,33.1,16,4,96.94,2,False,Medium,44.1,True,8,1,6,2024-06-18,4,0,3,2,2,1,0,1
2024-06-18 09:09:51.223406,Mumbai,-99.0,911.98,31.65,8.8,0.78,4G,Galaxy S23,Airtel,n28,82,33.0,48,2,141.33,3,True,High,38.8,True,9,1,6,2024-06-18,4,0,1,2,0,1,1,1
2024-06-18 09:19:51.223403,Chennai,-69.5,781.42,83.99,3.0,0.33,4G,Pixel 7,BSNL,n258,25,22.8,7,3,87.54,4,False,Medium,32.5,True,9,1,6,2024-06-18,1,0,2,0,2,3,0,1
2024-06-18 09:29:51.223400,Delhi,-107.5,209.59,106.99,5.0,2.99,4G,iPhone 14,Vi,n78,36,35.6,7,4,192.94,2,False,Medium,32.2,True,9,1,6,2024-06-18,2,0,6,4,2,4,0,1
2024-06-18 09:39:51.223398,Tokyo,-79.7,870.52,29.3,14.2,4.77,4G,Nord 4,T-Mobile,n78,68,29.6,14,4,479.94,1,True,Medium,97.4,False,9,1,6,2024-06-18,7,0,4,4,2,2,1,0
2024-06-18 09:49:51.223395,New York,-102.2,875.89,106.1,14.4,1.48,5G SA,Galaxy S23,Verizon,n41,51,44.9,17,3,99.43,1,False,Low,80.2,True,9,1,6,2024-06-18,5,2,5,3,1,1,0,1
2024-06-18 09:59:51.223392,Delhi,-73.9,456.26,66.95,10.1,2.96,4G,Pixel 7,Airtel,n78,30,35.0,44,2,437.32,4,False,High,34.7,True,9,1,6,2024-06-18,2,0,1,4,0,3,0,1
2024-06-18 10:09:51.223390,Kolkata,-93.1,409.1,50.16,5.0,2.19,5G NSA,Pixel 7,BSNL,n258,67,43.2,19,3,396.14,4,True,High,13.8,True,10,1,6,2024-06-18,3,1,2,0,0,3,1,1
2024-06-18 10:19:51.223387,Mumbai,-90.1,469.12,32.29,19.8,3.83,5G NSA,GT 7,Airtel,n28,20,25.9,12,2,459.23,2,True,Low,89.3,False,10,1,6,2024-06-18,4,1,1,2,1,0,1,0
2024-06-18 10:29:51.223385,Delhi,-80.2,772.36,116.26,15.0,3.55,4G,GT 7,BSNL,n28,11,21.9,28,3,423.87,2,False,Low,22.1,False,10,1,6,2024-06-18,2,0,2,2,1,0,0,0
2024-06-18 10:39:51.223374,Mumbai,-83.2,107.21,20.99,6.7,4.81,5G NSA,Galaxy S23,Vi,n28,84,35.2,53,0,156.83,2,False,Medium,61.1,False,10,1,6,2024-06-18,4,1,6,2,2,1,0,0
2024-06-18 10:49:51.223371,Delhi,-107.4,819.39,115.56,15.4,2.14,5G SA,Galaxy S23,BSNL,n78,93,29.3,42,0,368.16,1,True,Low,39.7,True,10,1,6,2024-06-18,2,2,2,4,1,1,1,1
2024-06-18 10:59:51.223368,Berlin,-67.0,135.78,82.44,8.4,4.9,5G SA,Galaxy S23,Verizon,n260,67,27.0,2,0,432.03,1,False,Medium,27.1,False,10,1,6,2024-06-18,0,2,5,1,2,1,0,0
2024-06-18 11:09:51.223366,Kolkata,-76.3,948.96,35.48,9.8,3.77,4G,Nord 4,BSNL,n28,95,27.4,8,2,305.86,4,True,Medium,50.4,True,11,1,6,2024-06-18,3,0,2,2,2,2,1,1
2024-06-18 11:19:51.223364,Chennai,-107.7,552.14,86.78,4.7,2.2,4G,Galaxy S23,BSNL,n28,70,38.7,26,3,87.49,1,True,Low,56.7,True,11,1,6,2024-06-18,1,0,2,2,1,1,1,1
2024-06-18 11:29:51.223361,Berlin,-69.3,869.08,38.43,17.3,1.41,5G SA,GT 7,AT&T,n260,89,30.2,25,0,487.96,1,True,Medium,98.1,True,11,1,6,2024-06-18,0,2,0,1,2,0,1,1
2024-06-18 11:39:51.223359,Chennai,-84.4,811.33,21.19,1.7,3.97,5G SA,Pixel 7,Airtel,n258,13,33.0,39,2,424.91,3,False,High,78.2,False,11,1,6,2024-06-18,1,2,1,0,0,3,0,0
2024-06-18 11:49:51.223356,Kolkata,-74.4,380.92,87.23,4.4,4.63,5G NSA,iPhone 14,BSNL,n258,39,25.4,25,2,28.3,5,True,High,97.2,True,11,1,6,2024-06-18,3,1,2,0,0,4,1,1
2024-06-18 11:59:51.223353,New York,-107.7,949.56,115.14,2.1,4.23,5G SA,iPhone 14,T-Mobile,n78,21,21.9,34,3,177.9,1,True,Medium,71.4,True,11,1,6,2024-06-18,5,2,4,4,2,4,1,1
2024-06-18 12:09:51.223351,San Francisco,-70.0,741.31,138.44,18.9,1.47,5G NSA,Nord 4,AT&T,n41,76,28.6,1,4,15.03,5,True,Low,34.9,False,12,1,6,2024-06-18,6,1,0,3,1,2,1,0
2024-06-18 12:19:51.223348,New York,-69.3,389.8,110.65,16.2,3.88,4G,iPhone 14,T-Mobile,n41,65,33.0,10,1,301.53,2,True,High,47.4,False,12,1,6,2024-06-18,5,0,4,3,0,4,1,0
2024-06-18 12:29:51.223345,San Francisco,-63.3,108.21,90.16,14.5,3.11,4G,Galaxy S23,Verizon,n260,54,20.7,39,0,498.34,4,True,Low,14.3,True,12,1,6,2024-06-18,6,0,5,1,1,1,1,1
2024-06-18 12:39:51.223343,Kolkata,-99.6,766.22,67.64,8.0,4.18,4G,Nord 4,BSNL,n78,12,21.5,42,4,472.45,4,False,Low,12.3,True,12,1,6,2024-06-18,3,0,2,4,1,2,0,1
2024-06-18 12:49:51.223340,Mumbai,-66.7,321.85,37.36,9.1,3.61,5G SA,Nord 4,Vi,n258,39,33.3,4,0,336.0,2,True,Medium,57.2,False,12,1,6,2024-06-18,4,2,6,0,2,2,1,0
2024-06-18 12:59:51.223337,Delhi,-67.7,863.7,75.67,11.7,3.92,5G SA,Pixel 7,Vi,n28,94,34.8,5,3,237.76,1,False,High,92.6,True,12,1,6,2024-06-18,2,2,6,2,0,3,0,1
2024-06-18 13:09:51.223335,Berlin,-84.7,966.65,68.34,15.3,0.8,4G,Galaxy S23,T-Mobile,n260,18,21.9,42,2,310.61,2,False,Low,59.9,True,13,1,6,2024-06-18,0,0,4,1,1,1,0,1
2024-06-18 13:19:51.223332,Chennai,-64.3,379.94,70.28,2.2,3.8,4G,Pixel 7,Jio,n28,38,37.8,24,1,328.78,4,True,Low,91.8,False,13,1,6,2024-06-18,1,0,3,2,1,3,1,0
2024-06-18 13:29:51.223322,Berlin,-76.2,434.28,138.37,8.7,1.03,5G SA,iPhone 14,T-Mobile,n41,51,21.5,28,1,310.98,2,True,Medium,76.7,False,13,1,6,2024-06-18,0,2,4,3,2,4,1,0
2024-06-18 13:39:51.223320,Delhi,-87.0,585.92,103.03,17.0,4.66,4G,iPhone 14,BSNL,n78,27,35.7,50,0,42.11,5,False,Medium,73.9,False,13,1,6,2024-06-18,2,0,2,4,2,4,0,0
2024-06-18 13:49:51.223317,Mumbai,-77.3,942.91,61.84,10.6,2.22,4G,Galaxy S23,Jio,n258,74,26.2,1,0,54.84,2,False,High,90.1,True,13,1,6,2024-06-18,4,0,3,0,0,1,0,1
2024-06-18 13:59:51.223210,Delhi,-67.9,631.76,135.45,2.1,2.74,5G NSA,Galaxy S23,Airtel,n28,63,27.6,17,2,134.17,4,True,Low,63.8,True,13,1,6,2024-06-18,2,1,1,2,1,1,1,1
2024-06-18 14:09:51.223208,Berlin,-62.7,630.95,141.71,14.1,0.2,5G SA,iPhone 14,Verizon,n260,77,33.4,1,2,270.48,1,True,Low,44.1,False,14,1,6,2024-06-18,0,2,5,1,1,4,1,0
2024-06-18 14:19:51.223205,Berlin,-87.9,985.37,42.42,4.7,3.98,5G SA,GT 7,AT&T,n41,35,30.2,29,0,369.71,3,False,High,44.3,False,14,1,6,2024-06-18,0,2,0,3,0,0,0,0
2024-06-18 14:29:51.223202,Tokyo,-62.5,725.7,77.89,19.4,2.71,5G SA,iPhone 14,T-Mobile,n78,98,20.1,53,1,427.82,4,True,Low,18.8,True,14,1,6,2024-06-18,7,2,4,4,1,4,1,1
2024-06-18 14:39:51.223200,New York,-73.6,795.86,83.08,14.5,0.87,5G SA,iPhone 14,Verizon,n78,27,44.1,15,1,99.23,1,True,Medium,91.8,True,14,1,6,2024-06-18,5,2,5,4,2,4,1,1
2024-06-18 14:49:51.223197,Chennai,-98.3,318.76,82.67,17.8,4.57,5G SA,GT 7,Airtel,n78,62,31.1,30,4,392.94,5,False,Low,74.8,True,14,1,6,2024-06-18,1,2,1,4,1,0,0,1
2024-06-18 14:59:51.223195,Delhi,-104.0,419.81,103.64,16.8,4.56,5G NSA,Nord 4,BSNL,n258,33,36.7,59,0,188.69,3,False,Medium,38.5,False,14,1,6,2024-06-18,2,1,2,0,2,2,0,0
2024-06-18 15:09:51.223192,New York,-62.6,966.11,103.04,18.0,2.04,5G NSA,Galaxy S23,AT&T,n260,45,40.0,28,0,262.73,1,True,High,23.4,True,15,1,6,2024-06-18,5,1,0,1,0,1,1,1
2024-06-18 15:19:51.223189,Chennai,-84.4,733.93,61.46,9.6,1.46,5G NSA,GT 7,Jio,n258,53,29.3,37,2,475.65,5,True,High,18.1,True,15,1,6,2024-06-18,1,1,3,0,0,0,1,1
2024-06-18 15:29:51.223187,New York,-105.9,144.97,108.93,2.1,0.62,5G NSA,Galaxy S23,T-Mobile,n41,87,22.3,19,2,101.53,5,True,High,82.4,False,15,1,6,2024-06-18,5,1,4,3,0,1,1,0
2024-06-18 15:39:51.223184,Delhi,-63.3,538.8,144.91,2.6,2.67,5G SA,Pixel 7,BSNL,n258,33,33.3,1,1,36.64,4,False,Medium,82.2,True,15,1,6,2024-06-18,2,2,2,0,2,3,0,1
2024-06-18 15:49:51.223181,Delhi,-101.7,306.83,98.63,9.2,1.85,5G SA,GT 7,Vi,n78,35,32.6,52,0,114.09,2,True,Medium,43.3,True,15,1,6,2024-06-18,2,2,6,4,2,0,1,1
2024-06-18 15:59:51.223179,San Francisco,-89.0,356.78,140.87,18.7,4.33,5G SA,Nord 4,T-Mobile,n41,90,43.1,28,0,228.62,1,False,Medium,36.3,True,15,1,6,2024-06-18,6,2,4,3,2,2,0,1
2024-06-18 16:09:51.223176,Delhi,-101.7,614.14,30.8,7.9,2.17,5G SA,Nord 4,BSNL,n28,42,41.7,29,1,426.78,1,False,Medium,37.6,False,16,1,6,2024-06-18,2,2,2,2,2,2,0,0
2024-06-18 16:19:51.223174,Tokyo,-98.2,530.98,54.29,3.2,1.66,5G SA,Pixel 7,T-Mobile,n41,14,22.5,7,0,391.26,3,False,High,55.0,True,16,1,6,2024-06-18,7,2,4,3,0,3,0,1
2024-06-18 16:29:51.223171,Mumbai,-73.6,522.23,42.31,18.2,3.19,5G NSA,GT 7,Jio,n28,28,40.7,21,4,139.23,5,True,Medium,43.3,True,16,1,6,2024-06-18,4,1,3,2,2,0,1,1
2024-06-18 16:39:51.223168,Delhi,-101.6,133.15,99.84,12.3,0.27,5G SA,iPhone 14,Vi,n28,38,20.7,56,4,278.38,4,False,High,33.2,False,16,1,6,2024-06-18,2,2,6,2,0,4,0,0
2024-06-18 16:49:51.223166,New York,-108.4,543.49,146.95,16.6,0.74,5G NSA,Nord 4,AT&T,n41,46,30.7,8,4,245.43,4,False,High,39.0,False,16,1,6,2024-06-18,5,1,0,3,0,2,0,0
2024-06-18 16:59:51.223163,New York,-68.9,424.9,114.73,7.0,4.48,5G NSA,Nord 4,T-Mobile,n41,10,20.6,16,3,403.7,5,False,Medium,38.6,False,16,1,6,2024-06-18,5,1,4,3,2,2,0,0
2024-06-18 17:09:51.223161,San Francisco,-63.4,125.28,98.5,3.3,3.44,5G NSA,Galaxy S23,T-Mobile,n260,21,33.2,24,1,128.36,2,False,High,72.8,False,17,1,6,2024-06-18,6,1,4,1,0,1,0,0
2024-06-18 17:19:51.223158,Delhi,-96.3,989.36,136.35,11.0,3.46,4G,Galaxy S23,Airtel,n28,34,22.5,28,2,113.41,4,False,Low,23.0,True,17,1,6,2024-06-18,2,0,1,2,1,1,0,1
2024-06-18 17:29:51.223155,San Francisco,-62.4,454.9,104.26,3.9,0.51,5G SA,Nord 4,T-Mobile,n78,54,36.7,57,4,455.05,4,True,High,94.0,False,17,1,6,2024-06-18,6,2,4,4,0,2,1,0
2024-06-18 17:39:51.223153,New York,-90.5,527.02,81.07,19.4,3.86,5G NSA,Nord 4,T-Mobile,n41,49,25.5,3,0,186.29,1,False,Low,97.6,True,17,1,6,2024-06-18,5,1,4,3,1,2,0,1
2024-06-18 17:49:51.223150,Berlin,-61.2,310.38,49.46,10.6,1.85,5G NSA,Pixel 7,T-Mobile,n260,32,37.2,42,4,72.35,1,False,Medium,53.2,False,17,1,6,2024-06-18,0,1,4,1,2,3,0,0
2024-06-18 17:59:51.223147,Kolkata,-81.7,347.6,24.14,16.5,4.24,5G SA,Pixel 7,BSNL,n258,61,31.9,7,0,293.61,4,True,Medium,86.6,False,17,1,6,2024-06-18,3,2,2,0,2,3,1,0
2024-06-18 18:09:51.223145,Delhi,-97.4,313.0,64.59,2.3,2.36,5G SA,iPhone 14,Vi,n78,46,32.3,26,1,99.62,3,True,Low,56.3,False,18,1,6,2024-06-18,2,2,6,4,1,4,1,0
2024-06-18 18:19:51.223142,Tokyo,-78.3,991.96,32.77,9.9,3.73,5G NSA,Nord 4,Verizon,n41,32,27.1,59,3,161.37,1,True,Medium,16.0,True,18,1,6,2024-06-18,7,1,5,3,2,2,1,1
2024-06-18 18:29:51.223140,Chennai,-75.7,399.03,145.62,1.1,3.01,5G NSA,Pixel 7,Airtel,n78,86,33.0,29,2,82.28,2,True,Medium,29.1,True,18,1,6,2024-06-18,1,1,1,4,2,3,1,1
2024-06-18 18:39:51.223137,Mumbai,-94.4,370.9,136.56,1.6,3.87,4G,iPhone 14,Vi,n258,15,43.9,16,2,169.81,2,False,Medium,97.7,False,18,1,6,2024-06-18,4,0,6,0,2,4,0,0
2024-06-18 18:49:51.223134,Mumbai,-71.3,532.4,125.46,19.8,4.2,5G NSA,Pixel 7,Jio,n78,37,38.6,53,3,289.23,3,False,Medium,83.2,False,18,1,6,2024-06-18,4,1,3,4,2,3,0,0
2024-06-18 18:59:51.223132,Berlin,-85.7,762.76,69.71,4.6,0.56,4G,Galaxy S23,Verizon,n78,93,25.7,7,3,42.67,5,True,Low,39.5,False,18,1,6,2024-06-18,0,0,5,4,1,1,1,0
2024-06-18 19:09:51.223129,Delhi,-108.2,853.65,99.57,7.3,0.92,4G,Nord 4,Vi,n28,57,32.3,36,4,243.81,1,True,Low,41.7,True,19,1,6,2024-06-18,2,0,6,2,1,2,1,1
2024-06-18 19:19:51.223127,Tokyo,-84.2,254.99,65.95,10.5,1.31,4G,GT 7,Verizon,n41,64,40.6,13,2,489.98,4,False,Low,31.9,False,19,1,6,2024-06-18,7,0,5,3,1,0,0,0
2024-06-18 19:29:51.223124,Chennai,-100.7,469.79,37.53,3.1,1.3,5G SA,Pixel 7,Vi,n78,82,32.6,17,1,157.34,5,True,Medium,12.0,True,19,1,6,2024-06-18,1,2,6,4,2,3,1,1
2024-06-18 19:39:51.223121,San Francisco,-99.1,242.67,149.83,17.9,0.15,5G NSA,GT 7,Verizon,n41,63,27.3,4,4,375.55,5,True,High,90.5,True,19,1,6,2024-06-18,6,1,5,3,0,0,1,1
2024-06-18 19:49:51.223119,San Francisco,-77.2,945.31,96.0,2.9,3.69,4G,Pixel 7,AT&T,n260,30,30.1,35,3,72.05,3,True,Medium,44.1,False,19,1,6,2024-06-18,6,0,0,1,2,3,1,0
2024-06-18 19:59:51.223116,Chennai,-82.6,887.42,95.44,14.5,4.25,5G NSA,Pixel 7,BSNL,n28,53,37.7,5,1,229.33,3,True,Medium,83.9,False,19,1,6,2024-06-18,1,1,2,2,2,3,1,0
2024-06-18 20:09:51.223113,Berlin,-64.5,882.29,69.87,2.8,0.94,5G SA,Galaxy S23,T-Mobile,n41,81,43.6,30,4,429.0,2,True,High,37.0,False,20,1,6,2024-06-18,0,2,4,3,0,1,1,0
2024-06-18 20:19:51.223108,New York,-86.3,473.27,128.97,5.6,1.71,5G SA,GT 7,Verizon,n41,21,21.0,8,0,193.71,2,True,Medium,76.6,True,20,1,6,2024-06-18,5,2,5,3,2,0,1,1
2024-06-18 20:29:51.223106,Delhi,-69.3,625.53,136.42,8.3,4.78,5G SA,GT 7,Airtel,n78,59,33.2,8,4,342.99,5,True,High,49.1,False,20,1,6,2024-06-18,2,2,1,4,0,0,1,0
2024-06-18 20:39:51.223103,Kolkata,-90.0,324.6,23.19,10.0,4.1,5G SA,Nord 4,Vi,n78,24,21.0,37,2,11.88,3,True,Low,16.8,True,20,1,6,2024-06-18,3,2,6,4,1,2,1,1
2024-06-18 20:49:51.223100,Chennai,-95.9,288.63,137.62,16.6,0.61,5G NSA,Nord 4,Airtel,n78,13,32.3,22,3,357.98,2,False,High,61.6,True,20,1,6,2024-06-18,1,1,1,4,0,2,0,1
2024-06-18 20:59:51.223098,New York,-67.1,204.17,46.43,4.9,1.07,5G SA,iPhone 14,T-Mobile,n78,71,24.8,10,0,351.94,3,False,High,60.2,True,20,1,6,2024-06-18,5,2,4,4,0,4,0,1
2024-06-18 21:09:51.223095,San Francisco,-98.3,203.87,30.34,11.4,0.26,5G SA,Nord 4,AT&T,n78,33,38.2,48,1,48.22,1,False,Low,76.3,True,21,1,6,2024-06-18,6,2,0,4,1,2,0,1
2024-06-18 21:19:51.223093,New York,-97.1,934.85,99.86,9.6,3.22,5G SA,Pixel 7,T-Mobile,n78,58,43.2,6,0,151.95,4,True,High,29.0,True,21,1,6,2024-06-18,5,2,4,4,0,3,1,1
2024-06-18 21:29:51.223090,Tokyo,-78.8,950.64,141.16,13.2,0.8,5G SA,GT 7,Verizon,n78,19,26.1,50,3,498.51,4,True,Low,89.7,True,21,1,6,2024-06-18,7,2,5,4,1,0,1,1
2024-06-18 21:39:51.223087,Chennai,-108.3,934.49,55.31,4.6,1.06,4G,Nord 4,Airtel,n28,22,30.6,34,4,275.58,2,True,Low,20.9,True,21,1,6,2024-06-18,1,0,1,2,1,2,1,1
2024-06-18 21:49:51.223085,Mumbai,-80.6,643.67,41.53,8.8,3.1,4G,Nord 4,Vi,n258,55,43.1,24,4,141.7,5,True,High,13.6,False,21,1,6,2024-06-18,4,0,6,0,0,2,1,0
2024-06-18 21:59:51.223082,Chennai,-97.7,115.03,41.71,16.5,1.96,4G,iPhone 14,Airtel,n78,69,36.3,58,4,330.26,2,True,High,26.3,True,21,1,6,2024-06-18,1,0,1,4,0,4,1,1
2024-06-18 22:09:51.223080,Mumbai,-66.1,527.89,114.23,17.5,0.45,4G,Galaxy S23,BSNL,n78,21,24.6,4,4,57.76,4,False,Low,10.8,False,22,1,6,2024-06-18,4,0,2,4,1,1,0,0
2024-06-18 22:19:51.223077,Mumbai,-86.5,541.93,30.06,6.8,0.15,5G SA,Pixel 7,Vi,n258,91,20.2,12,4,184.94,2,True,Low,77.8,True,22,1,6,2024-06-18,4,2,6,0,1,3,1,1
2024-06-18 22:29:51.223074,San Francisco,-78.7,223.06,22.26,3.2,2.92,5G SA,Pixel 7,T-Mobile,n260,26,23.7,25,1,430.67,4,True,Low,40.6,False,22,1,6,2024-06-18,6,2,4,1,1,3,1,0
2024-06-18 22:39:51.223072,San Francisco,-93.6,841.53,110.49,18.0,0.45,5G SA,Galaxy S23,Verizon,n41,76,20.4,24,1,276.59,1,False,Low,57.9,False,22,1,6,2024-06-18,6,2,5,3,1,1,0,0
2024-06-18 22:49:51.223069,New York,-103.1,997.56,89.81,7.4,3.3,4G,Pixel 7,AT&T,n260,62,28.4,20,2,415.33,2,False,Medium,85.5,False,22,1,6,2024-06-18,5,0,0,1,2,3,0,0
2024-06-18 22:59:51.223067,New York,-76.0,796.02,81.53,7.2,2.43,4G,Pixel 7,T-Mobile,n41,71,20.7,46,0,253.74,3,False,Medium,58.8,True,22,1,6,2024-06-18,5,0,4,3,2,3,0,1
2024-06-18 23:09:51.223064,Kolkata,-105.8,835.1,40.69,17.8,4.12,5G SA,Pixel 7,Vi,n258,60,27.7,29,4,177.68,1,False,Low,71.0,False,23,1,6,2024-06-18,3,2,6,0,1,3,0,0
2024-06-18 23:19:51.223061,Tokyo,-89.2,783.68,34.82,14.2,2.18,4G,iPhone 14,AT&T,n41,85,30.8,57,1,45.84,2,False,High,22.6,True,23,1,6,2024-06-18,7,0,0,3,0,4,0,1
2024-06-18 23:29:51.223059,Delhi,-81.3,511.83,64.89,9.5,3.75,5G NSA,Galaxy S23,Airtel,n28,81,21.4,53,0,133.61,4,True,Low,45.8,True,23,1,6,2024-06-18,2,1,1,2,1,1,1,1
2024-06-18 23:39:51.223056,Tokyo,-84.4,810.66,101.35,7.6,3.16,5G NSA,iPhone 14,T-Mobile,n260,58,44.8,22,0,274.71,2,True,Medium,68.1,False,23,1,6,2024-06-18,7,1,4,1,2,4,1,0
2024-06-18 23:49:51.223053,Chennai,-60.9,201.89,130.23,7.0,2.26,5G NSA,GT 7,Jio,n78,73,39.5,41,2,292.02,2,False,Medium,33.8,False,23,1,6,2024-06-18,1,1,3,4,2,0,0,0
2024-06-18 23:59:51.223051,Mumbai,-84.4,974.26,65.38,5.3,0.87,5G SA,Nord 4,Airtel,n28,97,35.4,58,1,325.24,5,True,Medium,23.7,True,23,1,6,2024-06-18,4,2,1,2,2,2,1,1
2024-06-19 00:09:51.223048,Mumbai,-61.6,653.71,109.28,11.7,3.31,5G NSA,GT 7,BSNL,n78,96,23.6,44,3,473.88,4,False,High,44.9,True,0,2,6,2024-06-19,4,1,2,4,0,0,0,1
2024-06-19 00:19:51.223046,Mumbai,-81.9,330.59,53.52,15.4,4.63,5G SA,Galaxy S23,Airtel,n78,79,20.4,23,2,336.75,3,False,Medium,96.2,True,0,2,6,2024-06-19,4,2,1,4,2,1,0,1
2024-06-19 00:29:51.223043,San Francisco,-97.1,521.66,63.05,9.8,3.18,5G SA,iPhone 14,T-Mobile,n78,81,29.7,36,0,352.32,4,True,Low,42.6,False,0,2,6,2024-06-19,6,2,4,4,1,4,1,0
2024-06-19 00:39:51.223040,Delhi,-70.5,721.31,141.95,3.2,2.79,4G,Nord 4,Vi,n78,99,42.1,14,1,281.46,5,True,High,77.4,False,0,2,6,2024-06-19,2,0,6,4,0,2,1,0
2024-06-19 00:49:51.223038,New York,-70.5,294.31,86.36,18.2,3.47,5G SA,GT 7,AT&T,n78,48,42.4,17,4,498.03,4,False,Medium,31.9,False,0,2,6,2024-06-19,5,2,0,4,2,0,0,0
2024-06-19 00:59:51.223035,Delhi,-83.1,602.13,43.38,4.2,3.55,4G,Pixel 7,Jio,n28,58,41.7,40,1,174.11,1,True,High,63.2,False,0,2,6,2024-06-19,2,0,3,2,0,3,1,0
2024-06-19 01:09:51.223033,Delhi,-102.8,367.29,94.57,15.2,0.2,5G SA,Nord 4,BSNL,n258,66,37.3,24,2,445.44,5,True,Medium,72.9,False,1,2,6,2024-06-19,2,2,2,0,2,2,1,0
2024-06-19 01:19:51.223030,Delhi,-94.6,170.69,130.42,1.0,0.6,4G,Pixel 7,Vi,n78,95,40.4,19,4,375.96,2,True,High,83.3,True,1,2,6,2024-06-19,2,0,6,4,0,3,1,1
2024-06-19 01:29:51.223027,Kolkata,-67.3,285.13,129.21,3.9,3.31,5G NSA,iPhone 14,Jio,n258,90,39.2,52,1,463.92,2,True,Low,96.9,True,1,2,6,2024-06-19,3,1,3,0,1,4,1,1
2024-06-19 01:39:51.223025,Kolkata,-70.2,575.03,43.46,3.1,1.16,5G SA,iPhone 14,Airtel,n78,23,38.7,27,0,355.03,5,True,Low,27.3,False,1,2,6,2024-06-19,3,2,1,4,1,4,1,0
2024-06-19 01:49:51.223022,San Francisco,-104.8,492.84,145.85,12.6,1.75,5G SA,Galaxy S23,AT&T,n78,19,39.3,46,2,130.42,2,True,High,74.9,True,1,2,6,2024-06-19,6,2,0,4,0,1,1,1
2024-06-19 01:59:51.223020,Tokyo,-75.4,873.49,93.41,8.2,1.62,4G,iPhone 14,T-Mobile,n41,20,36.1,23,4,125.58,1,True,Medium,72.0,False,1,2,6,2024-06-19,7,0,4,3,2,4,1,0
2024-06-19 02:09:51.223017,Berlin,-70.9,933.79,111.67,17.8,3.07,5G NSA,Galaxy S23,Verizon,n41,14,27.7,33,0,95.75,1,False,Low,24.2,False,2,2,6,2024-06-19,0,1,5,3,1,1,0,0
2024-06-19 02:19:51.223014,Tokyo,-90.6,729.87,84.34,11.2,0.94,4G,GT 7,Verizon,n78,83,36.2,40,4,194.69,2,False,Medium,35.2,False,2,2,6,2024-06-19,7,0,5,4,2,0,0,0
2024-06-19 02:29:51.223012,Berlin,-77.2,691.88,40.05,9.2,1.7,4G,Galaxy S23,Verizon,n78,83,31.0,31,0,390.76,3,True,High,21.3,True,2,2,6,2024-06-19,0,0,5,4,0,1,1,1
2024-06-19 02:39:51.223009,Berlin,-90.1,895.42,20.64,19.0,1.03,4G,Pixel 7,T-Mobile,n260,79,25.0,47,2,26.46,3,True,Low,11.6,False,2,2,6,2024-06-19,0,0,4,1,1,3,1,0
2024-06-19 02:49:51.223007,Chennai,-82.1,170.01,70.4,12.4,2.59,5G NSA,Nord 4,Jio,n78,71,25.7,37,0,342.59,4,False,Medium,64.2,True,2,2,6,2024-06-19,1,1,3,4,2,2,0,1
2024-06-19 02:59:51.223004,Berlin,-88.7,933.62,126.43,8.4,2.58,5G NSA,Pixel 7,AT&T,n41,12,20.9,53,4,460.75,1,False,High,74.3,True,2,2,6,2024-06-19,0,1,0,3,0,3,0,1
2024-06-19 03:09:51.223001,New York,-82.9,359.54,34.17,8.4,0.37,4G,Pixel 7,T-Mobile,n78,43,34.4,43,3,372.0,3,True,High,82.5,True,3,2,6,2024-06-19,5,0,4,4,0,3,1,1
2024-06-19 03:19:51.222999,Delhi,-107.6,562.4,91.08,18.9,3.7,5G NSA,Nord 4,BSNL,n258,24,41.9,24,1,179.69,3,True,Medium,99.6,False,3,2,6,2024-06-19,2,1,2,0,2,2,1,0
2024-06-19 03:29:51.222996,Chennai,-64.5,599.21,63.77,6.6,2.08,5G NSA,Galaxy S23,Jio,n258,84,26.8,47,0,490.7,4,True,Low,16.4,False,3,2,6,2024-06-19,1,1,3,0,1,1,1,0
2024-06-19 03:39:51.222994,Berlin,-73.7,658.19,145.67,12.4,0.15,5G NSA,Galaxy S23,T-Mobile,n78,76,25.0,20,1,20.69,3,True,Medium,57.2,True,3,2,6,2024-06-19,0,1,4,4,2,1,1,1
2024-06-19 03:49:51.222991,Tokyo,-83.7,488.48,84.46,3.7,3.41,4G,Galaxy S23,AT&T,n78,11,28.7,47,3,136.33,4,True,Low,92.6,True,3,2,6,2024-06-19,7,0,0,4,1,1,1,1
2024-06-19 03:59:51.222988,Kolkata,-91.2,553.43,71.66,18.5,2.48,4G,Nord 4,Airtel,n258,69,38.2,29,2,81.71,2,False,High,69.9,False,3,2,6,2024-06-19,3,0,1,0,0,2,0,0
2024-06-19 04:09:51.222986,Delhi,-75.6,619.46,129.37,17.8,4.79,4G,Pixel 7,Vi,n258,29,28.0,47,2,82.32,2,True,Low,58.7,True,4,2,6,2024-06-19,2,0,6,0,1,3,1,1
2024-06-19 04:19:51.222983,Delhi,-64.1,958.24,108.47,14.9,2.65,5G NSA,GT 7,Airtel,n258,71,40.5,25,1,379.68,1,False,High,20.4,True,4,2,6,2024-06-19,2,1,1,0,0,0,0,1
2024-06-19 04:29:51.222981,New York,-60.4,775.42,52.61,1.2,0.29,5G SA,Nord 4,T-Mobile,n260,53,37.5,57,1,175.6,4,False,High,58.4,False,4,2,6,2024-06-19,5,2,4,1,0,2,0,0
2024-06-19 04:39:51.222978,San Francisco,-94.9,418.92,95.28,8.5,3.68,5G SA,GT 7,Verizon,n260,21,29.5,4,3,355.3,4,True,Medium,38.4,False,4,2,6,2024-06-19,6,2,5,1,2,0,1,0
2024-06-19 04:49:51.222975,Chennai,-91.7,738.98,42.43,5.8,1.33,5G SA,GT 7,Vi,n28,52,37.2,50,2,266.89,1,False,Medium,32.8,True,4,2,6,2024-06-19,1,2,6,2,2,0,0,1
2024-06-19 04:59:51.222973,Kolkata,-68.3,746.44,149.02,17.0,3.3,5G NSA,Nord 4,Airtel,n258,36,29.7,45,3,320.81,2,False,High,65.4,True,4,2,6,2024-06-19,3,1,1,0,0,2,0,1
2024-06-19 05:09:51.222970,Berlin,-60.8,561.26,134.4,17.5,1.7,4G,iPhone 14,Verizon,n78,44,20.6,3,4,313.22,3,True,Low,66.0,True,5,2,6,2024-06-19,0,0,5,4,1,4,1,1
2024-06-19 05:19:51.222968,Tokyo,-100.0,256.06,32.31,11.2,2.54,5G NSA,iPhone 14,T-Mobile,n41,41,42.4,36,3,223.7,3,True,Medium,12.7,True,5,2,6,2024-06-19,7,1,4,3,2,4,1,1
2024-06-19 05:29:51.222965,Tokyo,-65.6,459.97,115.16,13.6,1.97,5G NSA,iPhone 14,AT&T,n78,20,39.8,31,4,58.05,3,True,Medium,75.1,False,5,2,6,2024-06-19,7,1,0,4,2,4,1,0
2024-06-19 05:39:51.222962,Chennai,-103.0,415.02,66.37,13.9,2.98,5G NSA,Nord 4,Jio,n78,57,43.7,7,4,114.28,3,True,Medium,59.2,True,5,2,6,2024-06-19,1,1,3,4,2,2,1,1
2024-06-19 05:49:51.222960,Delhi,-64.8,789.83,93.84,13.1,1.34,4G,Pixel 7,BSNL,n28,33,20.5,42,3,462.61,5,True,High,15.8,True,5,2,6,2024-06-19,2,0,2,2,0,3,1,1
2024-06-19 05:59:51.222957,Chennai,-78.0,873.24,102.01,15.9,4.75,5G NSA,GT 7,Airtel,n258,42,40.1,30,0,61.27,3,True,High,47.4,False,5,2,6,2024-06-19,1,1,1,0,0,0,1,0
2024-06-19 06:09:51.222954,Berlin,-69.4,196.91,63.93,1.7,2.12,5G NSA,Pixel 7,T-Mobile,n78,71,31.6,2,0,238.96,5,False,Low,36.2,True,6,2,6,2024-06-19,0,1,4,4,1,3,0,1
2024-06-19 06:19:51.222952,Tokyo,-72.2,781.6,147.91,7.7,4.89,4G,Pixel 7,Verizon,n41,14,24.0,47,2,425.16,1,True,Medium,95.0,True,6,2,6,2024-06-19,7,0,5,3,2,3,1,1
2024-06-19 06:29:51.222949,Kolkata,-105.2,748.36,45.43,12.0,1.66,5G NSA,Pixel 7,Vi,n258,46,24.1,13,1,349.39,3,False,Medium,74.7,True,6,2,6,2024-06-19,3,1,6,0,2,3,0,1
2024-06-19 06:39:51.222946,Berlin,-83.0,299.34,82.12,10.8,0.55,4G,Galaxy S23,AT&T,n260,36,42.5,41,4,246.19,1,True,Low,47.7,False,6,2,6,2024-06-19,0,0,0,1,1,1,1,0
2024-06-19 06:49:51.222944,Kolkata,-81.4,968.38,107.17,11.6,3.54,5G NSA,iPhone 14,Airtel,n258,53,37.6,58,1,485.76,1,True,High,21.7,False,6,2,6,2024-06-19,3,1,1,0,0,4,1,0
2024-06-19 06:59:51.222941,San Francisco,-71.3,941.02,100.59,5.1,4.89,4G,Pixel 7,AT&T,n41,61,28.0,15,2,201.08,1,True,Medium,92.4,False,6,2,6,2024-06-19,6,0,0,3,2,3,1,0
2024-06-19 07:09:51.222939,Berlin,-77.5,679.0,76.31,14.1,0.21,5G NSA,Pixel 7,Verizon,n41,76,40.2,27,0,70.68,4,True,High,85.2,True,7,2,6,2024-06-19,0,1,5,3,0,3,1,1
2024-06-19 07:19:51.222936,Berlin,-102.6,924.12,143.09,11.4,2.45,5G SA,Nord 4,AT&T,n41,92,41.5,37,4,202.83,5,False,Medium,37.8,True,7,2,6,2024-06-19,0,2,0,3,2,2,0,1
2024-06-19 07:29:51.222933,Delhi,-89.5,769.16,147.12,18.1,1.33,5G NSA,GT 7,BSNL,n78,69,35.4,37,3,392.68,1,False,Low,26.2,True,7,2,6,2024-06-19,2,1,2,4,1,0,0,1
2024-06-19 07:39:51.222931,San Francisco,-77.6,413.75,89.8,6.9,2.56,5G NSA,GT 7,T-Mobile,n78,30,35.2,11,1,498.63,5,True,Medium,34.6,False,7,2,6,2024-06-19,6,1,4,4,2,0,1,0
2024-06-19 07:49:51.222928,Berlin,-67.7,181.58,68.04,9.2,3.27,4G,GT 7,Verizon,n41,91,37.5,50,2,138.62,1,True,Medium,63.5,False,7,2,6,2024-06-19,0,0,5,3,2,0,1,0
2024-06-19 07:59:51.222926,Tokyo,-67.2,496.91,53.07,18.9,1.01,4G,Galaxy S23,AT&T,n260,60,38.0,24,3,65.44,1,True,Low,38.0,False,7,2,6,2024-06-19,7,0,0,1,1,1,1,0
2024-06-19 08:09:51.222923,Berlin,-88.0,428.65,84.95,14.5,4.31,5G SA,GT 7,Verizon,n41,34,27.2,16,2,253.86,2,True,Low,27.8,False,8,2,6,2024-06-19,0,2,5,3,1,0,1,0
2024-06-19 08:19:51.222920,Tokyo,-96.4,594.15,105.36,10.7,0.77,5G SA,Galaxy S23,AT&T,n78,48,24.2,27,3,22.51,1,False,Medium,25.2,True,8,2,6,2024-06-19,7,2,0,4,2,1,0,1
2024-06-19 08:29:51.222918,Berlin,-77.8,481.28,93.12,15.2,4.59,5G NSA,GT 7,AT&T,n41,75,38.1,9,1,440.68,5,True,Medium,11.3,True,8,2,6,2024-06-19,0,1,0,3,2,0,1,1
2024-06-19 08:39:51.222915,Mumbai,-82.1,641.78,141.55,9.7,4.09,5G SA,iPhone 14,BSNL,n78,38,37.7,59,2,290.43,2,False,High,16.6,False,8,2,6,2024-06-19,4,2,2,4,0,4,0,0
2024-06-19 08:49:51.222912,Kolkata,-63.8,619.68,49.77,11.4,4.85,5G NSA,GT 7,Airtel,n28,10,43.5,30,0,156.74,3,True,High,43.2,False,8,2,6,2024-06-19,3,1,1,2,0,0,1,0
2024-06-19 08:59:51.222910,San Francisco,-71.1,618.51,46.5,3.1,2.18,4G,Pixel 7,T-Mobile,n260,15,37.8,5,1,405.64,1,True,High,57.4,True,8,2,6,2024-06-19,6,0,4,1,0,3,1,1
2024-06-19 09:09:51.222907,Delhi,-80.7,108.15,132.67,7.5,2.57,5G SA,GT 7,Airtel,n258,30,24.6,52,0,75.19,4,False,Medium,85.6,False,9,2,6,2024-06-19,2,2,1,0,2,0,0,0
2024-06-19 09:19:51.222905,Kolkata,-106.2,192.37,25.84,4.5,3.05,5G NSA,Nord 4,BSNL,n258,28,22.2,10,2,210.71,2,True,High,10.1,True,9,2,6,2024-06-19,3,1,2,0,0,2,1,1
2024-06-19 09:29:51.222902,Chennai,-74.2,692.64,63.17,2.0,4.59,5G SA,Pixel 7,Vi,n28,99,35.5,9,1,68.67,1,True,Low,94.8,True,9,2,6,2024-06-19,1,2,6,2,1,3,1,1
2024-06-19 09:39:51.222899,Berlin,-94.1,257.0,47.41,11.3,2.3,5G SA,Nord 4,AT&T,n260,78,37.6,41,1,267.29,1,False,High,85.0,False,9,2,6,2024-06-19,0,2,0,1,0,2,0,0
2024-06-19 09:49:51.222897,San Francisco,-107.0,766.49,106.07,11.4,0.64,5G NSA,iPhone 14,AT&T,n78,63,42.7,17,2,442.83,1,False,Low,58.1,True,9,2,6,2024-06-19,6,1,0,4,1,4,0,1
2024-06-19 09:59:51.222894,Berlin,-102.2,158.39,102.82,12.6,0.35,5G NSA,Galaxy S23,T-Mobile,n260,56,41.1,34,3,44.08,4,False,Low,35.3,False,9,2,6,2024-06-19,0,1,4,1,1,1,0,0
2024-06-19 10:09:51.222892,Mumbai,-76.7,717.1,33.76,4.8,2.87,5G SA,Pixel 7,Airtel,n258,48,31.1,44,3,139.28,2,False,Medium,47.8,True,10,2,6,2024-06-19,4,2,1,0,2,3,0,1
2024-06-19 10:19:51.222889,Tokyo,-84.3,892.68,42.56,17.7,2.77,4G,Nord 4,Verizon,n41,31,44.3,5,3,12.31,2,False,Low,86.6,True,10,2,6,2024-06-19,7,0,5,3,1,2,0,1
2024-06-19 10:29:51.222884,San Francisco,-67.1,128.63,50.47,18.0,1.45,5G SA,iPhone 14,T-Mobile,n78,95,36.2,17,1,184.84,5,True,High,74.3,True,10,2,6,2024-06-19,6,2,4,4,0,4,1,1
2024-06-19 10:39:51.222881,Mumbai,-83.9,869.24,54.1,8.4,2.04,4G,iPhone 14,BSNL,n28,44,38.1,10,2,202.19,3,True,Medium,49.2,True,10,2,6,2024-06-19,4,0,2,2,2,4,1,1
2024-06-19 10:49:51.222878,Chennai,-72.9,296.59,34.7,6.6,3.62,4G,Pixel 7,Jio,n78,99,32.4,27,0,309.36,3,True,Low,84.2,True,10,2,6,2024-06-19,1,0,3,4,1,3,1,1
2024-06-19 10:59:51.222876,Mumbai,-106.5,205.53,99.83,5.8,3.17,4G,Galaxy S23,Jio,n258,12,40.5,25,4,17.43,2,True,High,11.0,True,10,2,6,2024-06-19,4,0,3,0,0,1,1,1
2024-06-19 11:09:51.222873,Delhi,-92.1,985.94,139.93,13.6,1.09,5G NSA,Nord 4,Vi,n78,45,35.6,55,0,146.61,3,False,Low,65.0,False,11,2,6,2024-06-19,2,1,6,4,1,2,0,0
2024-06-19 11:19:51.222870,Delhi,-101.5,923.56,101.05,16.0,3.67,4G,Pixel 7,Jio,n28,10,37.1,52,3,283.68,2,False,Low,11.7,True,11,2,6,2024-06-19,2,0,3,2,1,3,0,1
2024-06-19 11:29:51.222868,New York,-109.5,858.73,105.72,17.0,0.93,5G SA,iPhone 14,T-Mobile,n78,37,20.9,17,0,485.07,2,False,Low,79.3,True,11,2,6,2024-06-19,5,2,4,4,1,4,0,1
2024-06-19 11:39:51.222831,Chennai,-79.7,715.29,44.84,16.9,4.26,5G NSA,iPhone 14,Vi,n258,39,35.9,29,0,92.6,5,False,Low,15.1,True,11,2,6,2024-06-19,1,1,6,0,1,4,0,1
2024-06-19 11:49:51.222828,San Francisco,-108.9,175.33,81.51,2.4,3.0,5G NSA,GT 7,T-Mobile,n78,62,31.8,41,4,217.9,3,True,Low,92.0,True,11,2,6,2024-06-19,6,1,4,4,1,0,1,1
2024-06-19 11:59:51.222826,San Francisco,-82.8,715.92,93.94,2.3,0.36,4G,Pixel 7,AT&T,n41,50,42.8,7,4,397.86,4,True,High,44.0,False,11,2,6,2024-06-19,6,0,0,3,0,3,1,0
2024-06-19 12:09:51.222823,New York,-91.0,249.82,75.0,16.0,0.1,4G,Nord 4,AT&T,n41,59,20.6,17,0,358.61,4,True,High,15.6,True,12,2,6,2024-06-19,5,0,0,3,0,2,1,1
2024-06-19 12:19:51.222821,Berlin,-85.1,706.9,80.42,14.9,1.8,5G SA,Galaxy S23,AT&T,n260,13,29.5,46,3,56.51,1,False,High,52.3,True,12,2,6,2024-06-19,0,2,0,1,0,1,0,1
2024-06-19 12:29:51.222818,Kolkata,-102.5,354.4,136.73,7.7,3.03,4G,GT 7,Jio,n258,83,31.2,34,3,42.23,1,False,Medium,35.9,False,12,2,6,2024-06-19,3,0,3,0,2,0,0,0
2024-06-19 12:39:51.222816,Chennai,-65.4,139.06,123.26,16.9,0.33,5G SA,GT 7,Vi,n28,90,37.6,36,0,321.27,1,False,Low,85.4,False,12,2,6,2024-06-19,1,2,6,2,1,0,0,0
2024-06-19 12:49:51.222813,San Francisco,-69.1,454.4,64.03,14.9,3.36,4G,iPhone 14,AT&T,n260,38,33.0,47,4,141.68,2,False,Medium,27.6,True,12,2,6,2024-06-19,6,0,0,1,2,4,0,1
2024-06-19 12:59:51.222810,Berlin,-87.3,820.73,127.65,6.9,3.7,5G NSA,Galaxy S23,AT&T,n78,74,25.3,22,3,215.15,5,True,High,64.1,True,12,2,6,2024-06-19,0,1,0,4,0,1,1,1
2024-06-19 13:09:51.222808,Tokyo,-74.6,882.82,115.64,3.8,2.32,5G SA,iPhone 14,T-Mobile,n260,34,43.3,10,4,414.64,3,True,Medium,52.6,True,13,2,6,2024-06-19,7,2,4,1,2,4,1,1
2024-06-19 13:19:51.222805,San Francisco,-76.1,812.07,116.59,1.1,2.96,5G NSA,GT 7,AT&T,n260,28,39.1,5,3,232.03,2,True,Medium,87.0,False,13,2,6,2024-06-19,6,1,0,1,2,0,1,0
2024-06-19 13:29:51.222803,Chennai,-92.7,707.36,80.03,4.0,0.79,5G SA,Pixel 7,BSNL,n258,56,38.0,27,4,439.93,4,False,High,43.5,False,13,2,6,2024-06-19,1,2,2,0,0,3,0,0
2024-06-19 13:39:51.222800,Berlin,-99.3,351.33,35.84,8.4,2.18,5G NSA,Pixel 7,Verizon,n260,74,27.0,48,3,352.42,1,False,High,72.1,True,13,2,6,2024-06-19,0,1,5,1,0,3,0,1
2024-06-19 13:49:51.222797,New York,-74.5,507.17,121.79,13.5,2.74,5G SA,Galaxy S23,T-Mobile,n260,92,22.1,3,1,267.53,1,True,High,58.8,True,13,2,6,2024-06-19,5,2,4,1,0,1,1,1
2024-06-19 13:59:51.222795,Tokyo,-62.7,148.75,62.49,19.7,0.34,5G NSA,Galaxy S23,AT&T,n41,36,27.9,43,1,80.94,3,False,Low,41.9,True,13,2,6,2024-06-19,7,1,0,3,1,1,0,1
2024-06-19 14:09:51.222792,Berlin,-93.9,374.58,36.41,16.6,0.15,5G SA,iPhone 14,AT&T,n260,99,32.3,28,4,87.68,5,False,Medium,22.2,True,14,2,6,2024-06-19,0,2,0,1,2,4,0,1
2024-06-19 14:19:51.222790,Tokyo,-69.5,540.08,109.61,8.1,1.8,5G NSA,GT 7,Verizon,n41,62,31.7,36,4,60.24,2,False,Low,52.9,False,14,2,6,2024-06-19,7,1,5,3,1,0,0,0
2024-06-19 14:29:51.222787,New York,-91.1,522.72,29.89,8.7,2.64,5G NSA,Pixel 7,AT&T,n78,93,34.0,49,3,274.55,1,False,Medium,92.4,False,14,2,6,2024-06-19,5,1,0,4,2,3,0,0
2024-06-19 14:39:51.222784,New York,-105.5,158.08,36.69,1.3,3.22,5G NSA,iPhone 14,T-Mobile,n260,29,29.1,22,2,120.23,4,True,Low,39.1,True,14,2,6,2024-06-19,5,1,4,1,1,4,1,1
2024-06-19 14:49:51.222782,Tokyo,-61.8,726.5,129.87,13.4,0.67,4G,iPhone 14,AT&T,n260,35,34.2,43,3,32.88,4,True,Medium,93.8,False,14,2,6,2024-06-19,7,0,0,1,2,4,1,0
2024-06-19 14:59:51.222779,Delhi,-85.5,975.77,98.07,9.8,4.39,5G SA,Galaxy S23,Jio,n28,69,38.3,48,2,18.29,5,False,Low,55.5,True,14,2,6,2024-06-19,2,2,3,2,1,1,0,1
2024-06-19 15:09:51.222777,San Francisco,-82.4,178.22,145.51,8.3,4.7,5G SA,Galaxy S23,Verizon,n78,43,26.8,6,3,81.65,1,False,Low,12.3,False,15,2,6,2024-06-19,6,2,5,4,1,1,0,0
2024-06-19 15:19:51.222774,Delhi,-92.9,131.02,79.88,14.0,4.41,5G NSA,Pixel 7,Airtel,n258,49,31.3,31,0,34.3,4,False,Low,84.7,False,15,2,6,2024-06-19,2,1,1,0,1,3,0,0
2024-06-19 15:29:51.222771,San Francisco,-72.2,367.73,91.55,11.3,0.59,5G NSA,GT 7,Verizon,n78,77,33.8,30,3,148.39,3,True,Medium,92.5,False,15,2,6,2024-06-19,6,1,5,4,2,0,1,0
2024-06-19 15:39:51.222769,Chennai,-74.1,706.67,63.35,7.5,1.44,5G SA,GT 7,Jio,n258,24,35.6,5,0,157.6,2,False,Low,30.6,False,15,2,6,2024-06-19,1,2,3,0,1,0,0,0
2024-06-19 15:49:51.222766,Tokyo,-88.7,805.13,51.38,9.0,3.01,5G NSA,Pixel 7,AT&T,n41,72,21.3,11,2,217.94,4,False,Medium,65.9,True,15,2,6,2024-06-19,7,1,0,3,2,3,0,1
2024-06-19 15:59:51.222764,Kolkata,-79.3,408.77,108.24,4.9,3.96,5G SA,Pixel 7,BSNL,n78,99,27.0,5,4,206.85,3,False,High,89.3,True,15,2,6,2024-06-19,3,2,2,4,0,3,0,1
2024-06-19 16:09:51.222761,Delhi,-84.2,320.28,94.11,7.6,0.3,5G NSA,iPhone 14,Vi,n28,72,30.1,56,3,350.72,4,False,Low,18.3,False,16,2,6,2024-06-19,2,1,6,2,1,4,0,0
2024-06-19 16:19:51.222759,Kolkata,-83.5,948.83,50.86,10.2,3.82,4G,Pixel 7,Vi,n78,90,43.1,36,2,405.35,1,False,High,64.0,True,16,2,6,2024-06-19,3,0,6,4,0,3,0,1
2024-06-19 16:29:51.222756,Mumbai,-96.2,440.64,127.8,9.0,3.47,5G NSA,Nord 4,BSNL,n28,22,21.9,48,0,290.77,1,True,Medium,100.0,False,16,2,6,2024-06-19,4,1,2,2,2,2,1,0
2024-06-19 16:39:51.222753,Kolkata,-75.5,324.82,135.37,12.1,3.39,5G SA,Nord 4,BSNL,n28,74,35.3,53,4,147.43,4,True,High,97.6,True,16,2,6,2024-06-19,3,2,2,2,0,2,1,1
2024-06-19 16:49:51.222751,New York,-90.0,438.38,88.99,7.1,3.03,5G NSA,Nord 4,T-Mobile,n78,52,42.3,6,2,268.42,2,False,Low,69.9,False,16,2,6,2024-06-19,5,1,4,4,1,2,0,0
2024-06-19 16:59:51.222748,Mumbai,-108.4,322.59,50.3,4.2,4.35,5G NSA,iPhone 14,Airtel,n28,95,23.7,53,4,435.9,3,True,Low,99.2,True,16,2,6,2024-06-19,4,1,1,2,1,4,1,1
2024-06-19 17:09:51.222746,Delhi,-106.4,275.63,61.76,17.1,0.88,5G NSA,GT 7,Jio,n28,51,42.9,39,0,10.15,3,False,Medium,40.3,True,17,2,6,2024-06-19,2,1,3,2,2,0,0,1
2024-06-19 17:19:51.222743,San Francisco,-88.2,351.34,25.49,6.5,4.73,5G NSA,Galaxy S23,AT&T,n41,82,21.4,22,3,109.27,2,True,Low,16.5,True,17,2,6,2024-06-19,6,1,0,3,1,1,1,1
2024-06-19 17:29:51.222740,Tokyo,-101.7,964.22,104.2,12.3,0.58,5G SA,Pixel 7,T-Mobile,n41,87,29.5,5,4,179.6,1,False,Medium,61.4,False,17,2,6,2024-06-19,7,2,4,3,2,3,0,0
2024-06-19 17:39:51.222738,New York,-98.0,921.27,42.45,6.0,0.83,5G NSA,Galaxy S23,AT&T,n78,29,25.5,14,3,57.75,4,True,Low,31.7,False,17,2,6,2024-06-19,5,1,0,4,1,1,1,0
2024-06-19 17:49:51.222735,Delhi,-62.8,780.6,80.46,16.3,3.02,4G,Galaxy S23,Airtel,n78,34,44.2,52,3,173.19,2,True,Low,38.2,True,17,2,6,2024-06-19,2,0,1,4,1,1,1,1
2024-06-19 17:59:51.222732,Tokyo,-107.9,750.03,114.84,2.4,4.22,5G SA,Pixel 7,T-Mobile,n260,77,31.0,56,2,90.2,5,True,High,63.2,False,17,2,6,2024-06-19,7,2,4,1,0,3,1,0
2024-06-19 18:09:51.222730,Chennai,-78.2,226.36,95.25,10.3,2.58,5G NSA,Nord 4,BSNL,n28,76,31.4,39,0,365.56,1,False,Low,88.9,True,18,2,6,2024-06-19,1,1,2,2,1,2,0,1
2024-06-19 18:19:51.222727,San Francisco,-67.8,640.84,77.02,18.9,2.17,5G NSA,Galaxy S23,T-Mobile,n41,77,34.8,42,0,428.03,1,False,High,88.7,False,18,2,6,2024-06-19,6,1,4,3,0,1,0,0
2024-06-19 18:29:51.222725,Mumbai,-83.7,203.22,76.34,17.4,1.06,5G SA,Galaxy S23,Airtel,n28,11,28.7,46,1,435.53,2,True,Medium,30.6,False,18,2,6,2024-06-19,4,2,1,2,2,1,1,0
2024-06-19 18:39:51.222722,Kolkata,-95.1,370.68,61.5,3.7,3.92,4G,iPhone 14,Vi,n258,77,29.4,13,2,466.17,1,False,Medium,22.0,False,18,2,6,2024-06-19,3,0,6,0,2,4,0,0
2024-06-19 18:49:51.222719,Berlin,-75.4,651.26,49.24,16.7,4.73,4G,GT 7,T-Mobile,n41,67,32.1,6,1,360.43,1,False,Low,34.1,False,18,2,6,2024-06-19,0,0,4,3,1,0,0,0
2024-06-19 18:59:51.222717,Delhi,-80.8,827.0,143.89,13.9,0.81,5G NSA,Nord 4,Vi,n258,95,35.0,34,0,354.08,4,True,Medium,29.9,False,18,2,6,2024-06-19,2,1,6,0,2,2,1,0
2024-06-19 19:09:51.222714,San Francisco,-66.3,932.29,95.4,5.4,1.15,4G,GT 7,Verizon,n260,99,43.4,44,0,270.46,5,True,Low,23.4,False,19,2,6,2024-06-19,6,0,5,1,1,0,1,0
2024-06-19 19:19:51.222712,Tokyo,-91.1,738.6,119.19,17.0,4.55,5G NSA,Pixel 7,T-Mobile,n78,60,34.1,58,2,412.31,5,True,Medium,25.0,True,19,2,6,2024-06-19,7,1,4,4,2,3,1,1
2024-06-19 19:29:51.222709,Berlin,-83.5,820.18,116.49,19.4,4.61,4G,Nord 4,T-Mobile,n78,35,24.3,21,4,192.04,5,True,Low,53.6,False,19,2,6,2024-06-19,0,0,4,4,1,2,1,0
2024-06-19 19:39:51.222706,Mumbai,-97.3,587.22,132.02,18.4,4.51,5G NSA,Pixel 7,BSNL,n258,61,37.2,34,1,232.62,1,True,Medium,86.2,False,19,2,6,2024-06-19,4,1,2,0,2,3,1,0
2024-06-19 19:49:51.222704,San Francisco,-78.7,839.86,102.28,17.7,4.94,5G NSA,Galaxy S23,Verizon,n78,13,25.6,10,3,38.54,5,True,Medium,26.7,True,19,2,6,2024-06-19,6,1,5,4,2,1,1,1
2024-06-19 19:59:51.222701,Delhi,-96.6,653.14,89.8,2.9,3.36,5G NSA,Nord 4,Vi,n28,76,38.2,4,1,87.94,2,True,Medium,88.4,True,19,2,6,2024-06-19,2,1,6,2,2,2,1,1
2024-06-19 20:09:51.222699,Mumbai,-63.7,522.49,79.0,14.9,4.7,5G NSA,GT 7,Jio,n258,30,39.7,29,0,319.62,4,False,Low,71.1,True,20,2,6,2024-06-19,4,1,3,0,1,0,0,1
2024-06-19 20:19:51.222696,Kolkata,-103.6,369.63,83.54,10.5,2.2,5G NSA,Pixel 7,Airtel,n258,75,30.3,3,1,389.11,3,True,Medium,74.5,True,20,2,6,2024-06-19,3,1,1,0,2,3,1,1
2024-06-19 20:29:51.222693,New York,-81.1,556.73,40.13,8.0,3.51,4G,iPhone 14,T-Mobile,n78,50,30.2,38,2,204.36,2,False,Medium,48.8,True,20,2,6,2024-06-19,5,0,4,4,2,4,0,1
2024-06-19 20:39:51.222691,Kolkata,-102.1,285.24,74.86,2.6,2.19,4G,Nord 4,Airtel,n258,71,42.9,24,0,275.79,1,False,Low,90.4,False,20,2,6,2024-06-19,3,0,1,0,1,2,0,0
2024-06-19 20:49:51.222688,Kolkata,-82.9,754.36,62.86,1.0,4.69,4G,Pixel 7,Jio,n78,62,23.3,36,3,323.68,2,False,Low,75.1,True,20,2,6,2024-06-19,3,0,3,4,1,3,0,1
2024-06-19 20:59:51.222686,Tokyo,-84.3,104.25,25.92,3.6,3.66,4G,Nord 4,T-Mobile,n78,91,35.3,33,0,42.33,3,True,High,91.0,False,20,2,6,2024-06-19,7,0,4,4,0,2,1,0
2024-06-19 21:09:51.222683,New York,-107.8,322.1,24.59,1.6,2.7,5G SA,Galaxy S23,AT&T,n260,40,25.8,23,1,108.4,2,True,Low,55.8,True,21,2,6,2024-06-19,5,2,0,1,1,1,1,1
2024-06-19 21:19:51.222680,Mumbai,-109.5,722.79,103.7,1.4,3.57,4G,GT 7,BSNL,n28,36,40.4,2,1,69.39,1,True,Low,40.5,True,21,2,6,2024-06-19,4,0,2,2,1,0,1,1
2024-06-19 21:29:51.222678,New York,-86.1,843.95,93.94,9.9,0.45,4G,GT 7,Verizon,n260,46,22.4,15,2,461.82,1,False,High,88.0,True,21,2,6,2024-06-19,5,0,5,1,0,0,0,1
2024-06-19 21:39:51.222675,New York,-60.5,530.09,96.57,16.7,2.41,5G NSA,GT 7,Verizon,n41,49,21.0,4,4,49.41,5,False,Medium,94.9,False,21,2,6,2024-06-19,5,1,5,3,2,0,0,0
2024-06-19 21:49:51.222673,Kolkata,-63.9,499.09,77.22,15.3,2.75,4G,Pixel 7,BSNL,n258,63,40.7,58,1,321.67,2,True,Low,56.1,True,21,2,6,2024-06-19,3,0,2,0,1,3,1,1
2024-06-19 21:59:51.222670,Kolkata,-94.2,669.18,37.21,16.3,0.78,5G NSA,Galaxy S23,Jio,n78,40,41.7,7,4,125.62,3,True,High,36.0,False,21,2,6,2024-06-19,3,1,3,4,0,1,1,0
2024-06-19 22:09:51.222668,Berlin,-80.4,302.77,50.72,4.4,0.91,4G,Pixel 7,T-Mobile,n78,42,38.2,50,2,421.4,5,False,High,15.7,False,22,2,6,2024-06-19,0,0,4,4,0,3,0,0
2024-06-19 22:19:51.222665,Delhi,-98.6,813.97,56.35,11.1,4.89,4G,iPhone 14,Jio,n258,24,27.4,22,3,55.64,2,False,Low,33.2,True,22,2,6,2024-06-19,2,0,3,0,1,4,0,1
2024-06-19 22:29:51.222662,Kolkata,-107.9,369.51,59.34,6.5,1.5,4G,iPhone 14,Jio,n28,88,41.6,36,1,471.93,2,False,Medium,20.4,True,22,2,6,2024-06-19,3,0,3,2,2,4,0,1
2024-06-19 22:39:51.222660,Kolkata,-102.9,447.33,35.58,12.7,4.23,5G NSA,Galaxy S23,BSNL,n258,62,36.9,13,2,295.63,3,False,Medium,52.8,True,22,2,6,2024-06-19,3,1,2,0,2,1,0,1
2024-06-19 22:49:51.222657,Berlin,-108.6,235.76,98.04,15.9,4.09,5G NSA,Galaxy S23,Verizon,n78,72,26.8,23,4,356.72,3,True,Medium,12.6,False,22,2,6,2024-06-19,0,1,5,4,2,1,1,0
2024-06-19 22:59:51.222655,Delhi,-76.8,488.22,94.27,9.0,0.59,5G NSA,Pixel 7,Vi,n78,83,42.7,29,1,99.55,1,False,Medium,60.7,False,22,2,6,2024-06-19,2,1,6,4,2,3,0,0
2024-06-19 23:09:51.222652,Berlin,-79.7,411.22,87.24,4.8,4.77,5G NSA,Nord 4,AT&T,n78,72,31.8,54,2,464.33,2,False,Low,16.4,True,23,2,6,2024-06-19,0,1,0,4,1,2,0,1
2024-06-19 23:19:51.222649,San Francisco,-77.9,848.4,102.75,2.2,4.66,5G SA,Pixel 7,T-Mobile,n41,98,35.4,23,1,325.3,5,True,Low,36.4,True,23,2,6,2024-06-19,6,2,4,3,1,3,1,1
2024-06-19 23:29:51.222647,Chennai,-80.1,385.29,61.41,2.2,3.44,5G SA,Pixel 7,Jio,n258,71,30.7,14,1,26.82,3,True,Medium,94.6,True,23,2,6,2024-06-19,1,2,3,0,2,3,1,1
2024-06-19 23:39:51.222644,Chennai,-104.0,452.47,79.72,18.0,2.79,5G NSA,GT 7,Airtel,n28,67,37.1,53,0,10.29,4,True,Low,18.2,True,23,2,6,2024-06-19,1,1,1,2,1,0,1,1
2024-06-19 23:49:51.222642,New York,-95.1,775.09,33.84,10.6,3.82,5G NSA,Nord 4,T-Mobile,n78,84,30.0,7,2,353.27,1,True,Medium,99.1,False,23,2,6,2024-06-19,5,1,4,4,2,2,1,0
2024-06-19 23:59:51.222639,Berlin,-69.7,544.65,91.56,13.7,3.77,5G SA,Pixel 7,AT&T,n260,87,31.2,51,2,270.73,5,False,High,22.9,True,23,2,6,2024-06-19,0,2,0,1,0,3,0,1
2024-06-20 00:09:51.222636,Mumbai,-89.2,425.98,61.74,7.3,1.45,5G SA,GT 7,BSNL,n258,65,38.2,15,1,203.7,2,True,Medium,61.2,True,0,3,6,2024-06-20,4,2,2,0,2,0,1,1
2024-06-20 00:19:51.222634,Kolkata,-87.8,660.81,69.51,8.4,2.11,5G NSA,Nord 4,BSNL,n78,74,32.1,4,0,316.59,3,False,Low,20.4,True,0,3,6,2024-06-20,3,1,2,4,1,2,0,1
2024-06-20 00:29:51.222628,Tokyo,-102.7,668.23,64.96,5.0,1.88,4G,GT 7,Verizon,n78,87,22.0,43,4,140.56,2,False,Medium,17.4,False,0,3,6,2024-06-20,7,0,5,4,2,0,0,0
2024-06-20 00:39:51.222626,Mumbai,-62.7,378.98,127.82,16.1,4.84,4G,Nord 4,Airtel,n258,96,28.9,24,4,461.52,2,True,Medium,20.2,False,0,3,6,2024-06-20,4,0,1,0,2,2,1,0
2024-06-20 00:49:51.222623,New York,-83.5,253.37,123.15,9.0,1.07,4G,iPhone 14,T-Mobile,n78,94,44.1,54,2,468.93,2,False,Medium,34.7,True,0,3,6,2024-06-20,5,0,4,4,2,4,0,1
2024-06-20 00:59:51.222620,Berlin,-69.5,221.49,149.77,4.5,2.7,4G,Galaxy S23,AT&T,n41,24,34.3,42,0,370.73,2,False,High,84.0,False,0,3,6,2024-06-20,0,0,0,3,0,1,0,0
2024-06-20 01:09:51.222618,Berlin,-102.4,359.27,132.54,11.9,4.52,4G,Pixel 7,AT&T,n260,65,22.8,45,2,488.05,1,True,Low,16.8,True,1,3,6,2024-06-20,0,0,0,1,1,3,1,1
2024-06-20 01:19:51.222615,New York,-107.3,235.54,97.91,2.0,0.35,5G SA,GT 7,T-Mobile,n41,11,29.1,50,4,357.87,3,True,Low,75.9,True,1,3,6,2024-06-20,5,2,4,3,1,0,1,1
2024-06-20 01:29:51.222613,New York,-78.7,278.77,70.11,8.0,2.14,5G SA,GT 7,T-Mobile,n260,15,24.4,47,2,375.52,1,False,High,12.6,True,1,3,6,2024-06-20,5,2,4,1,0,0,0,1
2024-06-20 01:39:51.222610,Delhi,-96.3,941.77,24.4,1.6,3.63,4G,Nord 4,BSNL,n78,39,26.4,28,4,67.04,3,False,High,79.2,True,1,3,6,2024-06-20,2,0,2,4,0,2,0,1
2024-06-20 01:49:51.222607,Berlin,-78.5,931.77,114.35,11.1,2.02,4G,Galaxy S23,AT&T,n41,86,33.9,52,4,383.57,1,True,High,63.2,True,1,3,6,2024-06-20,0,0,0,3,0,1,1,1
2024-06-20 01:59:51.222605,Mumbai,-107.2,857.49,59.43,16.8,3.36,5G NSA,Galaxy S23,BSNL,n258,36,21.4,3,4,350.09,1,True,Low,76.4,True,1,3,6,2024-06-20,4,1,2,0,1,1,1,1
2024-06-20 02:09:51.222602,New York,-78.9,426.68,55.28,13.2,3.25,5G NSA,Galaxy S23,AT&T,n78,80,25.8,25,4,454.38,2,True,Low,14.2,True,2,3,6,2024-06-20,5,1,0,4,1,1,1,1
2024-06-20 02:19:51.222600,Chennai,-100.1,289.63,36.29,18.9,1.47,5G SA,Galaxy S23,Airtel,n78,61,27.8,56,1,131.17,1,False,Low,43.0,False,2,3,6,2024-06-20,1,2,1,4,1,1,0,0
2024-06-20 02:29:51.222597,Delhi,-89.3,905.03,42.36,2.7,3.84,4G,Nord 4,Jio,n258,38,25.5,49,2,389.69,4,True,Low,39.5,False,2,3,6,2024-06-20,2,0,3,0,1,2,1,0
2024-06-20 02:39:51.222594,Kolkata,-60.1,527.75,54.38,6.4,0.53,5G SA,GT 7,BSNL,n258,25,20.7,25,2,64.76,4,False,High,90.6,False,2,3,6,2024-06-20,3,2,2,0,0,0,0,0
2024-06-20 02:49:51.222592,Mumbai,-87.5,873.73,89.48,19.2,2.88,5G NSA,iPhone 14,Jio,n78,34,27.6,46,3,157.41,3,True,Medium,85.7,True,2,3,6,2024-06-20,4,1,3,4,2,4,1,1
2024-06-20 02:59:51.222589,Chennai,-86.4,107.02,86.31,19.0,3.27,5G NSA,iPhone 14,Jio,n78,11,29.4,5,1,381.64,2,False,Medium,52.1,True,2,3,6,2024-06-20,1,1,3,4,2,4,0,1
2024-06-20 03:09:51.222587,Tokyo,-78.5,431.88,45.83,13.1,3.67,5G SA,iPhone 14,AT&T,n78,35,31.3,51,3,342.91,1,True,Low,33.3,False,3,3,6,2024-06-20,7,2,0,4,1,4,1,0
2024-06-20 03:19:51.222584,Berlin,-60.4,730.11,90.33,17.8,3.24,4G,GT 7,Verizon,n41,99,43.6,49,3,38.58,1,True,Low,94.0,False,3,3,6,2024-06-20,0,0,5,3,1,0,1,0
2024-06-20 03:29:51.222581,Mumbai,-96.2,146.53,61.46,6.8,1.46,5G SA,Nord 4,Airtel,n78,15,39.0,21,3,46.49,4,True,Medium,29.6,False,3,3,6,2024-06-20,4,2,1,4,2,2,1,0
2024-06-20 03:39:51.222579,New York,-77.7,217.95,58.9,11.4,1.83,4G,Nord 4,Verizon,n78,33,33.7,38,0,429.21,3,True,Medium,19.0,True,3,3,6,2024-06-20,5,0,5,4,2,2,1,1
2024-06-20 03:49:51.222576,Chennai,-103.3,576.78,109.77,3.9,4.32,5G SA,iPhone 14,Jio,n78,18,40.3,28,0,188.15,3,True,High,13.9,False,3,3,6,2024-06-20,1,2,3,4,0,4,1,0
2024-06-20 03:59:51.222574,Tokyo,-80.8,750.81,138.02,19.7,4.33,4G,Pixel 7,T-Mobile,n78,69,41.1,7,1,44.87,3,True,High,65.5,True,3,3,6,2024-06-20,7,0,4,4,0,3,1,1
2024-06-20 04:09:51.222571,Mumbai,-62.6,988.27,142.67,5.5,4.07,4G,Pixel 7,Airtel,n78,88,41.9,24,3,276.13,2,True,Medium,43.5,True,4,3,6,2024-06-20,4,0,1,4,2,3,1,1
2024-06-20 04:19:51.222568,Delhi,-86.2,753.54,62.84,1.5,3.29,4G,iPhone 14,Vi,n258,56,36.2,5,4,333.84,4,True,Medium,75.7,False,4,3,6,2024-06-20,2,0,6,0,2,4,1,0
2024-06-20 04:29:51.222566,Tokyo,-79.0,110.4,39.4,3.2,3.55,4G,Galaxy S23,AT&T,n260,35,22.5,27,3,82.83,2,False,Low,97.2,False,4,3,6,2024-06-20,7,0,0,1,1,1,0,0
2024-06-20 04:39:51.222563,Mumbai,-102.4,683.41,82.98,17.5,3.81,5G SA,GT 7,Airtel,n258,87,35.5,20,1,244.68,1,False,Medium,74.6,False,4,3,6,2024-06-20,4,2,1,0,2,0,0,0
2024-06-20 04:49:51.222561,Tokyo,-83.4,894.76,79.83,7.0,3.64,5G NSA,Galaxy S23,Verizon,n260,15,41.7,2,0,317.93,1,True,High,52.3,True,4,3,6,2024-06-20,7,1,5,1,0,1,1,1
2024-06-20 04:59:51.222558,Mumbai,-100.9,146.2,71.89,4.2,3.89,5G SA,GT 7,Vi,n28,13,32.4,19,2,415.2,3,False,Low,38.4,False,4,3,6,2024-06-20,4,2,6,2,1,0,0,0
2024-06-20 05:09:51.222555,Kolkata,-79.8,879.59,89.83,19.1,3.09,5G SA,iPhone 14,Airtel,n258,33,33.2,16,1,464.62,3,False,Medium,16.9,True,5,3,6,2024-06-20,3,2,1,0,2,4,0,1
2024-06-20 05:19:51.222553,Kolkata,-66.7,355.54,145.93,10.9,4.3,5G SA,GT 7,Jio,n28,75,20.1,43,2,495.89,5,False,Medium,73.5,False,5,3,6,2024-06-20,3,2,3,2,2,0,0,0
2024-06-20 05:29:51.222550,Mumbai,-104.6,990.9,100.3,11.0,0.66,5G NSA,iPhone 14,Vi,n28,34,38.0,26,1,445.77,1,True,Medium,75.4,False,5,3,6,2024-06-20,4,1,6,2,2,4,1,0
2024-06-20 05:39:51.222548,Tokyo,-73.9,155.6,23.5,6.8,3.8,5G SA,Pixel 7,Verizon,n41,30,28.5,56,1,31.14,2,False,Low,79.9,False,5,3,6,2024-06-20,7,2,5,3,1,3,0,0
2024-06-20 05:49:51.222545,Mumbai,-86.0,889.08,129.78,13.0,2.21,4G,iPhone 14,Jio,n28,13,29.7,30,1,496.09,1,True,High,97.6,True,5,3,6,2024-06-20,4,0,3,2,0,4,1,1
2024-06-20 05:59:51.222542,Chennai,-89.0,122.5,24.02,3.1,2.32,4G,GT 7,BSNL,n258,10,21.6,48,0,462.35,3,False,Medium,44.6,False,5,3,6,2024-06-20,1,0,2,0,2,0,0,0
2024-06-20 06:09:51.222540,New York,-78.1,248.18,43.42,13.0,4.35,5G NSA,Galaxy S23,T-Mobile,n41,55,26.1,56,3,343.42,3,True,Low,82.5,True,6,3,6,2024-06-20,5,1,4,3,1,1,1,1
2024-06-20 06:19:51.222537,Chennai,-73.4,610.86,107.32,13.3,2.64,5G SA,iPhone 14,BSNL,n28,93,29.0,52,3,308.5,3,True,High,83.0,True,6,3,6,2024-06-20,1,2,2,2,0,4,1,1
2024-06-20 06:29:51.222535,Kolkata,-75.9,562.16,68.96,8.4,2.91,4G,GT 7,BSNL,n78,88,32.3,2,2,321.63,4,True,High,32.5,False,6,3,6,2024-06-20,3,0,2,4,0,0,1,0
2024-06-20 06:39:51.222532,Mumbai,-77.8,401.05,69.09,12.8,4.0,5G NSA,GT 7,Airtel,n258,92,32.1,35,1,27.01,3,True,Medium,73.9,True,6,3,6,2024-06-20,4,1,1,0,2,0,1,1
2024-06-20 06:49:51.222529,Kolkata,-103.9,359.25,84.23,6.1,1.31,5G SA,GT 7,Airtel,n28,26,39.7,41,4,290.32,2,True,Low,23.4,False,6,3,6,2024-06-20,3,2,1,2,1,0,1,0
2024-06-20 06:59:51.222527,Tokyo,-99.8,395.99,25.64,5.8,4.54,5G SA,Galaxy S23,T-Mobile,n78,84,37.5,36,2,226.31,2,True,Low,78.9,True,6,3,6,2024-06-20,7,2,4,4,1,1,1,1
2024-06-20 07:09:51.222524,New York,-93.8,818.56,86.24,1.3,1.44,5G NSA,Galaxy S23,AT&T,n260,58,39.7,28,0,181.22,5,True,Low,86.7,False,7,3,6,2024-06-20,5,1,0,1,1,1,1,0
2024-06-20 07:19:51.222522,Chennai,-84.2,488.63,45.42,2.1,4.9,5G NSA,Galaxy S23,Airtel,n258,67,30.8,9,1,40.8,5,True,Low,67.5,False,7,3,6,2024-06-20,1,1,1,0,1,1,1,0
2024-06-20 07:29:51.222519,Tokyo,-89.8,650.26,83.08,6.1,3.53,4G,iPhone 14,Verizon,n41,13,20.6,13,4,158.23,4,False,High,39.8,True,7,3,6,2024-06-20,7,0,5,3,0,4,0,1
2024-06-20 07:39:51.222516,New York,-90.2,548.07,93.37,11.7,3.95,5G SA,Nord 4,Verizon,n41,20,42.8,39,2,108.32,4,False,Medium,89.9,True,7,3,6,2024-06-20,5,2,5,3,2,2,0,1
2024-06-20 07:49:51.222514,Berlin,-91.4,350.26,98.77,14.7,0.72,5G NSA,Nord 4,T-Mobile,n41,60,27.6,5,3,375.19,3,False,Low,50.2,True,7,3,6,2024-06-20,0,1,4,3,1,2,0,1
2024-06-20 07:59:51.222511,Kolkata,-99.5,389.04,79.05,16.1,1.69,5G NSA,GT 7,Vi,n28,35,28.3,4,4,388.02,2,True,Medium,78.3,True,7,3,6,2024-06-20,3,1,6,2,2,0,1,1
2024-06-20 08:09:51.222509,Mumbai,-106.4,554.35,146.97,18.2,4.51,4G,GT 7,Jio,n258,45,34.7,38,0,386.96,1,False,Low,61.1,True,8,3,6,2024-06-20,4,0,3,0,1,0,0,1
2024-06-20 08:19:51.222506,Kolkata,-82.2,797.8,94.72,10.7,4.99,4G,Pixel 7,Jio,n78,91,25.0,36,4,235.5,1,True,Medium,87.4,False,8,3,6,2024-06-20,3,0,3,4,2,3,1,0
2024-06-20 08:29:51.222503,Delhi,-102.6,859.59,58.59,6.1,4.56,5G NSA,Galaxy S23,Jio,n78,36,33.8,51,0,28.23,5,True,High,52.5,False,8,3,6,2024-06-20,2,1,3,4,0,1,1,0
2024-06-20 08:39:51.222501,Mumbai,-96.6,828.5,67.98,8.3,3.78,5G NSA,Pixel 7,Airtel,n258,37,39.7,13,3,402.83,4,False,Low,75.5,False,8,3,6,2024-06-20,4,1,1,0,1,3,0,0
2024-06-20 08:49:51.222498,Mumbai,-65.6,719.04,43.9,5.8,3.64,5G SA,iPhone 14,Vi,n258,18,27.4,56,0,204.49,4,True,Low,14.3,True,8,3,6,2024-06-20,4,2,6,0,1,4,1,1
2024-06-20 08:59:51.222495,Berlin,-63.2,983.19,136.44,6.3,3.36,4G,Galaxy S23,T-Mobile,n78,89,39.4,54,3,272.79,5,False,High,52.9,False,8,3,6,2024-06-20,0,0,4,4,0,1,0,0
2024-06-20 09:09:51.222493,Tokyo,-104.9,960.86,91.75,10.3,4.98,5G SA,iPhone 14,Verizon,n78,77,30.0,55,2,57.49,2,False,Low,82.0,True,9,3,6,2024-06-20,7,2,5,4,1,4,0,1
2024-06-20 09:19:51.222491,New York,-79.9,423.67,33.0,10.7,0.31,4G,GT 7,Verizon,n78,80,42.3,6,0,308.03,4,True,High,78.7,True,9,3,6,2024-06-20,5,0,5,4,0,0,1,1
2024-06-20 09:29:51.222488,New York,-88.1,975.59,59.9,15.1,2.96,5G NSA,Galaxy S23,T-Mobile,n41,75,34.2,36,3,69.71,4,False,Low,93.7,True,9,3,6,2024-06-20,5,1,4,3,1,1,0,1
2024-06-20 09:39:51.222486,Chennai,-88.3,971.74,76.95,17.0,2.56,5G NSA,Nord 4,Jio,n258,81,26.3,42,2,94.22,5,True,High,18.2,False,9,3,6,2024-06-20,1,1,3,0,0,2,1,0
2024-06-20 09:49:51.222483,Delhi,-97.9,325.94,78.78,16.2,4.83,5G NSA,iPhone 14,Jio,n28,86,41.4,1,3,355.96,4,False,Medium,59.3,True,9,3,6,2024-06-20,2,1,3,2,2,4,0,1
2024-06-20 09:59:51.222480,Berlin,-90.3,974.18,127.18,9.7,4.5,5G NSA,GT 7,Verizon,n78,92,40.3,36,2,434.08,5,False,High,67.5,True,9,3,6,2024-06-20,0,1,5,4,0,0,0,1
2024-06-20 10:09:51.222478,New York,-85.1,844.69,61.56,4.3,4.15,4G,Galaxy S23,AT&T,n78,24,33.9,10,1,380.44,5,True,High,18.4,False,10,3,6,2024-06-20,5,0,0,4,0,1,1,0
2024-06-20 10:19:51.222475,New York,-65.0,567.53,62.0,19.7,4.44,4G,GT 7,AT&T,n41,98,24.3,40,4,405.18,1,False,High,29.5,True,10,3,6,2024-06-20,5,0,0,3,0,0,0,1
2024-06-20 10:29:51.222472,Kolkata,-74.5,302.2,56.03,2.3,0.88,5G NSA,Pixel 7,Airtel,n28,53,29.5,44,2,388.05,5,False,Medium,94.2,True,10,3,6,2024-06-20,3,1,1,2,2,3,0,1
2024-06-20 10:39:51.222470,Chennai,-98.5,501.85,148.9,7.1,0.74,4G,iPhone 14,Jio,n258,31,22.8,28,1,397.91,4,False,High,39.1,True,10,3,6,2024-06-20,1,0,3,0,0,4,0,1
2024-06-20 10:49:51.222467,Chennai,-98.6,565.81,102.4,17.1,3.1,4G,Pixel 7,Vi,n78,16,40.3,20,1,446.99,5,False,Medium,33.7,False,10,3,6,2024-06-20,1,0,6,4,2,3,0,0
2024-06-20 10:59:51.222465,Kolkata,-92.3,229.71,72.67,1.4,4.04,5G SA,Galaxy S23,BSNL,n78,88,41.6,16,4,29.06,5,False,High,11.5,False,10,3,6,2024-06-20,3,2,2,4,0,1,0,0
2024-06-20 11:09:51.222463,Mumbai,-91.8,513.75,32.85,5.2,1.24,5G SA,Galaxy S23,Vi,n28,61,25.3,22,0,369.54,3,False,High,71.8,True,11,3,6,2024-06-20,4,2,6,2,0,1,0,1
2024-06-20 11:19:51.222460,Berlin,-66.3,520.14,100.26,11.2,1.34,5G SA,iPhone 14,Verizon,n41,74,27.5,51,0,284.77,3,False,Medium,95.7,True,11,3,6,2024-06-20,0,2,5,3,2,4,0,1
2024-06-20 11:29:51.222458,San Francisco,-81.9,212.62,54.57,12.9,4.71,5G NSA,iPhone 14,T-Mobile,n41,54,31.3,46,0,226.12,5,True,Medium,27.6,True,11,3,6,2024-06-20,6,1,4,3,2,4,1,1
2024-06-20 11:39:51.222455,Delhi,-99.4,666.33,118.18,1.8,3.15,5G NSA,Nord 4,BSNL,n258,62,32.2,4,3,192.52,1,True,Low,82.8,False,11,3,6,2024-06-20,2,1,2,0,1,2,1,0
2024-06-20 11:49:51.222452,Chennai,-89.5,248.97,109.14,14.6,2.3,5G SA,Nord 4,Airtel,n28,49,41.6,20,3,354.37,4,False,Low,75.3,True,11,3,6,2024-06-20,1,2,1,2,1,2,0,1
2024-06-20 11:59:51.222450,New York,-86.4,409.67,143.86,13.6,2.7,5G SA,GT 7,Verizon,n260,87,36.2,36,2,342.07,5,True,Low,88.1,True,11,3,6,2024-06-20,5,2,5,1,1,0,1,1
2024-06-20 12:09:51.222447,Delhi,-92.0,364.93,118.53,18.4,1.7,5G NSA,Nord 4,Airtel,n28,94,38.1,45,3,498.78,2,True,High,48.7,False,12,3,6,2024-06-20,2,1,1,2,0,2,1,0
2024-06-20 12:19:51.222444,Kolkata,-99.5,554.3,115.16,16.8,2.26,5G NSA,Nord 4,Airtel,n28,55,32.6,6,4,17.74,4,False,High,39.9,False,12,3,6,2024-06-20,3,1,1,2,0,2,0,0
2024-06-20 12:29:51.222442,Berlin,-79.4,649.15,38.42,14.5,0.17,4G,GT 7,Verizon,n260,74,39.6,46,3,242.66,3,True,Medium,63.2,True,12,3,6,2024-06-20,0,0,5,1,2,0,1,1
2024-06-20 12:39:51.222439,Mumbai,-65.0,949.83,113.38,15.2,0.51,5G SA,Pixel 7,Airtel,n78,54,33.3,40,0,59.69,3,False,High,21.1,False,12,3,6,2024-06-20,4,2,1,4,0,3,0,0
2024-06-20 12:49:51.222437,Mumbai,-66.1,355.57,73.73,18.5,1.94,5G NSA,iPhone 14,Jio,n28,37,35.5,40,1,308.95,3,True,Low,24.2,False,12,3,6,2024-06-20,4,1,3,2,1,4,1,0
2024-06-20 12:59:51.222434,Tokyo,-71.1,504.27,144.14,13.5,3.04,5G SA,GT 7,AT&T,n78,60,33.9,44,1,493.35,4,True,High,65.6,True,12,3,6,2024-06-20,7,2,0,4,0,0,1,1
2024-06-20 13:09:51.222431,New York,-95.5,162.73,74.27,2.6,4.25,4G,iPhone 14,T-Mobile,n41,15,44.1,21,4,353.28,1,False,High,52.7,False,13,3,6,2024-06-20,5,0,4,3,0,4,0,0
2024-06-20 13:19:51.222429,Delhi,-69.5,134.7,99.46,18.3,2.36,5G NSA,Pixel 7,BSNL,n258,10,44.3,2,1,230.5,4,True,Medium,42.5,False,13,3,6,2024-06-20,2,1,2,0,2,3,1,0
2024-06-20 13:29:51.222426,Kolkata,-61.4,230.55,79.71,7.4,0.68,5G NSA,Galaxy S23,BSNL,n258,57,21.8,38,0,460.79,3,False,Low,58.1,True,13,3,6,2024-06-20,3,1,2,0,1,1,0,1
2024-06-20 13:39:51.222424,San Francisco,-80.2,886.11,85.86,16.1,2.14,5G NSA,iPhone 14,AT&T,n41,36,42.2,32,2,26.77,2,True,High,51.7,True,13,3,6,2024-06-20,6,1,0,3,0,4,1,1
2024-06-20 13:49:51.222421,Mumbai,-84.6,927.36,37.11,8.1,1.17,5G SA,Nord 4,BSNL,n258,96,32.7,53,0,454.55,1,True,Medium,60.3,True,13,3,6,2024-06-20,4,2,2,0,2,2,1,1
2024-06-20 13:59:51.222418,Berlin,-71.1,737.08,54.84,6.1,3.44,4G,iPhone 14,Verizon,n41,63,30.3,1,3,398.59,3,True,Medium,57.3,False,13,3,6,2024-06-20,0,0,5,3,2,4,1,0
2024-06-20 14:09:51.222416,Tokyo,-81.3,556.43,31.73,9.2,0.35,5G NSA,Galaxy S23,AT&T,n260,33,42.9,9,1,248.8,5,False,High,46.6,True,14,3,6,2024-06-20,7,1,0,1,0,1,0,1
2024-06-20 14:19:51.222413,Tokyo,-84.8,115.97,67.6,16.5,4.95,5G NSA,Nord 4,Verizon,n41,23,35.4,54,0,120.04,2,True,High,20.2,False,14,3,6,2024-06-20,7,1,5,3,0,2,1,0
2024-06-20 14:29:51.222411,Mumbai,-69.7,293.07,126.64,8.3,0.8,5G SA,Galaxy S23,Airtel,n258,20,39.4,57,1,429.31,2,False,Medium,24.7,False,14,3,6,2024-06-20,4,2,1,0,2,1,0,0
2024-06-20 14:39:51.222408,Chennai,-86.4,205.95,125.93,12.7,2.48,4G,Nord 4,Vi,n258,55,26.4,58,1,197.35,1,False,Low,32.2,True,14,3,6,2024-06-20,1,0,6,0,1,2,0,1
2024-06-20 14:49:51.222403,Mumbai,-101.9,285.75,30.56,17.9,4.48,4G,iPhone 14,Vi,n258,47,26.0,36,1,308.63,4,True,Medium,21.4,True,14,3,6,2024-06-20,4,0,6,0,2,4,1,1
2024-06-20 14:59:51.222400,San Francisco,-104.4,702.24,80.34,11.4,1.11,4G,Nord 4,AT&T,n41,54,33.2,19,2,123.92,2,False,High,17.1,True,14,3,6,2024-06-20,6,0,0,3,0,2,0,1
2024-06-20 15:09:51.222397,Delhi,-62.5,628.87,49.07,3.9,0.2,5G SA,iPhone 14,BSNL,n258,15,39.9,24,3,407.19,4,False,Low,60.3,False,15,3,6,2024-06-20,2,2,2,0,1,4,0,0
2024-06-20 15:19:51.222395,Delhi,-72.6,631.78,57.26,15.2,0.58,5G NSA,iPhone 14,BSNL,n78,40,44.3,35,1,271.06,2,True,Low,96.3,True,15,3,6,2024-06-20,2,1,2,4,1,4,1,1
2024-06-20 15:29:51.222392,Kolkata,-61.3,655.98,143.75,20.0,2.06,5G NSA,Nord 4,Airtel,n258,35,35.7,44,3,460.57,3,True,High,40.9,False,15,3,6,2024-06-20,3,1,1,0,0,2,1,0
2024-06-20 15:39:51.222390,Delhi,-100.0,885.39,92.66,5.8,2.66,5G NSA,Pixel 7,Vi,n258,29,35.8,15,1,173.14,3,True,High,62.1,True,15,3,6,2024-06-20,2,1,6,0,0,3,1,1
2024-06-20 15:49:51.222387,San Francisco,-106.4,698.28,133.96,7.6,3.06,4G,Pixel 7,AT&T,n78,35,33.1,6,2,301.56,1,True,High,30.7,True,15,3,6,2024-06-20,6,0,0,4,0,3,1,1
2024-06-20 15:59:51.222384,Berlin,-71.4,380.86,79.58,14.5,4.9,5G NSA,Nord 4,Verizon,n260,43,25.9,53,2,451.18,4,True,Low,53.7,False,15,3,6,2024-06-20,0,1,5,1,1,2,1,0
2024-06-20 16:09:51.222382,Mumbai,-78.9,257.51,104.76,7.1,2.52,5G NSA,GT 7,Vi,n258,93,21.7,56,0,321.34,5,False,High,17.9,True,16,3,6,2024-06-20,4,1,6,0,0,0,0,1
2024-06-20 16:19:51.222379,Kolkata,-106.4,995.11,140.25,10.8,1.97,5G NSA,GT 7,BSNL,n258,57,36.8,58,4,142.11,1,True,Medium,77.5,True,16,3,6,2024-06-20,3,1,2,0,2,0,1,1
2024-06-20 16:29:51.222377,Tokyo,-92.6,356.43,52.97,14.5,4.88,5G NSA,GT 7,Verizon,n260,42,21.1,30,0,332.99,4,False,Medium,45.2,True,16,3,6,2024-06-20,7,1,5,1,2,0,0,1
2024-06-20 16:39:51.222374,New York,-86.5,447.04,33.58,10.1,3.38,4G,iPhone 14,Verizon,n260,90,27.8,9,0,312.51,4,False,High,94.8,True,16,3,6,2024-06-20,5,0,5,1,0,4,0,1
2024-06-20 16:49:51.222371,Kolkata,-72.9,262.11,36.0,8.8,2.91,5G NSA,Pixel 7,Vi,n28,31,30.3,16,2,92.93,2,True,Medium,13.4,False,16,3,6,2024-06-20,3,1,6,2,2,3,1,0
2024-06-20 16:59:51.222369,Tokyo,-101.4,955.01,113.48,19.9,4.38,5G SA,iPhone 14,AT&T,n41,30,41.6,1,1,71.38,3,False,Low,43.7,True,16,3,6,2024-06-20,7,2,0,3,1,4,0,1
2024-06-20 17:09:51.222366,Berlin,-80.3,214.53,78.26,10.6,3.75,4G,Nord 4,T-Mobile,n41,33,37.4,56,2,62.49,1,True,Low,58.7,True,17,3,6,2024-06-20,0,0,4,3,1,2,1,1
2024-06-20 17:19:51.222364,New York,-108.1,771.95,147.67,1.9,1.1,5G NSA,GT 7,T-Mobile,n78,87,41.2,36,1,27.03,1,True,High,64.9,True,17,3,6,2024-06-20,5,1,4,4,0,0,1,1
2024-06-20 17:29:51.222361,Kolkata,-62.2,314.08,47.77,16.6,1.23,4G,GT 7,Airtel,n78,23,40.0,47,0,172.2,5,True,High,10.0,False,17,3,6,2024-06-20,3,0,1,4,0,0,1,0
2024-06-20 17:39:51.222358,Berlin,-103.8,742.45,68.3,18.7,1.04,5G NSA,Galaxy S23,Verizon,n78,55,29.3,43,1,232.68,5,True,Low,99.9,True,17,3,6,2024-06-20,0,1,5,4,1,1,1,1
2024-06-20 17:49:51.222356,Chennai,-60.4,635.06,117.86,5.1,3.04,5G NSA,Nord 4,Airtel,n78,33,33.4,41,4,251.01,5,True,Low,98.2,False,17,3,6,2024-06-20,1,1,1,4,1,2,1,0
2024-06-20 17:59:51.222353,Delhi,-99.1,370.46,91.34,4.7,1.32,5G NSA,Nord 4,Jio,n258,65,22.5,59,2,453.32,5,False,High,91.3,False,17,3,6,2024-06-20,2,1,3,0,0,2,0,0
2024-06-20 18:09:51.222351,Chennai,-77.1,288.09,130.3,19.7,3.76,4G,iPhone 14,BSNL,n28,82,32.9,20,1,10.92,2,True,High,35.1,True,18,3,6,2024-06-20,1,0,2,2,0,4,1,1
2024-06-20 18:19:51.222348,Tokyo,-75.2,973.4,30.24,14.8,3.26,5G SA,iPhone 14,Verizon,n78,95,36.7,42,1,131.86,4,False,High,94.3,False,18,3,6,2024-06-20,7,2,5,4,0,4,0,0
2024-06-20 18:29:51.222345,San Francisco,-62.7,570.66,141.08,10.9,0.49,5G NSA,Nord 4,AT&T,n260,93,29.6,47,4,277.13,3,False,Medium,52.8,False,18,3,6,2024-06-20,6,1,0,1,2,2,0,0
2024-06-20 18:39:51.222343,Berlin,-70.3,298.92,44.5,5.9,1.73,5G NSA,Galaxy S23,AT&T,n78,15,24.1,23,1,434.06,4,True,Medium,72.5,True,18,3,6,2024-06-20,0,1,0,4,2,1,1,1
2024-06-20 18:49:51.222340,San Francisco,-108.6,839.64,88.78,12.4,3.12,5G SA,Galaxy S23,AT&T,n78,35,43.9,31,1,117.81,1,False,Medium,43.4,True,18,3,6,2024-06-20,6,2,0,4,2,1,0,1
2024-06-20 18:59:51.222338,Tokyo,-66.7,759.31,111.48,18.5,2.04,5G NSA,Nord 4,Verizon,n78,34,40.4,44,0,350.06,2,False,Medium,22.1,False,18,3,6,2024-06-20,7,1,5,4,2,2,0,0
2024-06-20 19:09:51.222335,Berlin,-106.3,176.96,100.27,18.0,4.57,4G,Galaxy S23,T-Mobile,n78,87,31.5,1,4,88.24,1,False,Medium,46.9,True,19,3,6,2024-06-20,0,0,4,4,2,1,0,1
2024-06-20 19:19:51.222332,Mumbai,-74.8,121.27,87.21,9.6,2.97,5G NSA,iPhone 14,Airtel,n258,41,25.5,48,0,300.91,4,False,Low,55.5,True,19,3,6,2024-06-20,4,1,1,0,1,4,0,1
2024-06-20 19:29:51.222330,San Francisco,-88.7,612.21,135.15,11.3,4.98,5G NSA,GT 7,T-Mobile,n260,74,43.9,26,4,489.51,2,False,Low,42.3,False,19,3,6,2024-06-20,6,1,4,1,1,0,0,0
2024-06-20 19:39:51.222327,Mumbai,-89.7,446.53,141.12,9.2,3.85,5G NSA,Galaxy S23,Vi,n258,86,30.5,42,1,279.89,5,True,High,27.1,True,19,3,6,2024-06-20,4,1,6,0,0,1,1,1
2024-06-20 19:49:51.222325,Mumbai,-107.2,323.75,101.26,11.4,4.61,5G SA,Pixel 7,BSNL,n258,82,41.1,47,4,17.42,5,False,High,87.9,True,19,3,6,2024-06-20,4,2,2,0,0,3,0,1
2024-06-20 19:59:51.222322,Tokyo,-79.3,541.09,80.94,17.6,3.16,4G,GT 7,AT&T,n260,31,41.8,21,2,497.55,5,False,Low,94.3,False,19,3,6,2024-06-20,7,0,0,1,1,0,0,0
2024-06-20 20:09:51.222319,Berlin,-66.0,325.01,28.55,14.5,0.58,5G SA,iPhone 14,T-Mobile,n78,55,43.9,25,2,452.22,2,False,High,45.5,False,20,3,6,2024-06-20,0,2,4,4,0,4,0,0
2024-06-20 20:19:51.222317,San Francisco,-95.8,234.73,107.95,17.2,0.5,5G SA,Nord 4,AT&T,n260,86,26.3,30,1,402.35,5,False,Medium,15.5,False,20,3,6,2024-06-20,6,2,0,1,2,2,0,0
2024-06-20 20:29:51.222314,Kolkata,-91.8,498.83,64.62,1.0,2.16,4G,iPhone 14,BSNL,n78,96,29.9,55,2,298.91,1,False,High,52.5,False,20,3,6,2024-06-20,3,0,2,4,0,4,0,0
2024-06-20 20:39:51.222312,Tokyo,-91.4,992.67,69.54,19.7,3.68,5G NSA,Pixel 7,T-Mobile,n78,98,40.0,32,1,339.2,4,False,Low,55.7,False,20,3,6,2024-06-20,7,1,4,4,1,3,0,0
2024-06-20 20:49:51.222309,Kolkata,-106.5,290.46,131.16,8.0,4.73,5G NSA,Pixel 7,Airtel,n78,71,40.9,41,0,129.69,1,False,Low,83.6,False,20,3,6,2024-06-20,3,1,1,4,1,3,0,0
2024-06-20 20:59:51.222307,San Francisco,-83.9,876.74,83.04,13.7,2.7,4G,Nord 4,AT&T,n260,67,44.6,2,4,134.4,2,False,Medium,40.6,False,20,3,6,2024-06-20,6,0,0,1,2,2,0,0
2024-06-20 21:09:51.222304,Tokyo,-91.9,876.82,65.97,10.3,1.74,5G SA,Nord 4,T-Mobile,n260,15,22.5,27,0,288.99,3,True,Medium,80.7,False,21,3,6,2024-06-20,7,2,4,1,2,2,1,0
2024-06-20 21:19:51.222301,New York,-65.5,441.77,40.44,3.5,2.89,4G,iPhone 14,AT&T,n41,76,36.8,24,3,257.98,1,True,Medium,41.0,True,21,3,6,2024-06-20,5,0,0,3,2,4,1,1
2024-06-20 21:29:51.222299,Delhi,-94.1,172.02,37.83,11.7,4.95,5G NSA,iPhone 14,Airtel,n78,53,34.4,1,0,202.02,4,True,Low,98.5,True,21,3,6,2024-06-20,2,1,1,4,1,4,1,1
2024-06-20 21:39:51.222297,Mumbai,-77.2,697.53,66.92,2.8,1.5,5G SA,Galaxy S23,Jio,n78,35,38.4,9,4,352.06,4,False,Low,50.2,False,21,3,6,2024-06-20,4,2,3,4,1,1,0,0
2024-06-20 21:49:51.222294,Kolkata,-98.8,289.45,112.11,1.4,0.82,5G NSA,GT 7,Jio,n78,67,25.9,23,1,168.98,2,True,Medium,10.3,True,21,3,6,2024-06-20,3,1,3,4,2,0,1,1
2024-06-20 21:59:51.222292,Mumbai,-76.6,132.65,44.33,2.7,3.64,5G NSA,Pixel 7,Jio,n258,69,40.7,25,4,157.92,3,False,High,45.5,False,21,3,6,2024-06-20,4,1,3,0,0,3,0,0
2024-06-20 22:09:51.222289,Tokyo,-73.2,264.95,78.28,5.1,2.38,5G NSA,Pixel 7,Verizon,n41,27,43.5,42,0,494.98,2,True,High,20.9,True,22,3,6,2024-06-20,7,1,5,3,0,3,1,1
2024-06-20 22:19:51.222286,San Francisco,-67.8,718.24,76.7,1.5,0.2,4G,iPhone 14,AT&T,n78,38,30.5,33,1,488.21,3,False,Medium,65.6,True,22,3,6,2024-06-20,6,0,0,4,2,4,0,1
2024-06-20 22:29:51.222284,Delhi,-101.2,290.95,132.32,10.4,0.67,4G,GT 7,BSNL,n28,87,32.3,37,3,362.81,1,False,High,95.5,True,22,3,6,2024-06-20,2,0,2,2,0,0,0,1
2024-06-20 22:39:51.222281,Delhi,-96.6,647.01,97.97,8.2,2.56,5G NSA,Nord 4,Airtel,n78,74,23.9,13,3,444.54,5,False,High,34.6,False,22,3,6,2024-06-20,2,1,1,4,0,2,0,0
2024-06-20 22:49:51.222279,Tokyo,-79.8,775.69,24.81,1.4,0.42,4G,GT 7,Verizon,n260,49,28.7,3,0,408.03,3,True,High,29.4,False,22,3,6,2024-06-20,7,0,5,1,0,0,1,0
2024-06-20 22:59:51.222276,Berlin,-85.4,283.36,92.26,12.6,1.72,5G NSA,Nord 4,T-Mobile,n78,33,29.5,4,3,374.97,1,True,Low,36.7,True,22,3,6,2024-06-20,0,1,4,4,1,2,1,1
2024-06-20 23:09:51.222274,San Francisco,-108.1,434.04,69.19,8.2,1.26,5G NSA,Pixel 7,Verizon,n41,38,27.1,6,1,52.41,4,False,Medium,89.8,True,23,3,6,2024-06-20,6,1,5,3,2,3,0,1
2024-06-20 23:19:51.222271,New York,-62.3,948.24,116.67,2.7,2.1,5G NSA,Galaxy S23,Verizon,n260,58,26.3,13,1,464.73,1,True,Low,72.6,False,23,3,6,2024-06-20,5,1,5,1,1,1,1,0
2024-06-20 23:29:51.222268,Delhi,-73.6,956.91,62.55,19.9,3.93,4G,Galaxy S23,BSNL,n28,59,26.0,19,2,221.53,1,False,Medium,73.1,False,23,3,6,2024-06-20,2,0,2,2,2,1,0,0
2024-06-20 23:39:51.222266,Berlin,-105.5,463.71,146.23,8.2,0.45,4G,Nord 4,Verizon,n260,75,30.8,36,4,332.21,4,True,Low,70.4,False,23,3,6,2024-06-20,0,0,5,1,1,2,1,0
2024-06-20 23:49:51.222263,Tokyo,-69.7,723.55,73.11,5.6,0.87,4G,Pixel 7,Verizon,n41,71,37.6,30,4,128.09,3,True,High,93.3,True,23,3,6,2024-06-20,7,0,5,3,0,3,1,1
2024-06-20 23:59:51.222260,Tokyo,-77.3,411.35,149.06,13.1,0.35,5G SA,Nord 4,Verizon,n78,66,38.6,11,2,188.75,1,True,Low,44.3,False,23,3,6,2024-06-20,7,2,5,4,1,2,1,0
2024-06-21 00:09:51.222258,Chennai,-86.8,226.61,35.35,9.2,0.23,5G NSA,iPhone 14,BSNL,n258,43,24.2,50,2,69.87,4,True,Medium,99.1,False,0,4,6,2024-06-21,1,1,2,0,2,4,1,0
2024-06-21 00:19:51.222255,Mumbai,-63.6,404.25,36.86,7.8,1.74,5G NSA,iPhone 14,Jio,n28,17,42.1,51,2,149.1,4,False,High,14.4,False,0,4,6,2024-06-21,4,1,3,2,0,4,0,0
2024-06-21 00:29:51.222253,Tokyo,-89.7,364.48,65.19,6.5,0.37,4G,Pixel 7,T-Mobile,n41,93,42.0,34,4,220.69,2,False,Medium,36.4,False,0,4,6,2024-06-21,7,0,4,3,2,3,0,0
2024-06-21 00:39:51.222250,Kolkata,-77.4,493.27,145.85,14.2,4.2,5G NSA,Pixel 7,Airtel,n78,56,22.9,55,0,230.17,4,True,Medium,51.6,True,0,4,6,2024-06-21,3,1,1,4,2,3,1,1
2024-06-21 00:49:51.222247,Chennai,-85.8,931.48,113.47,2.2,4.78,5G SA,Pixel 7,Airtel,n258,73,23.7,33,3,182.28,1,False,High,77.9,False,0,4,6,2024-06-21,1,2,1,0,0,3,0,0
2024-06-21 00:59:51.222245,Mumbai,-100.1,160.35,35.25,15.8,1.17,5G SA,Nord 4,Vi,n258,79,27.5,39,0,156.65,5,True,Medium,23.6,True,0,4,6,2024-06-21,4,2,6,0,2,2,1,1
2024-06-21 01:09:51.222242,Tokyo,-105.4,782.55,103.29,6.0,3.78,5G SA,GT 7,T-Mobile,n41,60,36.4,43,0,390.58,2,True,Medium,95.8,False,1,4,6,2024-06-21,7,2,4,3,2,0,1,0
2024-06-21 01:19:51.222240,New York,-71.6,132.88,64.69,9.5,4.23,5G SA,Galaxy S23,AT&T,n78,10,33.2,3,3,179.35,1,True,High,73.2,True,1,4,6,2024-06-21,5,2,0,4,0,1,1,1
2024-06-21 01:29:51.222237,New York,-70.7,834.98,117.11,17.1,1.06,5G NSA,iPhone 14,AT&T,n78,71,41.8,44,1,113.53,4,True,High,14.1,True,1,4,6,2024-06-21,5,1,0,4,0,4,1,1
2024-06-21 01:39:51.222234,Tokyo,-89.0,180.59,137.42,14.7,0.74,4G,iPhone 14,T-Mobile,n260,21,26.0,30,1,236.03,1,True,Low,10.4,False,1,4,6,2024-06-21,7,0,4,1,1,4,1,0
2024-06-21 01:49:51.222209,Mumbai,-91.3,699.25,99.8,6.9,0.27,4G,GT 7,BSNL,n258,87,44.1,29,2,317.86,3,True,Medium,13.8,False,1,4,6,2024-06-21,4,0,2,0,2,0,1,0
2024-06-21 01:59:51.222205,Tokyo,-80.2,179.92,122.6,8.1,4.08,4G,Nord 4,Verizon,n41,37,33.7,4,4,319.23,3,True,Low,40.1,True,1,4,6,2024-06-21,7,0,5,3,1,2,1,1
2024-06-21 02:09:51.222203,New York,-63.4,893.66,75.84,13.0,3.6,4G,Nord 4,T-Mobile,n78,54,43.4,13,4,277.64,1,False,Low,28.3,True,2,4,6,2024-06-21,5,0,4,4,1,2,0,1
2024-06-21 02:19:51.222200,San Francisco,-87.5,630.85,52.81,13.1,3.42,5G SA,iPhone 14,AT&T,n41,75,37.4,5,2,210.05,1,True,Low,57.7,True,2,4,6,2024-06-21,6,2,0,3,1,4,1,1
2024-06-21 02:29:51.222197,New York,-95.8,925.3,46.15,14.6,0.11,5G NSA,Nord 4,Verizon,n78,68,38.5,35,4,43.87,4,False,Low,65.2,False,2,4,6,2024-06-21,5,1,5,4,1,2,0,0
2024-06-21 02:39:51.222195,Chennai,-82.3,598.13,96.49,7.2,0.86,4G,Pixel 7,Airtel,n28,69,38.8,7,2,234.08,5,True,High,26.8,False,2,4,6,2024-06-21,1,0,1,2,0,3,1,0
2024-06-21 02:49:51.222192,Delhi,-99.7,441.44,125.59,8.8,2.99,4G,Pixel 7,Airtel,n78,97,34.8,6,2,154.79,5,False,Low,59.5,False,2,4,6,2024-06-21,2,0,1,4,1,3,0,0
2024-06-21 02:59:51.222190,Mumbai,-75.8,569.69,122.17,9.6,4.55,4G,Pixel 7,Vi,n28,87,43.1,33,2,224.05,1,True,Low,40.9,False,2,4,6,2024-06-21,4,0,6,2,1,3,1,0
2024-06-21 03:09:51.222187,Chennai,-69.8,948.91,32.65,5.4,1.21,4G,GT 7,Vi,n258,98,21.3,16,1,464.73,1,False,Medium,88.0,True,3,4,6,2024-06-21,1,0,6,0,2,0,0,1
2024-06-21 03:19:51.222184,Berlin,-84.4,912.77,125.65,13.1,2.48,5G NSA,Pixel 7,T-Mobile,n78,55,41.8,52,0,92.47,3,True,Medium,15.0,True,3,4,6,2024-06-21,0,1,4,4,2,3,1,1
2024-06-21 03:29:51.222182,Mumbai,-109.6,858.01,96.55,16.2,4.23,5G SA,Nord 4,Jio,n78,84,28.6,23,1,126.7,4,False,High,63.0,False,3,4,6,2024-06-21,4,2,3,4,0,2,0,0
2024-06-21 03:39:51.222179,Berlin,-72.4,718.42,92.15,7.5,0.93,4G,Galaxy S23,Verizon,n78,58,27.7,35,4,364.44,2,False,Low,52.7,True,3,4,6,2024-06-21,0,0,5,4,1,1,0,1
2024-06-21 03:49:51.222176,New York,-65.7,859.18,139.74,13.7,3.69,5G NSA,iPhone 14,AT&T,n78,92,30.1,22,3,140.86,5,True,Medium,17.5,False,3,4,6,2024-06-21,5,1,0,4,2,4,1,0
2024-06-21 03:59:51.222174,Chennai,-68.1,331.9,128.29,17.7,3.86,5G SA,GT 7,Jio,n258,38,26.5,28,4,21.4,2,False,Low,69.2,True,3,4,6,2024-06-21,1,2,3,0,1,0,0,1
2024-06-21 04:09:51.222171,San Francisco,-86.5,458.24,111.15,15.3,0.44,5G NSA,Nord 4,AT&T,n78,87,23.6,29,0,13.67,4,False,High,72.0,False,4,4,6,2024-06-21,6,1,0,4,0,2,0,0
2024-06-21 04:19:51.222169,Delhi,-82.4,709.09,85.29,3.5,2.54,4G,Nord 4,Vi,n28,72,25.1,33,4,440.57,1,False,Medium,43.3,False,4,4,6,2024-06-21,2,0,6,2,2,2,0,0
2024-06-21 04:29:51.222166,Chennai,-71.7,600.07,42.51,11.0,0.61,5G SA,Pixel 7,Jio,n258,53,24.3,27,1,358.19,2,False,High,85.5,False,4,4,6,2024-06-21,1,2,3,0,0,3,0,0
2024-06-21 04:39:51.222163,Delhi,-89.5,615.74,148.29,9.5,2.05,5G NSA,Galaxy S23,BSNL,n78,29,41.6,30,1,141.71,1,False,Low,34.7,True,4,4,6,2024-06-21,2,1,2,4,1,1,0,1
2024-06-21 04:49:51.222161,Delhi,-98.9,154.47,69.1,15.3,3.76,5G NSA,GT 7,Jio,n78,36,36.7,51,4,280.04,5,False,High,63.2,True,4,4,6,2024-06-21,2,1,3,4,0,0,0,1
2024-06-21 04:59:51.222152,Mumbai,-103.5,269.79,39.8,1.3,0.51,5G SA,Galaxy S23,BSNL,n78,87,44.6,30,3,284.25,3,False,Low,23.1,True,4,4,6,2024-06-21,4,2,2,4,1,1,0,1
2024-06-21 05:09:51.222149,San Francisco,-83.7,450.86,50.66,4.9,2.89,4G,GT 7,Verizon,n78,16,43.3,20,2,134.9,1,True,High,33.1,True,5,4,6,2024-06-21,6,0,5,4,0,0,1,1
2024-06-21 05:19:51.222147,New York,-80.9,268.82,34.98,10.7,3.22,5G SA,iPhone 14,AT&T,n260,85,37.7,49,3,310.56,2,False,High,37.9,False,5,4,6,2024-06-21,5,2,0,1,0,4,0,0
2024-06-21 05:29:51.222144,Delhi,-106.6,504.13,121.34,11.7,1.4,5G NSA,Galaxy S23,Jio,n78,54,35.8,42,4,116.63,1,True,High,57.0,False,5,4,6,2024-06-21,2,1,3,4,0,1,1,0
2024-06-21 05:39:51.222141,Mumbai,-90.6,732.27,31.13,3.0,0.53,5G NSA,Nord 4,BSNL,n258,57,22.8,24,2,313.62,3,True,Low,67.9,True,5,4,6,2024-06-21,4,1,2,0,1,2,1,1
2024-06-21 05:49:51.222139,Berlin,-75.3,525.95,51.23,2.5,3.23,4G,Nord 4,AT&T,n41,36,44.3,6,1,22.13,5,False,Low,84.0,False,5,4,6,2024-06-21,0,0,0,3,1,2,0,0
2024-06-21 05:59:51.222136,Chennai,-88.2,382.56,116.39,9.4,4.42,5G SA,iPhone 14,Jio,n78,16,31.3,1,1,204.91,4,True,Low,90.9,True,5,4,6,2024-06-21,1,2,3,4,1,4,1,1
2024-06-21 06:09:51.222134,Kolkata,-94.7,635.62,78.83,17.6,0.85,5G NSA,Galaxy S23,Vi,n78,65,35.3,50,2,196.95,2,True,Low,75.5,False,6,4,6,2024-06-21,3,1,6,4,1,1,1,0
2024-06-21 06:19:51.222131,New York,-89.3,885.83,50.32,5.8,0.37,4G,GT 7,Verizon,n41,55,20.1,3,1,374.32,1,False,High,76.0,True,6,4,6,2024-06-21,5,0,5,3,0,0,0,1
2024-06-21 06:29:51.222128,New York,-87.6,424.94,94.73,8.6,0.35,5G SA,iPhone 14,Verizon,n41,82,29.6,10,0,287.15,4,False,Low,70.2,False,6,4,6,2024-06-21,5,2,5,3,1,4,0,0
2024-06-21 06:39:51.222126,Delhi,-104.8,964.33,35.35,6.1,0.39,4G,Pixel 7,Jio,n258,10,26.8,31,4,159.85,1,True,Medium,31.2,False,6,4,6,2024-06-21,2,0,3,0,2,3,1,0
2024-06-21 06:49:51.222123,Delhi,-96.7,234.12,102.15,8.5,4.68,5G SA,GT 7,BSNL,n258,69,29.6,44,0,436.73,1,True,High,21.7,False,6,4,6,2024-06-21,2,2,2,0,0,0,1,0
2024-06-21 06:59:51.222121,Chennai,-86.6,777.38,128.88,9.0,3.78,5G NSA,iPhone 14,Jio,n258,26,33.2,13,3,328.81,3,True,Low,29.6,False,6,4,6,2024-06-21,1,1,3,0,1,4,1,0
2024-06-21 07:09:51.222118,Mumbai,-70.7,885.46,111.67,4.8,3.91,4G,iPhone 14,Airtel,n258,31,20.2,59,0,484.56,5,False,Medium,52.1,True,7,4,6,2024-06-21,4,0,1,0,2,4,0,1
2024-06-21 07:19:51.222115,Berlin,-66.9,303.75,108.65,15.6,0.13,4G,Pixel 7,Verizon,n78,29,27.5,50,2,263.55,5,True,High,71.4,False,7,4,6,2024-06-21,0,0,5,4,0,3,1,0
2024-06-21 07:29:51.222113,San Francisco,-91.8,341.61,47.53,4.6,0.67,4G,iPhone 14,T-Mobile,n78,24,22.1,45,3,41.78,5,False,High,61.6,True,7,4,6,2024-06-21,6,0,4,4,0,4,0,1
2024-06-21 07:39:51.222110,Chennai,-87.0,755.28,41.19,14.2,3.59,5G NSA,Pixel 7,Airtel,n78,69,41.9,4,4,317.97,4,True,Medium,82.4,False,7,4,6,2024-06-21,1,1,1,4,2,3,1,0
2024-06-21 07:49:51.222108,Chennai,-79.2,748.05,57.95,10.4,1.66,5G SA,iPhone 14,BSNL,n78,30,32.5,22,2,70.13,1,True,Low,15.5,False,7,4,6,2024-06-21,1,2,2,4,1,4,1,0
2024-06-21 07:59:51.222105,Kolkata,-108.9,820.79,66.13,5.9,2.91,5G SA,GT 7,Jio,n258,89,23.3,7,3,280.22,5,True,High,91.8,True,7,4,6,2024-06-21,3,2,3,0,0,0,1,1
2024-06-21 08:09:51.222103,Berlin,-97.6,349.48,74.96,10.5,4.05,4G,GT 7,Verizon,n78,97,35.9,56,3,86.26,2,True,Low,41.8,False,8,4,6,2024-06-21,0,0,5,4,1,0,1,0
2024-06-21 08:19:51.222100,New York,-62.0,834.01,39.7,18.5,3.61,4G,GT 7,T-Mobile,n78,64,23.8,24,1,486.4,1,False,Medium,59.8,True,8,4,6,2024-06-21,5,0,4,4,2,0,0,1
2024-06-21 08:29:51.222098,Tokyo,-86.0,886.01,89.86,12.8,0.34,5G SA,iPhone 14,Verizon,n260,78,35.3,23,0,301.01,3,True,High,57.6,False,8,4,6,2024-06-21,7,2,5,1,0,4,1,0
2024-06-21 08:39:51.222095,Kolkata,-103.4,779.24,92.3,4.1,0.86,5G NSA,iPhone 14,Airtel,n78,65,27.8,49,2,28.24,2,True,Low,14.1,True,8,4,6,2024-06-21,3,1,1,4,1,4,1,1
2024-06-21 08:49:51.222093,Mumbai,-67.8,193.21,46.15,19.6,2.37,5G SA,iPhone 14,Airtel,n28,34,44.2,32,4,113.72,3,False,Low,26.1,True,8,4,6,2024-06-21,4,2,1,2,1,4,0,1
2024-06-21 08:59:51.222090,New York,-92.0,485.35,138.19,4.6,2.45,4G,Galaxy S23,AT&T,n78,67,22.8,42,1,225.39,2,True,Medium,11.1,True,8,4,6,2024-06-21,5,0,0,4,2,1,1,1
2024-06-21 09:09:51.222087,Tokyo,-68.8,367.14,57.88,15.3,1.9,5G NSA,Pixel 7,AT&T,n78,59,35.6,9,1,177.3,5,False,High,71.7,False,9,4,6,2024-06-21,7,1,0,4,0,3,0,0
2024-06-21 09:19:51.222085,New York,-80.4,734.14,109.36,10.8,3.18,5G NSA,Galaxy S23,T-Mobile,n41,24,23.7,6,4,240.36,1,True,Low,52.9,True,9,4,6,2024-06-21,5,1,4,3,1,1,1,1
2024-06-21 09:29:51.222082,Kolkata,-105.8,917.81,38.33,3.0,1.38,5G SA,Galaxy S23,Vi,n78,22,42.2,29,3,409.22,3,False,Low,43.5,False,9,4,6,2024-06-21,3,2,6,4,1,1,0,0
2024-06-21 09:39:51.222080,Delhi,-110.0,971.38,115.39,2.5,0.11,5G NSA,Pixel 7,BSNL,n78,56,26.8,43,4,38.26,4,False,High,77.0,False,9,4,6,2024-06-21,2,1,2,4,0,3,0,0
2024-06-21 09:49:51.222077,Tokyo,-73.0,259.56,142.64,7.9,0.21,5G SA,GT 7,T-Mobile,n260,43,24.6,2,0,81.54,5,False,Low,65.5,True,9,4,6,2024-06-21,7,2,4,1,1,0,0,1
2024-06-21 09:59:51.222074,Tokyo,-89.8,858.99,100.5,1.2,3.74,5G SA,Galaxy S23,T-Mobile,n260,24,24.8,29,2,255.02,4,True,Medium,66.3,False,9,4,6,2024-06-21,7,2,4,1,2,1,1,0
2024-06-21 10:09:51.222072,San Francisco,-78.9,643.13,62.66,9.5,4.29,4G,GT 7,Verizon,n41,25,31.6,37,4,177.31,3,False,Low,50.7,False,10,4,6,2024-06-21,6,0,5,3,1,0,0,0
2024-06-21 10:19:51.222069,Berlin,-79.3,751.39,41.56,16.9,3.02,5G NSA,iPhone 14,AT&T,n78,19,40.5,36,3,434.05,3,True,High,18.6,True,10,4,6,2024-06-21,0,1,0,4,0,4,1,1
2024-06-21 10:29:51.222067,Mumbai,-61.4,463.02,132.49,2.2,1.52,5G NSA,Pixel 7,BSNL,n28,18,39.9,29,0,241.8,5,True,Medium,29.4,False,10,4,6,2024-06-21,4,1,2,2,2,3,1,0
2024-06-21 10:39:51.222064,New York,-71.3,585.17,140.78,7.9,0.94,5G NSA,Nord 4,Verizon,n78,58,20.4,22,4,440.35,3,False,Low,37.7,False,10,4,6,2024-06-21,5,1,5,4,1,2,0,0
2024-06-21 10:49:51.222061,Kolkata,-95.2,798.22,44.57,6.5,4.41,4G,Nord 4,Jio,n78,36,36.4,29,2,466.93,3,False,Low,34.7,True,10,4,6,2024-06-21,3,0,3,4,1,2,0,1
2024-06-21 10:59:51.222059,New York,-67.3,646.74,102.46,12.9,4.32,5G SA,GT 7,Verizon,n78,43,36.8,18,4,416.0,1,True,High,11.0,True,10,4,6,2024-06-21,5,2,5,4,0,0,1,1
2024-06-21 11:09:51.222056,Delhi,-71.9,644.39,112.08,12.5,3.55,5G NSA,GT 7,Vi,n28,77,33.7,46,4,209.21,5,False,High,56.7,True,11,4,6,2024-06-21,2,1,6,2,0,0,0,1
2024-06-21 11:19:51.222054,Chennai,-90.0,188.52,93.09,19.9,4.57,4G,Galaxy S23,Jio,n78,84,23.4,46,2,391.33,2,True,Low,48.4,True,11,4,6,2024-06-21,1,0,3,4,1,1,1,1
2024-06-21 11:29:51.222051,Mumbai,-63.7,717.73,139.71,16.9,4.53,4G,Nord 4,BSNL,n78,45,23.9,48,1,182.11,3,False,Low,46.7,False,11,4,6,2024-06-21,4,0,2,4,1,2,0,0
2024-06-21 11:39:51.222048,Mumbai,-71.8,694.2,56.97,19.7,4.72,4G,Galaxy S23,Vi,n78,73,31.3,14,4,463.24,4,False,Low,26.7,True,11,4,6,2024-06-21,4,0,6,4,1,1,0,1
2024-06-21 11:49:51.222046,Chennai,-100.0,178.41,116.41,12.8,1.22,4G,GT 7,Vi,n258,24,24.1,32,2,351.83,3,False,High,99.7,True,11,4,6,2024-06-21,1,0,6,0,0,0,0,1
2024-06-21 11:59:51.222043,Delhi,-105.8,430.76,95.09,2.2,0.83,4G,Pixel 7,Airtel,n258,56,38.7,20,1,462.64,4,False,Medium,85.3,True,11,4,6,2024-06-21,2,0,1,0,2,3,0,1
2024-06-21 12:09:51.222041,Tokyo,-72.3,678.63,20.54,16.9,4.61,4G,GT 7,AT&T,n41,61,44.9,3,2,212.4,2,False,Low,25.2,True,12,4,6,2024-06-21,7,0,0,3,1,0,0,1
2024-06-21 12:19:51.222038,Kolkata,-93.1,438.5,126.94,15.1,4.39,5G NSA,Galaxy S23,Airtel,n258,90,42.2,57,0,161.16,2,False,Medium,91.0,True,12,4,6,2024-06-21,3,1,1,0,2,1,0,1
2024-06-21 12:29:51.222035,San Francisco,-81.5,540.0,84.44,10.3,0.41,5G SA,Pixel 7,T-Mobile,n41,10,25.1,44,0,497.78,3,False,Medium,96.4,True,12,4,6,2024-06-21,6,2,4,3,2,3,0,1
2024-06-21 12:39:51.222033,Kolkata,-86.8,289.13,134.07,2.6,4.82,5G SA,Pixel 7,Jio,n258,78,31.7,54,3,448.65,4,True,Medium,10.5,False,12,4,6,2024-06-21,3,2,3,0,2,3,1,0
2024-06-21 12:49:51.222030,Kolkata,-74.2,443.74,132.6,9.7,4.12,5G SA,iPhone 14,Airtel,n78,69,34.7,25,4,337.61,5,False,Medium,63.0,True,12,4,6,2024-06-21,3,2,1,4,2,4,0,1
2024-06-21 12:59:51.222028,Delhi,-83.6,182.83,131.68,8.6,4.68,4G,iPhone 14,Vi,n258,64,27.8,34,4,66.96,2,False,Medium,11.4,True,12,4,6,2024-06-21,2,0,6,0,2,4,0,1
2024-06-21 13:09:51.222025,Delhi,-77.0,424.43,50.32,12.1,1.27,4G,Nord 4,Airtel,n28,26,27.5,34,0,202.27,5,True,Low,53.7,False,13,4,6,2024-06-21,2,0,1,2,1,2,1,0
2024-06-21 13:19:51.222022,Tokyo,-73.7,604.58,93.98,13.1,1.56,5G SA,Pixel 7,Verizon,n260,16,23.1,44,3,290.82,2,False,High,67.2,False,13,4,6,2024-06-21,7,2,5,1,0,3,0,0
2024-06-21 13:29:51.222020,Chennai,-66.2,137.33,74.8,16.5,3.32,5G SA,GT 7,Airtel,n258,26,39.5,30,1,166.69,4,False,Low,76.7,False,13,4,6,2024-06-21,1,2,1,0,1,0,0,0
2024-06-21 13:39:51.222017,Delhi,-66.0,204.11,102.97,15.5,4.16,5G SA,Nord 4,BSNL,n258,41,39.3,1,1,287.39,4,True,Medium,81.5,False,13,4,6,2024-06-21,2,2,2,0,2,2,1,0
2024-06-21 13:49:51.222015,San Francisco,-97.7,377.31,62.69,4.5,2.82,5G SA,iPhone 14,T-Mobile,n78,27,31.6,23,3,267.58,4,False,Medium,89.0,False,13,4,6,2024-06-21,6,2,4,4,2,4,0,0
2024-06-21 13:59:51.222012,Berlin,-91.1,600.63,107.29,6.5,4.6,4G,Nord 4,Verizon,n41,67,44.5,40,1,418.75,2,False,Low,42.7,True,13,4,6,2024-06-21,0,0,5,3,1,2,0,1
2024-06-21 14:09:51.222009,New York,-61.3,144.2,91.45,6.9,4.98,5G SA,Pixel 7,T-Mobile,n78,77,24.6,57,2,44.92,2,True,Medium,87.6,False,14,4,6,2024-06-21,5,2,4,4,2,3,1,0
2024-06-21 14:19:51.222007,Delhi,-92.6,886.79,146.84,15.6,3.45,5G NSA,Nord 4,Vi,n78,30,39.1,35,0,212.17,1,True,Low,91.8,False,14,4,6,2024-06-21,2,1,6,4,1,2,1,0
2024-06-21 14:29:51.222004,Tokyo,-83.8,619.99,39.46,2.0,4.02,5G NSA,Galaxy S23,AT&T,n260,83,21.8,45,0,380.62,4,False,Medium,35.7,True,14,4,6,2024-06-21,7,1,0,1,2,1,0,1
2024-06-21 14:39:51.222001,San Francisco,-105.9,857.54,115.63,9.4,2.62,4G,iPhone 14,Verizon,n260,99,22.5,18,4,346.07,1,True,Medium,57.9,True,14,4,6,2024-06-21,6,0,5,1,2,4,1,1
2024-06-21 14:49:51.221999,New York,-60.2,173.63,93.11,8.2,0.46,5G NSA,Nord 4,AT&T,n41,53,40.0,52,3,193.1,5,True,Low,32.5,True,14,4,6,2024-06-21,5,1,0,3,1,2,1,1
2024-06-21 14:59:51.221996,Tokyo,-104.2,832.85,34.0,9.4,0.42,4G,Pixel 7,Verizon,n78,43,28.9,14,3,229.92,1,False,Medium,92.1,True,14,4,6,2024-06-21,7,0,5,4,2,3,0,1
2024-06-21 15:09:51.221994,Chennai,-65.5,481.83,72.46,3.6,4.8,5G NSA,Pixel 7,Jio,n78,51,20.8,47,0,468.29,3,False,Low,23.4,True,15,4,6,2024-06-21,1,1,3,4,1,3,0,1
2024-06-21 15:19:51.221991,Mumbai,-73.4,500.25,67.94,2.3,0.46,5G NSA,GT 7,BSNL,n28,71,32.2,40,2,362.68,3,True,High,83.9,True,15,4,6,2024-06-21,4,1,2,2,0,0,1,1
2024-06-21 15:29:51.221988,New York,-77.4,209.76,144.52,17.6,2.98,4G,iPhone 14,T-Mobile,n41,77,24.1,32,1,153.08,1,False,High,26.9,True,15,4,6,2024-06-21,5,0,4,3,0,4,0,1
2024-06-21 15:39:51.221986,Tokyo,-82.3,187.51,103.29,10.2,0.64,4G,Pixel 7,AT&T,n260,56,34.2,19,0,45.33,4,True,Medium,28.0,True,15,4,6,2024-06-21,7,0,0,1,2,3,1,1
2024-06-21 15:49:51.221983,Delhi,-79.4,612.89,99.09,6.9,4.77,5G SA,Pixel 7,BSNL,n258,70,38.3,22,2,44.16,2,False,Low,38.8,False,15,4,6,2024-06-21,2,2,2,0,1,3,0,0
2024-06-21 15:59:51.221980,Tokyo,-69.0,359.74,98.81,6.8,0.19,5G SA,Galaxy S23,Verizon,n260,52,26.9,54,2,125.07,1,False,Low,62.2,True,15,4,6,2024-06-21,7,2,5,1,1,1,0,1
2024-06-21 16:09:51.221978,Kolkata,-94.9,744.56,126.81,11.8,2.24,4G,Galaxy S23,Jio,n258,10,21.8,56,3,313.91,5,True,High,65.8,False,16,4,6,2024-06-21,3,0,3,0,0,1,1,0
2024-06-21 16:19:51.221975,San Francisco,-96.6,931.43,122.75,10.1,3.57,4G,iPhone 14,Verizon,n78,81,37.9,13,4,135.76,4,False,High,33.8,True,16,4,6,2024-06-21,6,0,5,4,0,4,0,1
2024-06-21 16:29:51.221973,San Francisco,-86.1,759.73,143.8,15.6,1.15,4G,Pixel 7,Verizon,n78,29,38.7,36,0,360.75,2,False,Medium,92.1,False,16,4,6,2024-06-21,6,0,5,4,2,3,0,0
2024-06-21 16:39:51.221970,Chennai,-96.0,630.03,127.31,4.2,2.64,4G,Galaxy S23,Airtel,n28,59,26.9,3,1,333.54,2,True,Low,92.4,False,16,4,6,2024-06-21,1,0,1,2,1,1,1,0
2024-06-21 16:49:51.221967,Chennai,-84.0,847.75,80.81,17.8,4.21,5G NSA,GT 7,BSNL,n258,59,22.4,53,0,39.39,4,True,Low,63.1,True,16,4,6,2024-06-21,1,1,2,0,1,0,1,1
2024-06-21 16:59:51.221965,San Francisco,-84.9,742.85,26.69,11.4,0.84,5G NSA,Galaxy S23,T-Mobile,n260,92,34.9,55,4,251.09,3,True,High,41.5,False,16,4,6,2024-06-21,6,1,4,1,0,1,1,0
2024-06-21 17:09:51.221962,San Francisco,-96.4,461.41,110.84,7.6,2.29,5G SA,Pixel 7,AT&T,n78,44,26.2,1,2,179.24,1,True,Medium,84.6,False,17,4,6,2024-06-21,6,2,0,4,2,3,1,0
2024-06-21 17:19:51.221960,Tokyo,-107.9,469.56,117.14,7.3,4.37,5G NSA,Nord 4,AT&T,n41,96,37.2,49,4,253.52,3,True,Medium,63.3,True,17,4,6,2024-06-21,7,1,0,3,2,2,1,1
2024-06-21 17:29:51.221957,San Francisco,-76.7,213.81,20.53,6.2,0.74,4G,Nord 4,T-Mobile,n78,36,42.2,6,2,491.56,4,False,Medium,70.6,False,17,4,6,2024-06-21,6,0,4,4,2,2,0,0
2024-06-21 17:39:51.221954,Mumbai,-76.6,735.12,122.32,12.8,4.86,5G SA,Galaxy S23,Jio,n78,66,22.8,26,3,479.92,1,False,High,30.8,True,17,4,6,2024-06-21,4,2,3,4,0,1,0,1
2024-06-21 17:49:51.221952,San Francisco,-79.3,178.59,83.3,16.3,3.56,5G NSA,Pixel 7,T-Mobile,n260,73,29.7,51,1,309.17,5,True,Low,74.5,False,17,4,6,2024-06-21,6,1,4,1,1,3,1,0
2024-06-21 17:59:51.221949,Kolkata,-104.1,633.91,31.39,4.8,3.14,5G SA,Pixel 7,Vi,n258,69,38.9,31,2,133.3,5,False,Low,51.4,False,17,4,6,2024-06-21,3,2,6,0,1,3,0,0
2024-06-21 18:09:51.221947,Berlin,-80.1,176.25,35.08,8.9,3.15,4G,Galaxy S23,T-Mobile,n78,79,41.5,57,2,137.12,3,True,Medium,47.7,False,18,4,6,2024-06-21,0,0,4,4,2,1,1,0
2024-06-21 18:19:51.221944,San Francisco,-89.3,778.36,20.34,10.4,3.02,5G SA,iPhone 14,T-Mobile,n78,45,44.1,27,3,478.55,1,False,Medium,95.5,True,18,4,6,2024-06-21,6,2,4,4,2,4,0,1
2024-06-21 18:29:51.221941,Tokyo,-98.8,537.26,134.1,8.5,4.31,5G SA,iPhone 14,AT&T,n41,90,42.9,23,0,26.43,4,False,Medium,61.6,False,18,4,6,2024-06-21,7,2,0,3,2,4,0,0
2024-06-21 18:39:51.221939,San Francisco,-85.4,590.61,94.39,15.0,3.47,5G NSA,Galaxy S23,Verizon,n260,52,22.9,52,1,448.77,4,False,Low,30.6,False,18,4,6,2024-06-21,6,1,5,1,1,1,0,0
2024-06-21 18:49:51.221936,Delhi,-85.6,491.98,89.13,16.1,0.92,5G NSA,Nord 4,Vi,n28,43,39.0,22,1,220.83,2,True,Medium,43.6,False,18,4,6,2024-06-21,2,1,6,2,2,2,1,0
2024-06-21 18:59:51.221933,Kolkata,-76.2,515.23,51.79,3.1,2.03,5G SA,GT 7,BSNL,n28,44,36.7,59,0,224.97,5,False,Medium,33.9,True,18,4,6,2024-06-21,3,2,2,2,2,0,0,1
2024-06-21 19:09:51.221928,Chennai,-93.0,368.94,90.8,11.2,1.75,4G,iPhone 14,Jio,n258,60,37.6,7,0,81.89,3,True,High,68.8,False,19,4,6,2024-06-21,1,0,3,0,0,4,1,0
2024-06-21 19:19:51.221926,Chennai,-93.1,980.99,124.34,5.1,0.95,5G SA,GT 7,Airtel,n28,71,30.7,45,3,428.86,1,False,Low,52.6,True,19,4,6,2024-06-21,1,2,1,2,1,0,0,1
2024-06-21 19:29:51.221923,Mumbai,-101.2,408.38,32.02,13.1,4.33,4G,iPhone 14,BSNL,n78,65,43.4,51,0,313.88,5,True,Low,81.3,False,19,4,6,2024-06-21,4,0,2,4,1,4,1,0
2024-06-21 19:39:51.221921,Chennai,-97.2,327.36,87.24,13.6,3.65,5G NSA,Pixel 7,Airtel,n28,32,36.4,13,1,200.31,2,False,Medium,25.2,True,19,4,6,2024-06-21,1,1,1,2,2,3,0,1
2024-06-21 19:49:51.221918,Delhi,-101.7,402.94,36.95,16.3,4.83,4G,iPhone 14,Vi,n78,20,22.3,49,0,124.99,1,True,High,20.7,True,19,4,6,2024-06-21,2,0,6,4,0,4,1,1
2024-06-21 19:59:51.221916,New York,-61.3,763.8,143.19,17.2,2.87,5G SA,Pixel 7,T-Mobile,n260,16,22.2,29,0,249.0,2,True,Medium,12.6,True,19,4,6,2024-06-21,5,2,4,1,2,3,1,1
2024-06-21 20:09:51.221913,Berlin,-61.5,602.42,136.46,16.1,2.45,5G SA,Nord 4,AT&T,n78,64,25.0,24,4,485.06,1,True,Medium,53.6,False,20,4,6,2024-06-21,0,2,0,4,2,2,1,0
2024-06-21 20:19:51.221911,Chennai,-66.8,931.53,55.89,9.7,0.54,4G,GT 7,Airtel,n28,93,33.7,21,2,39.18,1,True,Low,17.8,True,20,4,6,2024-06-21,1,0,1,2,1,0,1,1
2024-06-21 20:29:51.221908,Berlin,-91.1,990.78,138.56,6.1,4.14,5G NSA,Pixel 7,T-Mobile,n260,49,35.7,15,3,430.14,3,True,Medium,24.7,True,20,4,6,2024-06-21,0,1,4,1,2,3,1,1
2024-06-21 20:39:51.221905,Tokyo,-101.3,607.33,117.2,2.3,2.28,5G SA,Pixel 7,T-Mobile,n260,22,42.9,32,2,422.94,4,True,Low,80.8,False,20,4,6,2024-06-21,7,2,4,1,1,3,1,0
2024-06-21 20:49:51.221903,Mumbai,-76.4,746.97,84.42,9.7,0.25,4G,Galaxy S23,BSNL,n78,54,34.4,51,3,78.12,2,True,Low,19.0,False,20,4,6,2024-06-21,4,0,2,4,1,1,1,0
2024-06-21 20:59:51.221900,New York,-79.2,728.03,58.06,12.4,3.7,5G SA,Pixel 7,AT&T,n78,22,38.2,53,4,277.41,1,True,Low,28.7,False,20,4,6,2024-06-21,5,2,0,4,1,3,1,0
2024-06-21 21:09:51.221898,Kolkata,-104.0,780.09,139.21,9.2,3.13,5G SA,Galaxy S23,Airtel,n28,90,34.3,57,1,131.54,1,False,Low,53.4,False,21,4,6,2024-06-21,3,2,1,2,1,1,0,0
2024-06-21 21:19:51.221895,Delhi,-72.5,638.07,107.75,4.0,1.05,5G SA,Pixel 7,Vi,n78,24,36.6,47,3,417.5,2,True,High,77.4,True,21,4,6,2024-06-21,2,2,6,4,0,3,1,1
2024-06-21 21:29:51.221893,Delhi,-100.8,525.23,99.64,10.3,4.79,4G,GT 7,BSNL,n28,85,26.4,36,0,385.62,2,True,Low,12.9,True,21,4,6,2024-06-21,2,0,2,2,1,0,1,1
2024-06-21 21:39:51.221890,Tokyo,-65.3,416.07,123.55,12.1,4.55,5G SA,iPhone 14,AT&T,n41,27,40.0,47,2,364.69,1,True,High,28.3,True,21,4,6,2024-06-21,7,2,0,3,0,4,1,1
2024-06-21 21:49:51.221887,Chennai,-73.2,705.41,93.45,12.0,2.87,4G,Nord 4,Airtel,n28,82,28.5,1,0,396.47,4,False,Medium,37.2,True,21,4,6,2024-06-21,1,0,1,2,2,2,0,1
2024-06-21 21:59:51.221885,Mumbai,-99.2,114.24,88.61,5.0,3.47,4G,Pixel 7,Jio,n28,43,29.0,55,3,261.24,4,True,Low,86.1,True,21,4,6,2024-06-21,4,0,3,2,1,3,1,1
2024-06-21 22:09:51.221882,Kolkata,-90.9,251.9,42.81,9.9,4.46,4G,Pixel 7,Vi,n258,25,44.7,20,0,110.98,3,True,Medium,99.6,True,22,4,6,2024-06-21,3,0,6,0,2,3,1,1
2024-06-21 22:19:51.221880,New York,-92.3,543.49,118.39,14.1,4.26,5G NSA,GT 7,T-Mobile,n78,36,28.1,55,4,139.65,1,True,High,39.9,True,22,4,6,2024-06-21,5,1,4,4,0,0,1,1
2024-06-21 22:29:51.221877,Mumbai,-97.9,783.6,98.36,4.5,3.09,5G SA,Nord 4,Vi,n258,38,39.9,49,1,50.61,3,True,Low,43.7,True,22,4,6,2024-06-21,4,2,6,0,1,2,1,1
2024-06-21 22:39:51.221874,Berlin,-102.3,389.29,24.72,1.2,1.5,4G,iPhone 14,T-Mobile,n260,55,41.4,42,1,341.59,2,False,High,71.8,False,22,4,6,2024-06-21,0,0,4,1,0,4,0,0
2024-06-21 22:49:51.221872,Chennai,-79.4,972.02,61.56,17.4,1.86,4G,Galaxy S23,Jio,n258,99,42.5,50,3,72.39,2,False,Low,19.3,False,22,4,6,2024-06-21,1,0,3,0,1,1,0,0
2024-06-21 22:59:51.221869,Tokyo,-75.9,210.02,122.45,2.4,1.31,5G SA,Galaxy S23,AT&T,n78,59,33.6,40,2,236.1,3,False,High,92.2,False,22,4,6,2024-06-21,7,2,0,4,0,1,0,0
2024-06-21 23:09:51.221867,Tokyo,-106.7,735.97,74.37,9.9,4.44,5G SA,Galaxy S23,AT&T,n41,61,40.6,37,3,320.58,1,False,High,33.7,False,23,4,6,2024-06-21,7,2,0,3,0,1,0,0
2024-06-21 23:19:51.221864,Tokyo,-61.6,637.33,110.22,9.0,4.79,4G,Galaxy S23,Verizon,n41,85,40.3,9,1,265.11,4,True,Medium,29.7,True,23,4,6,2024-06-21,7,0,5,3,2,1,1,1
2024-06-21 23:29:51.221862,Kolkata,-105.3,276.1,111.4,13.8,4.63,4G,Nord 4,BSNL,n258,96,44.9,31,3,209.9,5,False,Low,28.9,False,23,4,6,2024-06-21,3,0,2,0,1,2,0,0
2024-06-21 23:39:51.221859,Chennai,-63.5,631.24,71.42,10.5,1.26,5G NSA,iPhone 14,BSNL,n258,38,22.1,24,0,207.54,2,True,Medium,88.6,False,23,4,6,2024-06-21,1,1,2,0,2,4,1,0
2024-06-21 23:49:51.221856,San Francisco,-62.2,844.32,71.77,15.1,1.06,4G,iPhone 14,T-Mobile,n260,12,25.7,18,2,365.28,4,False,Medium,14.5,False,23,4,6,2024-06-21,6,0,4,1,2,4,0,0
2024-06-21 23:59:51.221854,Berlin,-104.7,852.71,117.09,7.2,2.54,5G SA,Galaxy S23,Verizon,n260,10,32.4,12,3,370.65,4,False,Low,58.0,False,23,4,6,2024-06-21,0,2,5,1,1,1,0,0
2024-06-22 00:09:51.221851,New York,-81.1,943.62,99.87,6.8,0.72,5G SA,iPhone 14,AT&T,n41,55,25.2,16,0,121.99,5,True,Low,62.0,False,0,5,6,2024-06-22,5,2,0,3,1,4,1,0
2024-06-22 00:19:51.221849,Berlin,-83.1,800.16,114.95,10.8,1.47,5G NSA,Galaxy S23,AT&T,n260,78,30.5,3,2,274.3,4,True,High,83.0,True,0,5,6,2024-06-22,0,1,0,1,0,1,1,1
2024-06-22 00:29:51.221846,Chennai,-68.9,319.23,66.57,4.5,3.33,5G SA,Galaxy S23,Jio,n28,42,35.3,11,1,10.17,1,False,High,62.2,True,0,5,6,2024-06-22,1,2,3,2,0,1,0,1
2024-06-22 00:39:51.221844,Delhi,-61.5,778.47,27.52,16.4,1.65,5G SA,Nord 4,Airtel,n28,16,37.5,44,1,385.99,3,False,Medium,33.8,True,0,5,6,2024-06-22,2,2,1,2,2,2,0,1
2024-06-22 00:49:51.221841,Tokyo,-65.6,420.42,127.38,6.1,2.97,4G,Galaxy S23,AT&T,n41,46,39.0,30,3,237.76,4,True,Medium,22.5,True,0,5,6,2024-06-22,7,0,0,3,2,1,1,1
2024-06-22 00:59:51.221838,Tokyo,-67.9,286.73,141.69,9.6,0.47,5G SA,Galaxy S23,T-Mobile,n78,74,33.7,57,0,306.63,3,False,Low,50.6,True,0,5,6,2024-06-22,7,2,4,4,1,1,0,1
2024-06-22 01:09:51.221836,Chennai,-85.5,101.81,24.36,8.7,2.49,5G NSA,iPhone 14,Jio,n258,85,33.2,43,2,288.98,4,False,Low,19.7,False,1,5,6,2024-06-22,1,1,3,0,1,4,0,0
2024-06-22 01:19:51.221833,Berlin,-78.1,413.23,67.35,4.2,3.08,5G SA,Galaxy S23,AT&T,n78,39,28.0,56,0,93.2,1,False,Low,14.1,False,1,5,6,2024-06-22,0,2,0,4,1,1,0,0
2024-06-22 01:29:51.221831,Berlin,-108.7,845.14,85.89,2.7,1.69,4G,Nord 4,T-Mobile,n41,78,36.9,4,1,217.12,4,False,Medium,27.0,False,1,5,6,2024-06-22,0,0,4,3,2,2,0,0
2024-06-22 01:39:51.221828,New York,-75.0,932.94,45.17,5.2,4.95,4G,GT 7,Verizon,n41,74,33.7,35,2,200.99,2,False,High,60.9,True,1,5,6,2024-06-22,5,0,5,3,0,0,0,1
2024-06-22 01:49:51.221825,Berlin,-101.8,953.89,66.65,2.3,3.03,5G NSA,GT 7,T-Mobile,n41,68,23.6,54,0,344.73,5,False,Medium,43.3,False,1,5,6,2024-06-22,0,1,4,3,2,0,0,0
2024-06-22 01:59:51.221823,New York,-89.7,424.32,82.4,18.7,2.02,5G SA,Pixel 7,AT&T,n41,35,43.0,27,2,207.34,2,False,Low,74.2,True,1,5,6,2024-06-22,5,2,0,3,1,3,0,1
2024-06-22 02:09:51.221820,Berlin,-94.1,102.52,66.47,13.1,4.72,4G,iPhone 14,AT&T,n78,80,23.4,22,3,91.86,1,True,Low,43.5,True,2,5,6,2024-06-22,0,0,0,4,1,4,1,1
2024-06-22 02:19:51.221818,Chennai,-73.4,368.08,149.38,4.3,1.35,4G,iPhone 14,Airtel,n78,42,27.5,29,4,299.68,4,True,Medium,17.5,False,2,5,6,2024-06-22,1,0,1,4,2,4,1,0
2024-06-22 02:29:51.221815,Delhi,-88.8,613.49,93.9,16.7,0.57,5G NSA,GT 7,Airtel,n258,70,29.8,14,0,162.14,2,False,Medium,22.2,True,2,5,6,2024-06-22,2,1,1,0,2,0,0,1
2024-06-22 02:39:51.221813,New York,-61.7,948.58,59.02,4.5,4.78,4G,Pixel 7,T-Mobile,n41,20,28.7,29,0,308.41,1,True,Low,99.0,True,2,5,6,2024-06-22,5,0,4,3,1,3,1,1
2024-06-22 02:49:51.221810,Mumbai,-100.0,908.67,52.11,9.1,4.71,5G SA,iPhone 14,BSNL,n258,63,37.1,37,3,336.18,2,True,Low,66.0,False,2,5,6,2024-06-22,4,2,2,0,1,4,1,0
2024-06-22 02:59:51.221807,Delhi,-85.9,505.85,45.2,2.7,3.91,4G,GT 7,Jio,n78,80,38.0,35,0,108.13,2,True,High,59.8,True,2,5,6,2024-06-22,2,0,3,4,0,0,1,1
2024-06-22 03:09:51.221805,Tokyo,-61.0,897.52,48.05,1.1,3.45,4G,GT 7,T-Mobile,n78,83,34.5,42,3,61.97,1,True,High,70.4,True,3,5,6,2024-06-22,7,0,4,4,0,0,1,1
2024-06-22 03:19:51.221802,Chennai,-108.1,391.68,89.44,14.0,2.98,4G,Pixel 7,Airtel,n78,83,33.5,45,0,282.52,1,True,Medium,37.4,True,3,5,6,2024-06-22,1,0,1,4,2,3,1,1
2024-06-22 03:29:51.221800,San Francisco,-66.6,955.9,31.47,11.4,2.11,5G NSA,Nord 4,AT&T,n260,71,20.0,35,1,73.28,5,True,Low,58.0,True,3,5,6,2024-06-22,6,1,0,1,1,2,1,1
2024-06-22 03:39:51.221797,Tokyo,-73.6,816.41,39.88,6.5,4.69,5G SA,Pixel 7,AT&T,n41,37,25.9,13,0,395.46,4,False,Low,88.0,False,3,5,6,2024-06-22,7,2,0,3,1,3,0,0
2024-06-22 03:49:51.221794,Delhi,-94.4,231.46,53.49,13.8,3.5,5G SA,Galaxy S23,Jio,n28,66,39.8,18,1,293.92,5,False,Medium,75.9,False,3,5,6,2024-06-22,2,2,3,2,2,1,0,0
2024-06-22 03:59:51.221792,Delhi,-88.9,125.1,145.66,1.3,0.87,5G NSA,GT 7,Jio,n78,39,41.2,31,0,168.8,4,True,Low,73.5,False,3,5,6,2024-06-22,2,1,3,4,1,0,1,0
2024-06-22 04:09:51.221789,San Francisco,-79.6,912.39,64.67,1.5,1.95,5G SA,Pixel 7,AT&T,n41,92,37.5,18,3,168.33,4,True,Low,84.8,True,4,5,6,2024-06-22,6,2,0,3,1,3,1,1
2024-06-22 04:19:51.221787,Tokyo,-66.4,594.77,144.45,15.1,0.17,5G NSA,GT 7,Verizon,n260,33,32.6,34,2,198.07,4,False,Low,78.4,False,4,5,6,2024-06-22,7,1,5,1,1,0,0,0
2024-06-22 04:29:51.221784,Mumbai,-76.0,816.31,92.37,5.5,1.22,5G SA,iPhone 14,BSNL,n28,53,37.8,21,3,41.23,4,False,High,84.6,False,4,5,6,2024-06-22,4,2,2,2,0,4,0,0
2024-06-22 04:39:51.221781,Berlin,-72.1,822.6,135.37,14.3,3.6,5G SA,Pixel 7,AT&T,n260,24,22.8,9,2,178.67,3,True,Medium,86.4,True,4,5,6,2024-06-22,0,2,0,1,2,3,1,1
2024-06-22 04:49:51.221779,Kolkata,-96.7,988.56,148.15,11.1,2.78,5G NSA,GT 7,BSNL,n28,30,31.6,36,0,114.45,4,True,Medium,32.0,False,4,5,6,2024-06-22,3,1,2,2,2,0,1,0
2024-06-22 04:59:51.221776,Delhi,-81.3,748.52,73.37,10.8,4.87,5G NSA,GT 7,Vi,n28,33,39.5,10,3,256.76,1,False,High,17.3,False,4,5,6,2024-06-22,2,1,6,2,0,0,0,0
2024-06-22 05:09:51.221774,New York,-83.9,926.36,65.37,15.4,1.9,5G NSA,Galaxy S23,AT&T,n78,80,21.0,21,1,84.92,3,True,Medium,29.9,False,5,5,6,2024-06-22,5,1,0,4,2,1,1,0
2024-06-22 05:19:51.221771,Tokyo,-78.4,667.63,59.75,13.5,2.43,5G NSA,Galaxy S23,Verizon,n41,34,25.5,46,4,77.17,3,False,High,48.6,False,5,5,6,2024-06-22,7,1,5,3,0,1,0,0
2024-06-22 05:29:51.221768,Tokyo,-107.4,257.44,31.85,2.3,3.38,5G SA,Galaxy S23,T-Mobile,n78,71,25.0,14,0,298.46,3,False,Low,81.6,False,5,5,6,2024-06-22,7,2,4,4,1,1,0,0
2024-06-22 05:39:51.221766,Tokyo,-93.2,691.75,87.29,15.3,1.61,5G SA,Pixel 7,AT&T,n78,90,34.4,52,1,376.87,4,True,Medium,26.2,False,5,5,6,2024-06-22,7,2,0,4,2,3,1,0
2024-06-22 05:49:51.221763,Kolkata,-82.4,951.6,34.98,11.3,4.5,5G SA,Galaxy S23,Airtel,n28,44,33.5,54,3,167.13,3,False,Low,82.6,True,5,5,6,2024-06-22,3,2,1,2,1,1,0,1
2024-06-22 05:59:51.221761,Tokyo,-69.4,414.16,70.19,2.2,3.58,5G SA,Galaxy S23,Verizon,n260,58,20.4,38,2,14.87,5,False,High,47.6,True,5,5,6,2024-06-22,7,2,5,1,0,1,0,1
2024-06-22 06:09:51.221758,Chennai,-82.0,811.96,45.73,18.2,0.14,5G NSA,Pixel 7,Airtel,n28,33,20.1,45,2,378.41,5,True,Medium,42.1,False,6,5,6,2024-06-22,1,1,1,2,2,3,1,0
2024-06-22 06:19:51.221756,Delhi,-71.2,719.09,92.94,9.5,4.92,5G NSA,Galaxy S23,Airtel,n28,71,26.2,1,1,72.25,4,True,Medium,79.8,False,6,5,6,2024-06-22,2,1,1,2,2,1,1,0
2024-06-22 06:29:51.221753,Tokyo,-90.6,462.56,58.32,7.2,3.39,4G,iPhone 14,Verizon,n41,98,37.0,59,1,210.09,3,True,High,52.1,False,6,5,6,2024-06-22,7,0,5,3,0,4,1,0
2024-06-22 06:39:51.221750,New York,-95.1,373.98,107.57,16.2,1.98,4G,GT 7,Verizon,n260,86,43.2,19,4,446.4,1,False,High,71.0,True,6,5,6,2024-06-22,5,0,5,1,0,0,0,1
2024-06-22 06:49:51.221748,Delhi,-64.5,789.91,77.26,11.7,2.72,5G NSA,Nord 4,Vi,n258,84,20.8,58,3,200.43,5,True,Low,61.5,True,6,5,6,2024-06-22,2,1,6,0,1,2,1,1
2024-06-22 06:59:51.221745,Mumbai,-75.7,990.85,79.85,6.7,4.01,4G,Pixel 7,Jio,n78,95,43.6,5,3,361.62,1,False,High,86.4,False,6,5,6,2024-06-22,4,0,3,4,0,3,0,0
2024-06-22 07:09:51.221742,San Francisco,-82.2,392.62,120.47,3.4,3.35,5G NSA,GT 7,AT&T,n260,18,35.5,50,0,453.34,5,True,High,50.5,True,7,5,6,2024-06-22,6,1,0,1,0,0,1,1
2024-06-22 07:19:51.221740,Berlin,-72.2,782.63,42.94,7.9,4.95,4G,Pixel 7,Verizon,n78,97,22.8,24,1,262.21,2,False,Medium,27.7,False,7,5,6,2024-06-22,0,0,5,4,2,3,0,0
2024-06-22 07:29:51.221738,Berlin,-103.0,718.85,130.82,5.9,3.28,4G,GT 7,T-Mobile,n260,73,29.4,46,1,403.25,1,True,Low,64.9,True,7,5,6,2024-06-22,0,0,4,1,1,0,1,1
2024-06-22 07:39:51.221736,New York,-80.7,692.19,145.55,3.2,0.52,4G,iPhone 14,Verizon,n260,35,42.8,19,2,75.92,4,False,Low,89.0,True,7,5,6,2024-06-22,5,0,5,1,1,4,0,1
2024-06-22 07:49:51.221733,San Francisco,-68.3,445.35,44.71,6.3,0.31,4G,Pixel 7,AT&T,n78,63,23.6,24,3,236.62,1,False,High,40.4,True,7,5,6,2024-06-22,6,0,0,4,0,3,0,1
2024-06-22 07:59:51.221731,Chennai,-71.0,812.17,136.54,13.5,2.53,5G NSA,iPhone 14,Jio,n258,74,26.0,28,0,304.35,3,False,High,58.5,False,7,5,6,2024-06-22,1,1,3,0,0,4,0,0
2024-06-22 08:09:51.221729,Chennai,-104.6,664.58,87.22,13.1,2.57,4G,GT 7,Airtel,n28,14,43.8,36,4,133.63,4,True,Low,57.4,True,8,5,6,2024-06-22,1,0,1,2,1,0,1,1
2024-06-22 08:19:51.221727,Delhi,-99.6,588.67,84.26,17.5,0.38,4G,iPhone 14,Jio,n78,17,30.3,29,4,271.61,4,False,High,55.4,False,8,5,6,2024-06-22,2,0,3,4,0,4,0,0
2024-06-22 08:29:51.221725,New York,-79.6,259.46,63.37,4.7,3.78,5G SA,Pixel 7,AT&T,n78,88,32.2,56,3,21.58,4,False,High,71.9,True,8,5,6,2024-06-22,5,2,0,4,0,3,0,1
2024-06-22 08:39:51.221724,Mumbai,-105.0,615.21,75.71,14.9,1.73,5G NSA,iPhone 14,BSNL,n78,79,41.7,26,3,463.17,4,False,Low,18.2,True,8,5,6,2024-06-22,4,1,2,4,1,4,0,1
2024-06-22 08:49:51.221721,Delhi,-79.7,337.09,55.16,19.7,2.81,5G NSA,GT 7,Jio,n28,11,26.5,37,3,288.63,2,True,Medium,17.2,True,8,5,6,2024-06-22,2,1,3,2,2,0,1,1
2024-06-22 08:59:51.221718,Chennai,-89.7,824.44,135.85,19.8,2.32,4G,Galaxy S23,BSNL,n28,60,30.3,36,4,436.37,2,False,High,54.0,True,8,5,6,2024-06-22,1,0,2,2,0,1,0,1
2024-06-22 09:09:51.221712,Tokyo,-96.9,248.49,78.53,4.5,1.37,5G NSA,Nord 4,T-Mobile,n260,93,43.6,17,4,112.86,1,False,Medium,67.1,True,9,5,6,2024-06-22,7,1,4,1,2,2,0,1
2024-06-22 09:19:51.221709,Berlin,-81.4,258.14,79.77,11.1,2.77,5G NSA,Galaxy S23,AT&T,n41,81,23.7,18,1,492.46,3,True,Low,42.1,True,9,5,6,2024-06-22,0,1,0,3,1,1,1,1
2024-06-22 09:29:51.221707,Berlin,-99.3,791.29,44.01,16.2,2.02,5G SA,Galaxy S23,T-Mobile,n260,85,26.2,57,4,438.76,5,False,Medium,14.0,False,9,5,6,2024-06-22,0,2,4,1,2,1,0,0
2024-06-22 09:39:51.221704,Mumbai,-107.6,791.78,144.99,15.7,0.64,4G,iPhone 14,Jio,n258,36,25.8,30,1,74.61,4,False,Low,80.9,False,9,5,6,2024-06-22,4,0,3,0,1,4,0,0
2024-06-22 09:49:51.221702,Delhi,-96.9,975.82,47.55,14.9,1.0,5G SA,iPhone 14,Jio,n258,16,44.7,46,1,268.26,4,False,Medium,72.5,False,9,5,6,2024-06-22,2,2,3,0,2,4,0,0
2024-06-22 09:59:51.221699,San Francisco,-100.0,409.35,63.42,3.7,4.77,5G SA,Galaxy S23,Verizon,n78,85,37.1,6,3,350.48,5,False,Low,35.7,False,9,5,6,2024-06-22,6,2,5,4,1,1,0,0
2024-06-22 10:09:51.221696,Delhi,-108.8,744.66,25.95,7.9,4.27,5G NSA,iPhone 14,Jio,n28,10,22.9,49,1,481.77,5,True,Medium,67.7,False,10,5,6,2024-06-22,2,1,3,2,2,4,1,0
2024-06-22 10:19:51.221694,New York,-92.8,861.11,38.95,4.0,3.41,4G,GT 7,T-Mobile,n78,62,21.0,57,0,140.23,1,True,Low,43.2,False,10,5,6,2024-06-22,5,0,4,4,1,0,1,0
2024-06-22 10:29:51.221691,New York,-101.7,556.62,96.91,15.3,2.72,4G,iPhone 14,AT&T,n78,29,32.1,23,2,203.52,5,True,High,80.2,True,10,5,6,2024-06-22,5,0,0,4,0,4,1,1
2024-06-22 10:39:51.221689,Mumbai,-102.2,214.13,98.21,15.9,4.09,5G SA,Nord 4,Vi,n78,60,25.5,58,0,10.58,3,False,Low,31.7,False,10,5,6,2024-06-22,4,2,6,4,1,2,0,0
2024-06-22 10:49:51.221686,San Francisco,-65.2,429.38,102.62,16.8,3.73,5G NSA,Nord 4,AT&T,n41,47,23.5,15,2,376.17,5,False,High,15.7,True,10,5,6,2024-06-22,6,1,0,3,0,2,0,1
2024-06-22 10:59:51.221683,Kolkata,-85.6,670.5,20.1,15.3,3.18,4G,Galaxy S23,BSNL,n78,12,23.8,48,2,460.97,5,True,High,28.3,False,10,5,6,2024-06-22,3,0,2,4,0,1,1,0
2024-06-22 11:09:51.221681,Berlin,-69.1,206.88,148.98,7.7,3.26,5G SA,Galaxy S23,Verizon,n41,62,22.9,51,3,137.49,3,False,Medium,87.9,True,11,5,6,2024-06-22,0,2,5,3,2,1,0,1
2024-06-22 11:19:51.221678,San Francisco,-66.2,251.19,137.43,17.9,0.98,5G NSA,Pixel 7,Verizon,n78,15,30.8,16,0,127.2,2,True,Low,16.8,False,11,5,6,2024-06-22,6,1,5,4,1,3,1,0
2024-06-22 11:29:51.221675,Mumbai,-101.0,171.67,125.83,2.0,3.47,5G SA,Pixel 7,BSNL,n28,36,33.0,1,0,85.08,2,True,Low,47.6,True,11,5,6,2024-06-22,4,2,2,2,1,3,1,1
2024-06-22 11:39:51.221673,Tokyo,-87.8,703.46,138.31,8.2,0.69,5G SA,Galaxy S23,AT&T,n260,53,35.2,58,2,57.8,4,True,Medium,37.8,True,11,5,6,2024-06-22,7,2,0,1,2,1,1,1
2024-06-22 11:49:51.221670,Tokyo,-96.6,617.61,111.05,3.1,1.86,5G NSA,GT 7,T-Mobile,n260,99,26.4,6,0,228.86,3,False,High,36.0,False,11,5,6,2024-06-22,7,1,4,1,0,0,0,0
2024-06-22 11:59:51.221668,Kolkata,-105.7,497.69,59.54,11.6,2.62,5G NSA,Galaxy S23,Airtel,n28,50,43.4,48,1,112.09,1,True,Medium,83.0,True,11,5,6,2024-06-22,3,1,1,2,2,1,1,1
2024-06-22 12:09:51.221665,Kolkata,-100.7,186.27,118.51,12.0,4.22,4G,Pixel 7,Vi,n78,63,37.3,34,1,293.9,3,False,High,62.1,False,12,5,6,2024-06-22,3,0,6,4,0,3,0,0
2024-06-22 12:19:51.221663,Delhi,-94.3,288.69,35.09,5.7,3.72,5G SA,Nord 4,Airtel,n28,52,27.8,34,3,274.29,3,False,High,28.1,True,12,5,6,2024-06-22,2,2,1,2,0,2,0,1
2024-06-22 12:29:51.221660,New York,-80.6,734.21,45.85,4.0,3.32,5G SA,Galaxy S23,AT&T,n41,69,35.1,1,1,400.14,5,True,High,22.5,False,12,5,6,2024-06-22,5,2,0,3,0,1,1,0
2024-06-22 12:39:51.221657,Tokyo,-70.1,712.48,64.31,14.2,4.67,4G,Galaxy S23,AT&T,n78,94,26.5,22,2,385.17,4,False,High,46.8,True,12,5,6,2024-06-22,7,0,0,4,0,1,0,1
2024-06-22 12:49:51.221655,Delhi,-81.3,493.44,87.34,1.9,3.89,4G,Nord 4,Airtel,n258,76,26.6,37,4,355.03,1,True,Low,66.2,True,12,5,6,2024-06-22,2,0,1,0,1,2,1,1
2024-06-22 12:59:51.221652,Mumbai,-84.9,215.62,40.14,3.6,4.82,4G,Galaxy S23,Jio,n258,72,41.9,1,2,388.85,2,True,Low,68.4,False,12,5,6,2024-06-22,4,0,3,0,1,1,1,0
2024-06-22 13:09:51.221650,San Francisco,-93.5,845.24,108.02,1.1,0.54,5G SA,iPhone 14,Verizon,n260,11,22.7,22,1,230.39,3,False,High,28.8,True,13,5,6,2024-06-22,6,2,5,1,0,4,0,1
2024-06-22 13:19:51.221647,New York,-71.5,299.29,82.11,4.0,3.0,4G,iPhone 14,AT&T,n78,28,21.5,32,0,199.2,2,False,High,70.0,True,13,5,6,2024-06-22,5,0,0,4,0,4,0,1
2024-06-22 13:29:51.221644,Berlin,-90.6,578.74,55.04,10.8,2.97,5G SA,iPhone 14,AT&T,n41,16,23.1,47,3,262.21,4,False,Low,76.0,True,13,5,6,2024-06-22,0,2,0,3,1,4,0,1
2024-06-22 13:39:51.221642,Kolkata,-82.9,391.61,48.9,17.7,3.86,5G NSA,iPhone 14,BSNL,n28,54,41.7,39,0,408.32,5,True,Low,10.7,True,13,5,6,2024-06-22,3,1,2,2,1,4,1,1
2024-06-22 13:49:51.221639,San Francisco,-75.2,206.05,66.13,14.6,0.35,5G SA,Nord 4,T-Mobile,n41,47,35.5,48,0,390.05,2,False,Medium,98.8,True,13,5,6,2024-06-22,6,2,4,3,2,2,0,1
2024-06-22 13:59:51.221637,Tokyo,-108.0,132.62,100.91,7.4,4.62,5G NSA,GT 7,Verizon,n260,41,26.3,26,1,463.4,1,True,Low,47.1,True,13,5,6,2024-06-22,7,1,5,1,1,0,1,1
2024-06-22 14:09:51.221634,Delhi,-71.7,198.8,119.24,18.4,1.8,5G SA,Nord 4,Jio,n258,83,39.0,7,2,349.06,1,True,Medium,42.7,True,14,5,6,2024-06-22,2,2,3,0,2,2,1,1
2024-06-22 14:19:51.221631,Mumbai,-75.7,246.31,141.64,10.0,0.73,5G NSA,Galaxy S23,Jio,n28,29,26.6,51,0,265.47,3,True,Medium,95.2,True,14,5,6,2024-06-22,4,1,3,2,2,1,1,1
2024-06-22 14:29:51.221629,San Francisco,-109.7,874.33,145.82,9.2,0.6,4G,iPhone 14,T-Mobile,n41,27,30.6,46,1,308.65,5,True,High,95.2,False,14,5,6,2024-06-22,6,0,4,3,0,4,1,0
2024-06-22 14:39:51.221626,Berlin,-64.2,375.53,89.14,2.1,0.83,5G SA,GT 7,T-Mobile,n260,25,29.7,52,1,186.69,1,True,Low,24.0,False,14,5,6,2024-06-22,0,2,4,1,1,0,1,0
2024-06-22 14:49:51.221624,Delhi,-80.1,867.44,89.08,18.3,2.77,5G NSA,Nord 4,Jio,n258,86,43.1,2,2,43.61,1,False,Medium,53.9,False,14,5,6,2024-06-22,2,1,3,0,2,2,0,0
2024-06-22 14:59:51.221621,Chennai,-97.2,734.34,61.1,19.2,1.74,4G,iPhone 14,Jio,n258,22,22.2,10,2,320.88,5,True,Medium,58.4,True,14,5,6,2024-06-22,1,0,3,0,2,4,1,1
2024-06-22 15:09:51.221618,Tokyo,-66.6,198.97,49.76,17.4,1.94,5G NSA,GT 7,Verizon,n260,76,25.1,37,4,182.73,2,False,High,48.7,True,15,5,6,2024-06-22,7,1,5,1,0,0,0,1
2024-06-22 15:19:51.221616,San Francisco,-91.4,868.76,23.09,2.4,3.77,4G,Pixel 7,Verizon,n78,66,22.1,27,4,244.33,3,True,High,64.3,True,15,5,6,2024-06-22,6,0,5,4,0,3,1,1
2024-06-22 15:29:51.221613,Berlin,-72.6,364.76,130.2,19.5,0.54,5G SA,Pixel 7,AT&T,n41,71,20.7,21,0,183.61,4,False,Low,26.3,True,15,5,6,2024-06-22,0,2,0,3,1,3,0,1
2024-06-22 15:39:51.221611,Delhi,-71.2,420.93,42.03,17.8,1.29,5G SA,Nord 4,BSNL,n258,55,21.4,2,2,26.84,1,False,Medium,67.7,False,15,5,6,2024-06-22,2,2,2,0,2,2,0,0
2024-06-22 15:49:51.221608,New York,-60.4,766.72,107.48,1.7,3.05,4G,iPhone 14,T-Mobile,n78,48,20.9,4,4,445.11,1,False,Medium,24.4,True,15,5,6,2024-06-22,5,0,4,4,2,4,0,1
2024-06-22 15:59:51.221605,Kolkata,-66.5,177.52,70.53,12.7,3.8,4G,Galaxy S23,Airtel,n78,59,31.7,3,3,270.46,3,False,Low,96.2,False,15,5,6,2024-06-22,3,0,1,4,1,1,0,0
2024-06-22 16:09:51.221603,Mumbai,-87.1,201.21,24.13,3.0,0.83,4G,Galaxy S23,BSNL,n258,22,21.6,37,1,93.41,5,False,High,32.2,True,16,5,6,2024-06-22,4,0,2,0,0,1,0,1
2024-06-22 16:19:51.221601,Tokyo,-97.7,799.58,55.4,10.3,1.59,4G,iPhone 14,AT&T,n78,20,21.0,20,1,457.71,2,True,Medium,32.0,True,16,5,6,2024-06-22,7,0,0,4,2,4,1,1
2024-06-22 16:29:51.221599,Delhi,-89.9,378.41,124.36,1.5,0.88,5G NSA,iPhone 14,Vi,n78,52,27.0,17,1,202.33,4,False,High,78.9,True,16,5,6,2024-06-22,2,1,6,4,0,4,0,1
2024-06-22 16:39:51.221597,Chennai,-89.6,974.2,72.3,17.8,2.26,4G,Pixel 7,Airtel,n28,12,44.7,9,4,143.2,3,False,Low,11.7,True,16,5,6,2024-06-22,1,0,1,2,1,3,0,1
2024-06-22 16:49:51.221595,Tokyo,-109.0,800.53,139.42,6.3,1.97,4G,Nord 4,T-Mobile,n260,87,43.7,10,3,234.08,1,True,Low,11.6,False,16,5,6,2024-06-22,7,0,4,1,1,2,1,0
2024-06-22 16:59:51.221593,Berlin,-98.8,843.51,101.96,3.4,2.93,5G NSA,iPhone 14,T-Mobile,n260,78,35.8,15,1,46.05,4,False,High,84.6,True,16,5,6,2024-06-22,0,1,4,1,0,4,0,1
2024-06-22 17:09:51.221591,Berlin,-106.7,575.31,71.91,9.3,4.4,5G SA,Galaxy S23,AT&T,n260,82,34.7,52,1,493.25,1,False,Low,21.4,True,17,5,6,2024-06-22,0,2,0,1,1,1,0,1
2024-06-22 17:19:51.221589,Tokyo,-70.4,771.25,90.18,16.5,1.65,5G SA,iPhone 14,T-Mobile,n41,15,37.6,52,1,465.6,4,False,Medium,84.7,False,17,5,6,2024-06-22,7,2,4,3,2,4,0,0
2024-06-22 17:29:51.221587,New York,-62.3,546.24,122.52,1.9,4.17,5G NSA,GT 7,AT&T,n260,42,27.3,18,4,209.93,5,False,Medium,15.3,False,17,5,6,2024-06-22,5,1,0,1,2,0,0,0
2024-06-22 17:39:51.221584,Delhi,-72.0,133.63,127.82,10.3,2.98,5G NSA,Pixel 7,Jio,n258,53,42.0,18,0,165.73,5,False,Low,70.4,False,17,5,6,2024-06-22,2,1,3,0,1,3,0,0
2024-06-22 17:49:51.221582,Chennai,-95.8,221.65,48.28,3.9,1.51,4G,Pixel 7,BSNL,n78,87,29.3,40,2,159.07,1,False,High,79.8,False,17,5,6,2024-06-22,1,0,2,4,0,3,0,0
2024-06-22 17:59:51.221580,Chennai,-86.1,168.32,131.17,2.6,1.97,5G NSA,Galaxy S23,BSNL,n78,85,22.3,21,2,175.77,5,False,Low,71.9,False,17,5,6,2024-06-22,1,1,2,4,1,1,0,0
2024-06-22 18:09:51.221578,Tokyo,-83.5,591.09,83.64,15.0,0.89,5G SA,GT 7,T-Mobile,n78,68,44.6,27,1,86.52,5,True,High,11.3,True,18,5,6,2024-06-22,7,2,4,4,0,0,1,1
2024-06-22 18:19:51.221576,Kolkata,-93.2,495.99,85.28,6.6,3.38,5G SA,Galaxy S23,Airtel,n78,31,42.8,38,1,403.01,3,True,Low,52.3,False,18,5,6,2024-06-22,3,2,1,4,1,1,1,0
2024-06-22 18:29:51.221574,San Francisco,-85.4,378.73,121.4,16.8,1.32,5G SA,Pixel 7,T-Mobile,n260,11,22.7,45,4,232.49,3,False,High,93.2,True,18,5,6,2024-06-22,6,2,4,1,0,3,0,1
2024-06-22 18:39:51.221572,Berlin,-102.6,447.6,131.11,12.2,0.26,5G SA,Pixel 7,T-Mobile,n260,44,21.2,50,2,317.92,1,False,High,91.8,True,18,5,6,2024-06-22,0,2,4,1,0,3,0,1
2024-06-22 18:49:51.221570,Berlin,-87.6,830.66,50.87,12.3,4.71,4G,GT 7,AT&T,n260,26,29.2,3,3,73.05,4,False,Medium,63.6,False,18,5,6,2024-06-22,0,0,0,1,2,0,0,0
2024-06-22 18:59:51.221568,Delhi,-67.0,767.64,69.32,6.7,1.45,5G SA,Galaxy S23,BSNL,n28,20,36.3,38,1,160.11,3,True,Low,72.6,True,18,5,6,2024-06-22,2,2,2,2,1,1,1,1
2024-06-22 19:09:51.221566,Mumbai,-76.5,281.73,57.23,16.2,2.24,5G NSA,Pixel 7,BSNL,n78,14,33.7,39,4,96.23,3,True,Low,92.9,True,19,5,6,2024-06-22,4,1,2,4,1,3,1,1
2024-06-22 19:19:51.221564,Delhi,-100.5,513.24,78.85,10.9,1.29,5G NSA,Nord 4,BSNL,n28,65,44.9,12,3,125.64,2,False,High,47.1,False,19,5,6,2024-06-22,2,1,2,2,0,2,0,0
2024-06-22 19:29:51.221562,Delhi,-74.0,510.45,43.88,5.8,2.14,5G SA,iPhone 14,Vi,n258,53,29.1,17,4,353.23,5,True,Medium,55.7,False,19,5,6,2024-06-22,2,2,6,0,2,4,1,0
2024-06-22 19:39:51.221560,San Francisco,-87.0,825.04,104.2,7.4,4.96,4G,GT 7,Verizon,n41,67,32.1,57,3,315.64,1,True,Medium,94.3,True,19,5,6,2024-06-22,6,0,5,3,2,0,1,1
2024-06-22 19:49:51.221558,Berlin,-104.5,601.25,111.41,4.5,4.4,4G,iPhone 14,Verizon,n41,27,31.7,31,4,251.26,3,False,High,13.6,False,19,5,6,2024-06-22,0,0,5,3,0,4,0,0
2024-06-22 19:59:51.221556,Mumbai,-87.5,901.14,36.41,14.6,1.83,5G NSA,iPhone 14,BSNL,n78,82,22.4,3,0,410.32,3,True,High,37.3,True,19,5,6,2024-06-22,4,1,2,4,0,4,1,1
2024-06-22 20:09:51.221554,San Francisco,-106.9,324.6,146.97,9.4,0.88,5G NSA,Galaxy S23,Verizon,n78,36,24.4,33,2,40.7,4,False,Low,16.8,True,20,5,6,2024-06-22,6,1,5,4,1,1,0,1
2024-06-22 20:19:51.221552,San Francisco,-65.1,579.91,61.92,5.5,2.83,5G SA,iPhone 14,AT&T,n78,73,38.7,47,4,436.32,2,True,High,86.9,True,20,5,6,2024-06-22,6,2,0,4,0,4,1,1
2024-06-22 20:29:51.221550,New York,-75.9,409.41,84.36,4.8,0.29,5G SA,Pixel 7,AT&T,n260,83,39.4,31,2,172.33,1,True,High,91.9,True,20,5,6,2024-06-22,5,2,0,1,0,3,1,1
2024-06-22 20:39:51.221547,Delhi,-81.9,909.4,145.32,6.9,4.7,5G NSA,GT 7,Vi,n78,11,25.7,39,0,172.1,2,False,Medium,43.8,False,20,5,6,2024-06-22,2,1,6,4,2,0,0,0
2024-06-22 20:49:51.221545,San Francisco,-71.5,880.1,40.94,12.7,3.77,4G,Galaxy S23,AT&T,n41,91,38.9,41,0,11.6,2,True,Medium,68.6,True,20,5,6,2024-06-22,6,0,0,3,2,1,1,1
2024-06-22 20:59:51.221543,Mumbai,-81.8,235.21,38.73,16.9,1.75,5G NSA,Pixel 7,Jio,n258,73,38.9,4,0,460.73,2,True,Low,36.8,True,20,5,6,2024-06-22,4,1,3,0,1,3,1,1
2024-06-22 21:09:51.221541,Tokyo,-97.8,594.67,111.58,7.8,4.63,4G,iPhone 14,T-Mobile,n41,76,33.2,24,2,205.25,1,False,Low,35.9,True,21,5,6,2024-06-22,7,0,4,3,1,4,0,1
2024-06-22 21:19:51.221540,Chennai,-64.6,455.67,87.69,5.3,3.1,5G NSA,Nord 4,Airtel,n28,19,32.9,25,1,444.78,2,True,Low,36.8,True,21,5,6,2024-06-22,1,1,1,2,1,2,1,1
2024-06-22 21:29:51.221538,New York,-84.5,834.74,21.02,8.9,2.32,5G SA,Nord 4,Verizon,n78,52,38.1,24,1,498.54,4,True,High,42.3,True,21,5,6,2024-06-22,5,2,5,4,0,2,1,1
2024-06-22 21:39:51.221536,Kolkata,-109.2,507.53,128.65,9.8,3.59,5G SA,iPhone 14,BSNL,n258,20,31.9,22,0,250.99,5,True,High,33.3,False,21,5,6,2024-06-22,3,2,2,0,0,4,1,0
2024-06-22 21:49:51.221534,San Francisco,-69.5,505.44,41.95,16.0,4.32,5G SA,iPhone 14,T-Mobile,n41,78,43.1,2,0,40.42,2,False,High,18.5,True,21,5,6,2024-06-22,6,2,4,3,0,4,0,1
2024-06-22 21:59:51.221532,Chennai,-95.3,428.56,66.15,16.2,3.15,5G SA,Galaxy S23,BSNL,n78,46,29.6,21,0,376.22,2,False,High,27.2,False,21,5,6,2024-06-22,1,2,2,4,0,1,0,0
2024-06-22 22:09:51.221530,Tokyo,-66.9,480.65,123.7,17.3,1.86,4G,Galaxy S23,AT&T,n260,13,23.7,30,3,435.81,1,False,Low,88.9,True,22,5,6,2024-06-22,7,0,0,1,1,1,0,1
2024-06-22 22:19:51.221528,Berlin,-77.9,861.12,55.91,6.1,3.14,4G,Nord 4,AT&T,n260,35,36.5,36,2,355.85,3,True,High,62.0,True,22,5,6,2024-06-22,0,0,0,1,0,2,1,1
2024-06-22 22:29:51.221526,Berlin,-103.2,742.15,48.06,8.8,1.05,5G SA,Nord 4,T-Mobile,n78,74,30.9,39,4,396.07,5,False,Medium,90.6,True,22,5,6,2024-06-22,0,2,4,4,2,2,0,1
2024-06-22 22:39:51.221524,New York,-74.5,898.07,31.0,4.9,4.27,4G,Nord 4,Verizon,n260,75,33.7,53,3,378.41,2,False,Medium,94.8,True,22,5,6,2024-06-22,5,0,5,1,2,2,0,1
2024-06-22 22:49:51.221522,Berlin,-102.2,968.72,122.34,7.9,0.83,4G,Nord 4,Verizon,n260,65,37.1,37,3,273.56,3,True,Low,95.8,False,22,5,6,2024-06-22,0,0,5,1,1,2,1,0
2024-06-22 22:59:51.221521,Kolkata,-101.0,611.26,35.08,1.6,1.95,5G NSA,Galaxy S23,Jio,n28,28,21.8,42,3,246.99,3,False,Medium,79.1,False,22,5,6,2024-06-22,3,1,3,2,2,1,0,0
2024-06-22 23:09:51.221519,Kolkata,-97.1,870.23,51.64,16.5,3.57,5G NSA,iPhone 14,Jio,n28,26,36.1,31,4,229.64,2,False,High,64.5,False,23,5,6,2024-06-22,3,1,3,2,0,4,0,0
2024-06-22 23:19:51.221516,Chennai,-104.9,403.01,91.03,7.6,4.95,4G,iPhone 14,Vi,n78,57,25.3,21,1,287.96,1,False,Low,96.1,True,23,5,6,2024-06-22,1,0,6,4,1,4,0,1
2024-06-22 23:29:51.221510,Mumbai,-101.5,893.45,32.76,8.4,1.55,4G,iPhone 14,Vi,n258,90,37.0,10,3,440.51,3,True,Low,16.1,False,23,5,6,2024-06-22,4,0,6,0,1,4,1,0
2024-06-22 23:39:51.221508,Chennai,-91.6,149.49,126.83,16.9,2.76,5G NSA,iPhone 14,Jio,n28,37,43.7,55,0,115.4,3,True,Low,83.7,False,23,5,6,2024-06-22,1,1,3,2,1,4,1,0
2024-06-22 23:49:51.221506,San Francisco,-103.5,820.05,118.22,11.3,1.67,5G NSA,iPhone 14,AT&T,n41,25,43.4,54,3,347.61,1,False,Low,45.0,True,23,5,6,2024-06-22,6,1,0,3,1,4,0,1
2024-06-22 23:59:51.221504,Kolkata,-97.9,693.74,64.6,19.8,0.79,5G SA,GT 7,Jio,n28,92,25.0,31,2,187.3,5,False,Low,26.0,True,23,5,6,2024-06-22,3,2,3,2,1,0,0,1
2024-06-23 00:09:51.221502,Kolkata,-107.4,291.01,88.19,12.8,3.99,4G,GT 7,Vi,n258,27,41.5,13,4,247.84,2,True,Low,31.3,True,0,6,6,2024-06-23,3,0,6,0,1,0,1,1
2024-06-23 00:19:51.221500,Kolkata,-80.3,793.68,78.08,9.9,2.62,4G,Pixel 7,Jio,n28,58,43.0,13,0,41.5,1,False,High,41.0,True,0,6,6,2024-06-23,3,0,3,2,0,3,0,1
2024-06-23 00:29:51.221498,Berlin,-82.6,361.55,34.18,14.1,1.67,4G,Pixel 7,T-Mobile,n260,99,44.6,36,3,137.1,3,False,High,48.3,True,0,6,6,2024-06-23,0,0,4,1,0,3,0,1
2024-06-23 00:39:51.221496,Tokyo,-92.6,472.75,54.04,4.8,2.19,4G,GT 7,T-Mobile,n78,87,22.8,7,1,432.98,5,True,High,88.1,True,0,6,6,2024-06-23,7,0,4,4,0,0,1,1
2024-06-23 00:49:51.221494,San Francisco,-73.5,494.91,76.49,8.4,3.13,4G,Pixel 7,T-Mobile,n78,81,41.7,36,1,193.92,5,False,High,19.7,True,0,6,6,2024-06-23,6,0,4,4,0,3,0,1
2024-06-23 00:59:51.221492,Chennai,-105.7,146.41,96.69,13.4,3.42,4G,iPhone 14,Jio,n78,62,37.2,20,4,61.55,4,False,Medium,75.7,True,0,6,6,2024-06-23,1,0,3,4,2,4,0,1
2024-06-23 01:09:51.221490,Mumbai,-102.1,285.09,128.8,9.7,2.52,5G NSA,iPhone 14,BSNL,n28,63,36.6,44,3,179.91,1,True,High,23.3,False,1,6,6,2024-06-23,4,1,2,2,0,4,1,0
2024-06-23 01:19:51.221487,Delhi,-67.1,143.81,64.4,8.8,4.25,4G,Galaxy S23,BSNL,n78,93,31.6,21,0,165.06,5,True,High,24.4,False,1,6,6,2024-06-23,2,0,2,4,0,1,1,0
2024-06-23 01:29:51.221485,Kolkata,-80.9,290.8,72.76,3.7,1.01,5G NSA,Nord 4,BSNL,n258,96,39.4,15,3,296.47,3,False,Medium,67.1,False,1,6,6,2024-06-23,3,1,2,0,2,2,0,0
2024-06-23 01:39:51.221483,San Francisco,-99.8,113.32,94.67,1.8,4.1,4G,Nord 4,AT&T,n41,11,34.6,7,1,303.99,3,True,Medium,29.5,True,1,6,6,2024-06-23,6,0,0,3,2,2,1,1
2024-06-23 01:49:51.221481,Berlin,-104.9,805.06,113.53,10.6,2.69,4G,Galaxy S23,Verizon,n41,44,20.4,52,2,100.95,2,False,Medium,61.8,False,1,6,6,2024-06-23,0,0,5,3,2,1,0,0
2024-06-23 01:59:51.221479,San Francisco,-81.8,244.29,67.26,9.7,0.86,5G SA,iPhone 14,AT&T,n260,55,32.7,38,2,130.85,2,True,Medium,26.1,True,1,6,6,2024-06-23,6,2,0,1,2,4,1,1
2024-06-23 02:09:51.221477,New York,-62.6,759.94,89.87,2.4,1.4,5G SA,GT 7,AT&T,n41,21,39.7,48,3,333.29,1,True,High,31.6,True,2,6,6,2024-06-23,5,2,0,3,0,0,1,1
2024-06-23 02:19:51.221475,San Francisco,-75.7,541.99,140.98,7.2,3.57,4G,Galaxy S23,T-Mobile,n41,24,35.6,2,4,165.26,2,False,High,95.7,False,2,6,6,2024-06-23,6,0,4,3,0,1,0,0
2024-06-23 02:29:51.221473,Berlin,-73.8,826.56,124.35,12.9,4.33,4G,Galaxy S23,Verizon,n78,33,35.5,49,0,404.19,5,True,Low,19.6,True,2,6,6,2024-06-23,0,0,5,4,1,1,1,1
2024-06-23 02:39:51.221470,Berlin,-86.6,108.68,40.86,8.7,3.11,4G,GT 7,Verizon,n41,84,22.6,53,2,189.11,2,False,Medium,18.5,False,2,6,6,2024-06-23,0,0,5,3,2,0,0,0
2024-06-23 02:49:51.221468,Kolkata,-73.5,775.06,49.07,16.5,2.18,5G NSA,Nord 4,Vi,n78,93,32.4,29,4,146.16,5,True,High,48.1,True,2,6,6,2024-06-23,3,1,6,4,0,2,1,1
2024-06-23 02:59:51.221466,New York,-103.7,244.17,132.39,19.2,3.43,5G NSA,Galaxy S23,AT&T,n78,22,35.0,16,1,294.13,4,True,Low,15.0,True,2,6,6,2024-06-23,5,1,0,4,1,1,1,1
2024-06-23 03:09:51.221464,Chennai,-109.9,237.31,140.18,11.5,2.88,4G,Nord 4,Airtel,n78,65,40.8,14,4,412.13,3,False,Low,27.6,True,3,6,6,2024-06-23,1,0,1,4,1,2,0,1
2024-06-23 03:19:51.221462,Tokyo,-70.2,728.8,33.7,12.3,3.35,4G,Pixel 7,AT&T,n260,91,21.5,30,2,184.02,3,True,High,61.9,False,3,6,6,2024-06-23,7,0,0,1,0,3,1,0
2024-06-23 03:29:51.221460,Delhi,-79.8,241.28,70.37,5.8,4.98,5G SA,Nord 4,BSNL,n78,85,34.8,13,2,153.29,5,True,Medium,49.6,False,3,6,6,2024-06-23,2,2,2,4,2,2,1,0
2024-06-23 03:39:51.221458,New York,-82.3,871.24,54.33,6.6,0.96,4G,Galaxy S23,AT&T,n260,60,31.9,46,4,207.88,4,False,Medium,71.3,True,3,6,6,2024-06-23,5,0,0,1,2,1,0,1
2024-06-23 03:49:51.221456,New York,-91.0,847.05,108.07,10.6,3.49,5G NSA,Galaxy S23,T-Mobile,n260,54,34.0,45,3,67.82,3,False,Low,34.5,True,3,6,6,2024-06-23,5,1,4,1,1,1,0,1
2024-06-23 03:59:51.221454,Mumbai,-102.7,152.72,83.95,1.4,2.26,4G,GT 7,BSNL,n28,61,21.8,33,4,186.67,5,True,High,12.1,True,3,6,6,2024-06-23,4,0,2,2,0,0,1,1
2024-06-23 04:09:51.221452,Kolkata,-69.1,790.7,101.02,10.4,2.98,5G SA,Pixel 7,Airtel,n28,17,22.9,36,3,67.76,4,True,Low,46.6,True,4,6,6,2024-06-23,3,2,1,2,1,3,1,1
2024-06-23 04:19:51.221450,Chennai,-104.8,144.49,38.23,12.2,4.28,4G,Nord 4,Vi,n258,89,42.2,42,3,57.8,2,False,Low,50.7,False,4,6,6,2024-06-23,1,0,6,0,1,2,0,0
2024-06-23 04:29:51.221448,Chennai,-88.8,420.11,71.64,3.5,3.78,5G SA,iPhone 14,BSNL,n78,64,31.0,18,4,376.76,1,False,Medium,33.4,False,4,6,6,2024-06-23,1,2,2,4,2,4,0,0
2024-06-23 04:39:51.221446,Delhi,-91.7,856.2,90.41,11.7,0.82,4G,Galaxy S23,Airtel,n28,12,28.3,41,1,114.61,3,False,Low,92.0,True,4,6,6,2024-06-23,2,0,1,2,1,1,0,1
2024-06-23 04:49:51.221444,New York,-80.6,410.03,59.14,12.1,4.44,5G SA,Nord 4,Verizon,n260,73,26.7,25,1,133.57,4,False,Medium,95.5,False,4,6,6,2024-06-23,5,2,5,1,2,2,0,0
2024-06-23 04:59:51.221442,Chennai,-77.7,291.78,118.17,14.1,1.77,4G,iPhone 14,Jio,n258,30,23.7,11,3,445.63,3,True,Medium,56.2,True,4,6,6,2024-06-23,1,0,3,0,2,4,1,1
2024-06-23 05:09:51.221440,Mumbai,-76.6,253.76,129.57,13.4,4.24,5G SA,Nord 4,BSNL,n78,44,37.8,43,4,457.98,5,False,Medium,76.4,True,5,6,6,2024-06-23,4,2,2,4,2,2,0,1
2024-06-23 05:19:51.221438,San Francisco,-61.3,504.21,41.63,10.7,4.78,5G NSA,iPhone 14,Verizon,n78,64,43.3,37,1,73.25,2,True,Low,35.5,True,5,6,6,2024-06-23,6,1,5,4,1,4,1,1
2024-06-23 05:29:51.221436,Mumbai,-95.4,202.01,45.58,17.0,3.85,5G SA,Pixel 7,Airtel,n78,44,32.6,50,1,91.9,4,True,High,54.9,False,5,6,6,2024-06-23,4,2,1,4,0,3,1,0
2024-06-23 05:39:51.221434,Chennai,-69.1,621.67,23.18,7.0,1.09,5G NSA,iPhone 14,Jio,n78,97,44.6,47,0,156.5,1,True,Medium,82.9,False,5,6,6,2024-06-23,1,1,3,4,2,4,1,0
2024-06-23 05:49:51.221432,Kolkata,-70.0,431.96,85.24,14.3,1.96,4G,Pixel 7,Jio,n28,78,43.3,21,4,99.0,5,True,High,87.4,False,5,6,6,2024-06-23,3,0,3,2,0,3,1,0
2024-06-23 05:59:51.221429,Chennai,-71.1,561.09,123.28,9.9,1.52,5G NSA,Nord 4,Jio,n78,11,44.2,40,3,155.24,3,True,High,38.8,True,5,6,6,2024-06-23,1,1,3,4,0,2,1,1
2024-06-23 06:09:51.221427,San Francisco,-98.2,879.29,41.79,16.0,0.15,5G SA,Nord 4,AT&T,n41,63,20.4,30,0,120.29,5,True,High,86.9,True,6,6,6,2024-06-23,6,2,0,3,0,2,1,1
2024-06-23 06:19:51.221425,Berlin,-69.0,297.51,23.8,14.8,1.35,5G SA,Galaxy S23,AT&T,n260,24,42.9,43,0,204.11,5,False,Low,29.2,True,6,6,6,2024-06-23,0,2,0,1,1,1,0,1
2024-06-23 06:29:51.221423,Tokyo,-90.2,803.57,143.54,15.7,1.88,5G SA,iPhone 14,AT&T,n78,88,31.4,47,2,288.77,5,True,High,44.1,False,6,6,6,2024-06-23,7,2,0,4,0,4,1,0
2024-06-23 06:39:51.221421,New York,-89.4,657.7,124.14,2.0,1.05,4G,Pixel 7,T-Mobile,n41,37,22.8,26,2,192.69,2,False,High,42.7,False,6,6,6,2024-06-23,5,0,4,3,0,3,0,0
2024-06-23 06:49:51.221419,Chennai,-88.6,770.15,135.16,7.4,2.5,5G SA,Pixel 7,Jio,n78,42,21.2,35,4,216.94,1,True,Medium,47.9,True,6,6,6,2024-06-23,1,2,3,4,2,3,1,1
2024-06-23 06:59:51.221416,Chennai,-99.1,837.66,103.95,10.4,0.32,5G NSA,iPhone 14,BSNL,n28,82,21.1,56,3,24.23,1,True,High,38.7,True,6,6,6,2024-06-23,1,1,2,2,0,4,1,1
2024-06-23 07:09:51.221414,Kolkata,-88.3,104.21,75.65,18.1,0.66,5G SA,Galaxy S23,BSNL,n258,13,43.7,17,2,305.35,5,True,Medium,18.5,False,7,6,6,2024-06-23,3,2,2,0,2,1,1,0
2024-06-23 07:19:51.221407,Tokyo,-73.1,198.11,51.23,4.0,0.72,5G SA,iPhone 14,AT&T,n41,59,28.8,34,1,315.03,3,True,Medium,99.6,True,7,6,6,2024-06-23,7,2,0,3,2,4,1,1
2024-06-23 07:29:51.221403,Chennai,-74.4,748.13,62.42,16.4,3.38,5G NSA,Galaxy S23,Jio,n78,88,44.5,9,0,295.67,4,True,Low,81.4,False,7,6,6,2024-06-23,1,1,3,4,1,1,1,0
2024-06-23 07:39:51.221400,Mumbai,-66.3,785.6,37.14,9.0,0.37,4G,Nord 4,Jio,n78,75,37.8,54,4,140.39,1,True,High,59.9,True,7,6,6,2024-06-23,4,0,3,4,0,2,1,1
2024-06-23 07:49:51.221398,Delhi,-60.9,296.78,145.34,5.5,2.25,5G SA,iPhone 14,Vi,n78,94,36.5,21,3,35.96,1,False,Low,46.5,False,7,6,6,2024-06-23,2,2,6,4,1,4,0,0
2024-06-23 07:59:51.221395,Tokyo,-74.4,209.86,85.33,19.0,2.41,5G NSA,Galaxy S23,AT&T,n78,58,29.9,25,2,256.42,1,False,Low,75.8,False,7,6,6,2024-06-23,7,1,0,4,1,1,0,0
2024-06-23 08:09:51.221393,Mumbai,-93.0,803.62,139.18,6.9,0.28,5G SA,GT 7,Jio,n78,22,34.6,33,0,119.36,1,False,Low,96.5,False,8,6,6,2024-06-23,4,2,3,4,1,0,0,0
2024-06-23 08:19:51.221391,Mumbai,-89.7,900.19,25.97,8.7,2.75,4G,iPhone 14,BSNL,n258,44,26.9,11,4,249.45,4,False,High,63.4,True,8,6,6,2024-06-23,4,0,2,0,0,4,0,1
2024-06-23 08:29:51.221388,New York,-99.7,318.36,32.21,16.1,3.65,5G NSA,iPhone 14,Verizon,n78,64,42.2,13,1,61.3,1,False,High,60.3,False,8,6,6,2024-06-23,5,1,5,4,0,4,0,0
2024-06-23 08:39:51.221386,Mumbai,-92.7,312.86,37.22,15.1,1.79,5G SA,Galaxy S23,Vi,n258,48,24.8,37,0,412.41,2,True,Low,32.4,False,8,6,6,2024-06-23,4,2,6,0,1,1,1,0
2024-06-23 08:49:51.221384,Delhi,-91.5,534.73,111.79,9.0,3.55,5G SA,Pixel 7,Airtel,n258,16,30.3,30,0,312.35,5,False,Medium,20.3,False,8,6,6,2024-06-23,2,2,1,0,2,3,0,0
2024-06-23 08:59:51.221382,Mumbai,-62.2,558.88,35.76,14.7,3.59,5G SA,Galaxy S23,BSNL,n28,54,36.6,19,3,429.14,4,True,Medium,13.9,False,8,6,6,2024-06-23,4,2,2,2,2,1,1,0
2024-06-23 09:09:51.221380,Delhi,-72.5,262.21,41.83,19.9,2.13,4G,Galaxy S23,Airtel,n258,96,35.8,28,4,249.14,4,False,High,15.6,True,9,6,6,2024-06-23,2,0,1,0,0,1,0,1
2024-06-23 09:19:51.221377,New York,-91.9,566.09,42.47,18.6,2.32,5G NSA,GT 7,T-Mobile,n41,31,31.2,27,4,12.14,5,True,Medium,74.2,False,9,6,6,2024-06-23,5,1,4,3,2,0,1,0
2024-06-23 09:29:51.221375,Delhi,-85.8,856.08,135.63,1.7,1.26,5G NSA,iPhone 14,Airtel,n258,93,43.3,11,4,120.13,2,True,Medium,53.0,False,9,6,6,2024-06-23,2,1,1,0,2,4,1,0
2024-06-23 09:39:51.221373,Delhi,-91.7,746.54,51.82,8.9,3.54,5G SA,iPhone 14,Airtel,n78,14,20.1,30,1,430.32,2,True,High,40.6,True,9,6,6,2024-06-23,2,2,1,4,0,4,1,1
2024-06-23 09:49:51.221371,San Francisco,-83.3,208.98,102.03,6.2,4.2,4G,Nord 4,AT&T,n260,52,40.2,14,4,358.43,3,False,Low,84.0,True,9,6,6,2024-06-23,6,0,0,1,1,2,0,1
2024-06-23 09:59:51.221369,Chennai,-75.8,602.07,38.68,12.9,1.57,5G SA,iPhone 14,Airtel,n258,15,26.6,44,4,39.23,1,False,Low,97.1,False,9,6,6,2024-06-23,1,2,1,0,1,4,0,0
2024-06-23 10:09:51.221366,Tokyo,-94.4,517.56,88.02,4.3,2.66,5G SA,Pixel 7,T-Mobile,n78,85,38.7,55,1,218.63,5,True,High,38.3,True,10,6,6,2024-06-23,7,2,4,4,0,3,1,1
2024-06-23 10:19:51.221364,Tokyo,-86.1,615.51,20.82,9.9,2.6,4G,Galaxy S23,Verizon,n260,31,35.8,18,2,70.45,5,True,Low,81.0,True,10,6,6,2024-06-23,7,0,5,1,1,1,1,1
2024-06-23 10:29:51.221362,Kolkata,-71.9,649.27,56.85,1.7,2.95,5G SA,GT 7,Vi,n28,14,29.5,44,4,48.14,3,False,Low,64.1,True,10,6,6,2024-06-23,3,2,6,2,1,0,0,1
2024-06-23 10:39:51.221360,Kolkata,-103.8,246.31,144.1,13.4,1.93,5G NSA,Galaxy S23,Jio,n78,31,29.9,47,0,145.29,4,False,High,65.7,True,10,6,6,2024-06-23,3,1,3,4,0,1,0,1
2024-06-23 10:49:51.221358,Mumbai,-77.0,811.34,132.95,6.8,3.3,4G,Pixel 7,Airtel,n258,40,31.0,19,3,280.85,3,False,Low,79.5,False,10,6,6,2024-06-23,4,0,1,0,1,3,0,0
2024-06-23 10:59:51.221356,Berlin,-68.3,266.03,146.15,2.9,2.54,5G NSA,GT 7,AT&T,n78,36,43.5,15,4,187.86,4,False,Low,25.2,True,10,6,6,2024-06-23,0,1,0,4,1,0,0,1
2024-06-23 11:09:51.221353,San Francisco,-78.4,278.92,46.22,17.2,1.95,4G,Galaxy S23,AT&T,n41,32,33.5,23,1,53.48,3,True,High,37.4,False,11,6,6,2024-06-23,6,0,0,3,0,1,1,0
2024-06-23 11:19:51.221351,Chennai,-85.5,968.05,86.42,15.9,0.28,5G NSA,Galaxy S23,Airtel,n78,96,23.1,12,0,294.93,1,False,Medium,87.2,False,11,6,6,2024-06-23,1,1,1,4,2,1,0,0
2024-06-23 11:29:51.221349,San Francisco,-86.4,207.94,41.29,2.3,3.21,5G SA,Galaxy S23,Verizon,n260,12,28.2,11,1,27.81,2,False,Medium,69.0,False,11,6,6,2024-06-23,6,2,5,1,2,1,0,0
2024-06-23 11:39:51.221347,Tokyo,-91.1,877.0,139.09,9.4,3.16,4G,iPhone 14,Verizon,n78,82,33.9,16,1,229.53,3,True,Low,25.2,False,11,6,6,2024-06-23,7,0,5,4,1,4,1,0
2024-06-23 11:49:51.221345,New York,-87.6,752.31,56.19,8.8,4.01,4G,GT 7,Verizon,n78,22,30.2,12,0,172.83,1,True,Low,73.3,True,11,6,6,2024-06-23,5,0,5,4,1,0,1,1
2024-06-23 11:59:51.221343,Berlin,-108.6,530.51,131.43,17.0,3.11,5G NSA,Nord 4,AT&T,n41,77,41.6,7,4,450.91,2,True,High,74.8,False,11,6,6,2024-06-23,0,1,0,3,0,2,1,0
2024-06-23 12:09:51.221341,Berlin,-68.1,932.67,124.24,4.8,4.39,5G SA,GT 7,T-Mobile,n78,88,41.9,18,4,245.68,3,False,Medium,26.5,False,12,6,6,2024-06-23,0,2,4,4,2,0,0,0
2024-06-23 12:19:51.221339,Mumbai,-90.1,426.74,81.55,16.7,2.61,5G SA,Galaxy S23,Airtel,n258,18,22.4,19,2,102.38,2,False,High,30.8,False,12,6,6,2024-06-23,4,2,1,0,0,1,0,0
2024-06-23 12:29:51.221336,Berlin,-65.5,595.61,44.18,4.0,2.45,5G SA,Pixel 7,AT&T,n260,56,25.8,3,2,420.03,2,False,Low,63.9,False,12,6,6,2024-06-23,0,2,0,1,1,3,0,0
2024-06-23 12:39:51.221334,New York,-84.4,817.29,56.04,14.2,3.05,5G NSA,Nord 4,AT&T,n41,72,36.9,31,4,33.82,1,False,Medium,11.1,True,12,6,6,2024-06-23,5,1,0,3,2,2,0,1
2024-06-23 12:49:51.221331,New York,-69.9,192.22,120.32,18.3,0.78,5G SA,Pixel 7,AT&T,n78,27,26.7,37,1,383.73,2,False,Low,10.7,True,12,6,6,2024-06-23,5,2,0,4,1,3,0,1
2024-06-23 12:59:51.221329,Tokyo,-88.5,777.94,28.84,12.8,0.14,4G,Nord 4,Verizon,n78,85,40.3,19,0,327.12,4,True,High,35.7,True,12,6,6,2024-06-23,7,0,5,4,0,2,1,1
2024-06-23 13:09:51.221327,San Francisco,-62.9,964.59,34.51,12.7,3.51,5G SA,iPhone 14,Verizon,n260,42,41.1,40,2,269.88,2,True,High,59.6,True,13,6,6,2024-06-23,6,2,5,1,0,4,1,1
2024-06-23 13:19:51.221324,Kolkata,-64.1,208.09,54.18,5.4,1.48,4G,Galaxy S23,Vi,n258,53,36.2,43,2,474.52,3,False,High,29.0,False,13,6,6,2024-06-23,3,0,6,0,0,1,0,0
2024-06-23 13:29:51.221322,New York,-71.8,908.07,44.15,13.7,0.45,5G SA,Galaxy S23,AT&T,n260,58,42.7,11,4,11.24,2,False,High,25.5,False,13,6,6,2024-06-23,5,2,0,1,0,1,0,0
2024-06-23 13:39:51.221315,Delhi,-108.9,148.88,145.19,11.2,0.61,4G,Pixel 7,Jio,n78,34,25.7,34,4,125.47,1,False,Medium,90.9,True,13,6,6,2024-06-23,2,0,3,4,2,3,0,1
2024-06-23 13:49:51.221313,Berlin,-96.0,714.58,103.2,6.6,1.83,4G,GT 7,AT&T,n41,19,24.9,19,3,379.74,4,True,Medium,61.3,False,13,6,6,2024-06-23,0,0,0,3,2,0,1,0
2024-06-23 13:59:51.221312,Berlin,-82.3,655.18,72.42,8.5,2.96,5G NSA,Pixel 7,AT&T,n78,13,24.2,38,2,324.44,4,True,Low,80.6,False,13,6,6,2024-06-23,0,1,0,4,1,3,1,0
2024-06-23 14:09:51.221310,Kolkata,-84.8,842.53,58.93,13.0,2.46,4G,Pixel 7,Vi,n258,59,25.7,23,1,105.63,3,True,Medium,22.4,True,14,6,6,2024-06-23,3,0,6,0,2,3,1,1
2024-06-23 14:19:51.221308,Kolkata,-76.9,660.07,61.0,11.3,2.68,5G SA,Nord 4,BSNL,n78,45,22.9,15,4,80.45,2,True,Medium,85.2,False,14,6,6,2024-06-23,3,2,2,4,2,2,1,0
2024-06-23 14:29:51.221306,San Francisco,-106.3,992.95,79.23,11.3,2.84,4G,Nord 4,T-Mobile,n78,77,22.3,28,4,297.75,2,False,Medium,96.2,True,14,6,6,2024-06-23,6,0,4,4,2,2,0,1
2024-06-23 14:39:51.221304,Tokyo,-72.1,734.8,36.39,1.4,2.8,5G NSA,Nord 4,Verizon,n78,77,31.2,42,4,403.76,3,False,Low,83.0,True,14,6,6,2024-06-23,7,1,5,4,1,2,0,1
2024-06-23 14:49:51.221302,San Francisco,-91.8,661.33,149.29,1.8,1.77,5G SA,Galaxy S23,Verizon,n260,95,20.9,44,0,265.09,5,False,High,58.6,False,14,6,6,2024-06-23,6,2,5,1,0,1,0,0
2024-06-23 14:59:51.221300,Delhi,-100.6,941.85,61.99,1.4,0.43,5G NSA,GT 7,BSNL,n258,82,42.6,44,1,458.14,3,True,High,26.6,True,14,6,6,2024-06-23,2,1,2,0,0,0,1,1
2024-06-23 15:09:51.221299,New York,-109.6,214.11,138.88,2.7,3.15,4G,GT 7,AT&T,n260,34,30.8,25,3,327.62,4,True,High,48.2,True,15,6,6,2024-06-23,5,0,0,1,0,0,1,1
2024-06-23 15:19:51.221297,Berlin,-68.2,221.59,28.81,7.0,4.44,5G SA,GT 7,Verizon,n78,54,35.8,28,0,180.98,5,True,Medium,12.4,False,15,6,6,2024-06-23,0,2,5,4,2,0,1,0
2024-06-23 15:29:51.221294,Delhi,-79.3,693.53,134.36,16.5,4.9,4G,Nord 4,Airtel,n28,48,29.0,57,2,415.46,5,False,High,23.1,False,15,6,6,2024-06-23,2,0,1,2,0,2,0,0
2024-06-23 15:39:51.221292,San Francisco,-88.8,772.32,80.27,16.6,2.0,4G,Nord 4,AT&T,n41,98,35.8,3,2,50.76,1,False,Medium,30.7,False,15,6,6,2024-06-23,6,0,0,3,2,2,0,0
2024-06-23 15:49:51.221290,Kolkata,-74.1,623.9,48.72,13.8,1.66,5G SA,Pixel 7,BSNL,n28,22,44.3,13,3,57.22,2,True,Medium,84.3,False,15,6,6,2024-06-23,3,2,2,2,2,3,1,0
2024-06-23 15:59:51.221288,Chennai,-63.0,763.55,30.43,17.6,0.22,5G NSA,Pixel 7,Airtel,n78,97,30.7,16,3,437.98,4,True,High,18.8,True,15,6,6,2024-06-23,1,1,1,4,0,3,1,1
2024-06-23 16:09:51.221286,Chennai,-90.2,150.54,94.42,4.0,2.6,5G SA,GT 7,BSNL,n78,99,21.3,51,3,123.8,3,True,Low,22.8,True,16,6,6,2024-06-23,1,2,2,4,1,0,1,1
2024-06-23 16:19:51.221284,Berlin,-89.3,642.36,48.48,12.7,0.85,5G NSA,Nord 4,AT&T,n78,16,36.0,55,0,32.37,3,False,Medium,20.9,True,16,6,6,2024-06-23,0,1,0,4,2,2,0,1
2024-06-23 16:29:51.221282,Delhi,-106.7,710.93,111.53,1.4,4.59,5G NSA,iPhone 14,Jio,n28,15,32.1,35,0,149.39,4,False,Low,51.3,True,16,6,6,2024-06-23,2,1,3,2,1,4,0,1
2024-06-23 16:39:51.221280,Tokyo,-74.8,541.65,33.82,13.1,2.93,5G SA,iPhone 14,AT&T,n260,60,42.1,32,4,203.27,4,False,Medium,86.8,True,16,6,6,2024-06-23,7,2,0,1,2,4,0,1
2024-06-23 16:49:51.221278,Tokyo,-108.9,573.8,94.9,18.1,4.17,4G,Pixel 7,T-Mobile,n41,27,30.7,43,4,305.36,4,True,Low,32.5,True,16,6,6,2024-06-23,7,0,4,3,1,3,1,1
2024-06-23 16:59:51.221276,Chennai,-80.4,705.61,89.65,11.7,2.48,5G SA,GT 7,BSNL,n28,41,22.1,57,3,449.48,5,True,High,82.5,True,16,6,6,2024-06-23,1,2,2,2,0,0,1,1
2024-06-23 17:09:51.221274,Chennai,-87.1,578.74,112.82,14.9,4.25,5G SA,iPhone 14,Airtel,n28,78,23.7,47,4,402.77,2,True,Medium,20.9,True,17,6,6,2024-06-23,1,2,1,2,2,4,1,1
2024-06-23 17:19:51.221272,New York,-106.7,642.74,21.98,3.6,1.56,5G SA,Nord 4,AT&T,n260,41,22.2,50,4,486.3,1,True,Medium,18.5,True,17,6,6,2024-06-23,5,2,0,1,2,2,1,1
2024-06-23 17:29:51.221270,Chennai,-70.7,200.45,145.31,2.2,1.04,5G SA,Galaxy S23,BSNL,n258,88,39.6,46,2,80.48,2,True,Low,49.3,True,17,6,6,2024-06-23,1,2,2,0,1,1,1,1
2024-06-23 17:39:51.221268,Tokyo,-80.7,724.71,96.02,10.2,3.44,5G SA,GT 7,T-Mobile,n78,74,44.0,3,3,158.7,4,False,Low,86.3,True,17,6,6,2024-06-23,7,2,4,4,1,0,0,1
2024-06-23 17:49:51.221266,Chennai,-79.5,597.84,107.56,18.1,3.86,5G SA,iPhone 14,Airtel,n258,27,22.9,19,3,66.82,5,False,Low,62.8,False,17,6,6,2024-06-23,1,2,1,0,1,4,0,0
2024-06-23 17:59:51.221263,Delhi,-70.0,828.98,102.2,12.7,4.36,4G,Pixel 7,Jio,n28,62,23.3,33,4,238.83,4,True,Low,76.5,False,17,6,6,2024-06-23,2,0,3,2,1,3,1,0
2024-06-23 18:09:51.221261,Chennai,-102.9,909.04,108.11,6.6,3.05,5G SA,iPhone 14,BSNL,n258,80,24.2,44,4,387.39,4,False,Medium,21.1,False,18,6,6,2024-06-23,1,2,2,0,2,4,0,0
2024-06-23 18:19:51.221259,Kolkata,-101.2,278.12,69.66,6.4,0.39,5G SA,Nord 4,Airtel,n78,20,22.8,9,1,121.88,2,False,High,62.8,True,18,6,6,2024-06-23,3,2,1,4,0,2,0,1
2024-06-23 18:29:51.221257,Chennai,-78.0,489.14,91.95,16.6,1.07,4G,iPhone 14,Airtel,n258,67,44.2,6,4,420.76,5,False,High,98.6,True,18,6,6,2024-06-23,1,0,1,0,0,4,0,1
2024-06-23 18:39:51.221255,San Francisco,-67.5,555.38,49.09,5.8,2.68,5G NSA,Pixel 7,AT&T,n78,22,20.4,44,1,193.87,1,False,Medium,52.8,True,18,6,6,2024-06-23,6,1,0,4,2,3,0,1
2024-06-23 18:49:51.221253,Berlin,-93.7,432.82,97.11,19.5,3.15,5G NSA,Nord 4,Verizon,n41,27,29.3,19,1,450.1,5,True,Medium,13.0,True,18,6,6,2024-06-23,0,1,5,3,2,2,1,1
2024-06-23 18:59:51.221251,Kolkata,-84.7,624.02,20.42,19.3,4.7,5G NSA,GT 7,BSNL,n258,91,28.8,57,3,362.84,1,False,Medium,81.6,True,18,6,6,2024-06-23,3,1,2,0,2,0,0,1
2024-06-23 19:09:51.221249,Tokyo,-72.6,524.34,26.42,18.9,3.3,4G,iPhone 14,T-Mobile,n260,21,30.6,7,1,82.42,1,True,High,45.2,False,19,6,6,2024-06-23,7,0,4,1,0,4,1,0
2024-06-23 19:19:51.221247,New York,-80.8,738.86,133.17,7.7,2.79,5G NSA,Galaxy S23,AT&T,n78,33,34.8,45,4,419.71,3,False,Medium,59.3,True,19,6,6,2024-06-23,5,1,0,4,2,1,0,1
2024-06-23 19:29:51.221245,Tokyo,-107.5,702.6,66.91,3.3,4.27,5G NSA,GT 7,AT&T,n78,26,20.6,58,4,303.79,2,True,Medium,91.8,True,19,6,6,2024-06-23,7,1,0,4,2,0,1,1
2024-06-23 19:39:51.221243,Chennai,-68.5,140.05,130.84,10.4,1.9,4G,iPhone 14,Vi,n78,27,23.4,9,1,485.82,4,False,Medium,25.9,False,19,6,6,2024-06-23,1,0,6,4,2,4,0,0
2024-06-23 19:49:51.221241,New York,-94.7,431.49,128.44,4.1,0.75,5G SA,Nord 4,T-Mobile,n260,52,43.8,28,4,54.51,4,True,Medium,55.8,True,19,6,6,2024-06-23,5,2,4,1,2,2,1,1
2024-06-23 19:59:51.221239,San Francisco,-102.8,737.45,102.55,13.5,3.43,5G NSA,iPhone 14,AT&T,n260,21,22.7,11,1,271.58,5,False,Medium,27.2,True,19,6,6,2024-06-23,6,1,0,1,2,4,0,1
2024-06-23 20:09:51.221238,Kolkata,-105.2,511.25,37.27,2.3,1.16,5G NSA,iPhone 14,Airtel,n28,83,22.5,40,3,233.42,1,False,High,53.7,False,20,6,6,2024-06-23,3,1,1,2,0,4,0,0
2024-06-23 20:19:51.221236,Mumbai,-91.7,741.54,129.79,17.1,0.66,5G NSA,Galaxy S23,Vi,n258,97,27.3,54,3,287.78,2,True,High,35.1,False,20,6,6,2024-06-23,4,1,6,0,0,1,1,0
2024-06-23 20:29:51.221233,Berlin,-61.6,893.47,126.67,16.5,3.19,4G,Nord 4,Verizon,n260,45,29.1,25,4,431.39,4,True,High,50.7,False,20,6,6,2024-06-23,0,0,5,1,0,2,1,0
2024-06-23 20:39:51.221210,Chennai,-61.2,886.12,22.97,9.0,4.59,4G,Galaxy S23,BSNL,n258,41,21.3,55,3,453.87,1,True,High,88.4,True,20,6,6,2024-06-23,1,0,2,0,0,1,1,1
2024-06-23 20:49:51.221207,Delhi,-88.3,421.05,31.29,8.8,2.4,5G NSA,Galaxy S23,Jio,n28,66,33.2,36,2,275.55,4,True,High,71.2,True,20,6,6,2024-06-23,2,1,3,2,0,1,1,1
2024-06-23 20:59:51.221205,Chennai,-81.4,868.51,26.56,13.8,4.99,4G,Nord 4,Vi,n258,97,25.1,9,2,179.72,2,True,Low,81.7,False,20,6,6,2024-06-23,1,0,6,0,1,2,1,0
2024-06-23 21:09:51.221203,Kolkata,-104.7,624.15,40.72,11.4,2.75,4G,Galaxy S23,Airtel,n78,54,33.0,7,0,204.19,2,True,Low,63.1,False,21,6,6,2024-06-23,3,0,1,4,1,1,1,0
2024-06-23 21:19:51.221201,San Francisco,-95.6,160.68,134.59,9.1,0.24,4G,iPhone 14,Verizon,n78,98,35.2,52,1,208.98,3,False,Low,82.6,True,21,6,6,2024-06-23,6,0,5,4,1,4,0,1
2024-06-23 21:29:51.221199,San Francisco,-104.3,600.26,103.18,3.0,4.93,4G,GT 7,Verizon,n260,83,40.3,25,1,266.18,2,False,High,43.6,False,21,6,6,2024-06-23,6,0,5,1,0,0,0,0
2024-06-23 21:39:51.221198,Berlin,-90.8,330.3,91.19,4.5,3.43,5G SA,GT 7,Verizon,n260,40,27.9,20,0,316.98,5,True,High,18.3,True,21,6,6,2024-06-23,0,2,5,1,0,0,1,1
2024-06-23 21:49:51.221196,Mumbai,-65.3,982.25,40.41,2.2,2.14,5G SA,Galaxy S23,Jio,n78,93,35.6,7,1,296.12,1,True,Low,18.0,True,21,6,6,2024-06-23,4,2,3,4,1,1,1,1
2024-06-23 21:59:51.221194,Berlin,-106.4,903.83,69.15,11.6,0.66,5G SA,Galaxy S23,AT&T,n78,45,35.1,45,4,458.33,2,False,Low,27.3,True,21,6,6,2024-06-23,0,2,0,4,1,1,0,1
2024-06-23 22:09:51.221192,Mumbai,-95.0,299.98,48.37,1.8,2.0,4G,Nord 4,BSNL,n78,21,28.3,11,2,303.4,1,True,Medium,65.4,False,22,6,6,2024-06-23,4,0,2,4,2,2,1,0
2024-06-23 22:19:51.221189,New York,-108.4,965.21,98.79,4.4,2.24,5G SA,iPhone 14,AT&T,n41,47,21.8,13,0,218.96,3,True,Low,29.7,False,22,6,6,2024-06-23,5,2,0,3,1,4,1,0
2024-06-23 22:29:51.221187,Chennai,-108.8,625.05,145.25,17.1,2.38,4G,Pixel 7,Jio,n258,29,44.4,16,1,438.24,2,True,Low,52.1,False,22,6,6,2024-06-23,1,0,3,0,1,3,1,0
2024-06-23 22:39:51.221185,Delhi,-71.7,867.69,48.25,7.2,2.23,5G NSA,Nord 4,Airtel,n78,39,43.7,14,0,44.79,4,False,Low,58.1,True,22,6,6,2024-06-23,2,1,1,4,1,2,0,1
2024-06-23 22:49:51.221183,Berlin,-75.1,174.84,74.92,6.7,4.41,5G SA,Galaxy S23,AT&T,n78,57,34.7,16,1,254.73,4,True,Low,88.8,True,22,6,6,2024-06-23,0,2,0,4,1,1,1,1
2024-06-23 22:59:51.221182,Tokyo,-70.1,991.23,41.8,17.4,3.59,5G SA,Pixel 7,AT&T,n41,34,26.4,42,3,216.91,2,True,High,90.8,False,22,6,6,2024-06-23,7,2,0,3,0,3,1,0
2024-06-23 23:09:51.221180,Kolkata,-96.2,177.82,23.49,4.3,1.27,5G SA,GT 7,BSNL,n28,46,24.2,17,3,306.54,3,False,Low,16.4,True,23,6,6,2024-06-23,3,2,2,2,1,0,0,1
2024-06-23 23:19:51.221178,Mumbai,-78.4,244.13,58.48,19.5,1.67,4G,GT 7,BSNL,n28,77,41.2,56,3,304.05,5,False,Low,64.3,False,23,6,6,2024-06-23,4,0,2,2,1,0,0,0
2024-06-23 23:29:51.221175,Kolkata,-98.9,682.04,31.81,13.9,2.32,5G NSA,Galaxy S23,Airtel,n28,24,24.9,48,4,123.56,1,False,High,32.8,False,23,6,6,2024-06-23,3,1,1,2,0,1,0,0
2024-06-23 23:39:51.221174,Berlin,-81.9,520.39,114.23,9.2,0.93,5G NSA,GT 7,T-Mobile,n260,84,22.0,49,0,181.7,3,False,Low,29.9,True,23,6,6,2024-06-23,0,1,4,1,1,0,0,1
2024-06-23 23:49:51.221171,Delhi,-107.5,384.54,42.93,16.5,1.56,5G NSA,GT 7,Jio,n28,13,35.5,56,0,300.66,3,True,Medium,33.2,True,23,6,6,2024-06-23,2,1,3,2,2,0,1,1
2024-06-23 23:59:51.221170,San Francisco,-96.2,821.17,77.42,17.6,2.51,4G,Nord 4,AT&T,n260,83,34.9,9,3,489.85,5,True,Medium,38.8,False,23,6,6,2024-06-23,6,0,0,1,2,2,1,0
2024-06-24 00:09:51.221168,New York,-80.5,512.54,30.61,11.8,0.45,4G,Pixel 7,Verizon,n260,57,43.8,34,4,356.16,2,True,Low,24.1,True,0,0,6,2024-06-24,5,0,5,1,1,3,1,1
2024-06-24 00:19:51.221166,Tokyo,-61.0,941.07,25.69,4.7,3.04,5G NSA,Galaxy S23,T-Mobile,n260,64,25.1,10,4,124.15,2,False,Medium,37.4,False,0,0,6,2024-06-24,7,1,4,1,2,1,0,0
2024-06-24 00:29:51.221164,Tokyo,-105.7,542.7,60.43,6.6,4.04,5G SA,GT 7,Verizon,n78,58,22.6,59,4,378.0,1,False,Low,25.8,True,0,0,6,2024-06-24,7,2,5,4,1,0,0,1
2024-06-24 00:39:51.221162,Tokyo,-72.1,583.11,148.45,9.9,0.86,5G SA,Nord 4,AT&T,n260,34,25.5,1,4,447.08,1,False,Low,51.8,False,0,0,6,2024-06-24,7,2,0,1,1,2,0,0
2024-06-24 00:49:51.221160,Berlin,-93.8,145.04,104.61,4.4,3.09,4G,Galaxy S23,T-Mobile,n260,79,37.8,58,2,121.52,4,True,Low,78.8,True,0,0,6,2024-06-24,0,0,4,1,1,1,1,1
2024-06-24 00:59:51.221158,Berlin,-87.4,499.77,49.55,13.8,1.78,5G NSA,GT 7,Verizon,n260,91,36.6,37,4,228.32,3,False,Medium,32.1,False,0,0,6,2024-06-24,0,1,5,1,2,0,0,0
2024-06-24 01:09:51.221156,Delhi,-79.7,412.65,79.34,10.9,1.58,5G NSA,GT 7,Vi,n258,45,33.6,59,4,214.24,1,False,Low,30.1,False,1,0,6,2024-06-24,2,1,6,0,1,0,0,0
2024-06-24 01:19:51.221154,Delhi,-76.2,742.22,90.65,4.1,3.36,5G SA,iPhone 14,Airtel,n258,60,26.1,21,1,352.65,2,True,Medium,49.8,True,1,0,6,2024-06-24,2,2,1,0,2,4,1,1
2024-06-24 01:29:51.221152,Tokyo,-69.8,736.98,114.04,15.2,2.49,5G NSA,GT 7,AT&T,n41,54,36.8,54,2,319.37,5,False,Medium,55.2,False,1,0,6,2024-06-24,7,1,0,3,2,0,0,0
2024-06-24 01:39:51.221150,Tokyo,-85.5,877.53,126.79,8.2,0.47,5G SA,Pixel 7,AT&T,n78,69,43.7,2,2,175.22,5,True,High,97.4,True,1,0,6,2024-06-24,7,2,0,4,0,3,1,1
2024-06-24 01:49:51.221148,Tokyo,-65.5,981.92,145.68,10.5,4.8,5G NSA,GT 7,AT&T,n41,46,32.9,55,0,182.99,2,False,High,40.7,True,1,0,6,2024-06-24,7,1,0,3,0,0,0,1
2024-06-24 01:59:51.221146,San Francisco,-102.6,583.75,94.82,16.1,2.02,5G NSA,GT 7,T-Mobile,n41,61,33.6,49,3,151.86,5,True,Medium,90.0,False,1,0,6,2024-06-24,6,1,4,3,2,0,1,0
2024-06-24 02:09:51.221145,Mumbai,-60.5,230.01,61.58,8.9,3.74,5G NSA,iPhone 14,Jio,n258,98,21.3,55,3,280.52,5,False,High,79.1,False,2,0,6,2024-06-24,4,1,3,0,0,4,0,0
2024-06-24 02:19:51.221143,Chennai,-88.5,781.22,95.64,13.3,3.89,5G SA,iPhone 14,Jio,n78,73,38.9,46,1,484.59,1,True,Low,74.8,False,2,0,6,2024-06-24,1,2,3,4,1,4,1,0
2024-06-24 02:29:51.221141,Berlin,-67.0,392.72,81.03,3.8,1.24,5G NSA,Pixel 7,T-Mobile,n41,65,26.3,13,2,116.08,2,True,High,51.3,False,2,0,6,2024-06-24,0,1,4,3,0,3,1,0
2024-06-24 02:39:51.221139,San Francisco,-65.7,823.84,30.58,13.6,4.19,4G,Pixel 7,Verizon,n78,28,31.5,27,0,162.39,3,True,Low,98.7,True,2,0,6,2024-06-24,6,0,5,4,1,3,1,1
2024-06-24 02:49:51.221137,Delhi,-100.5,882.93,118.89,6.7,0.96,4G,Pixel 7,Jio,n28,99,27.1,50,1,475.2,3,True,Medium,46.2,True,2,0,6,2024-06-24,2,0,3,2,2,3,1,1
2024-06-24 02:59:51.221135,San Francisco,-108.4,352.58,46.63,7.3,1.96,4G,GT 7,Verizon,n41,59,39.6,40,4,285.48,5,False,Medium,39.7,False,2,0,6,2024-06-24,6,0,5,3,2,0,0,0
2024-06-24 03:09:51.221133,Kolkata,-71.8,400.26,137.05,5.4,1.68,5G NSA,iPhone 14,Vi,n28,24,37.0,48,0,262.15,1,False,Medium,56.1,True,3,0,6,2024-06-24,3,1,6,2,2,4,0,1
2024-06-24 03:19:51.221130,New York,-79.8,830.33,76.27,8.9,1.95,4G,Pixel 7,Verizon,n41,45,22.6,25,4,192.28,5,True,Medium,44.4,True,3,0,6,2024-06-24,5,0,5,3,2,3,1,1
2024-06-24 03:29:51.221128,Tokyo,-100.8,609.39,78.07,12.6,1.81,5G NSA,Nord 4,AT&T,n41,52,32.6,43,3,89.4,4,True,Low,17.6,False,3,0,6,2024-06-24,7,1,0,3,1,2,1,0
2024-06-24 03:39:51.221126,Chennai,-104.6,655.61,67.45,7.8,3.71,4G,GT 7,Vi,n28,92,29.8,31,3,394.26,5,True,High,60.0,True,3,0,6,2024-06-24,1,0,6,2,0,0,1,1
2024-06-24 03:49:51.221119,Chennai,-91.1,687.59,131.17,19.5,3.86,5G SA,iPhone 14,Jio,n28,45,28.6,1,3,26.26,5,False,Low,12.3,True,3,0,6,2024-06-24,1,2,3,2,1,4,0,1
2024-06-24 03:59:51.221117,Kolkata,-75.0,520.32,77.76,15.7,0.58,5G NSA,Pixel 7,Jio,n28,48,25.5,29,3,45.74,1,False,Low,98.3,False,3,0,6,2024-06-24,3,1,3,2,1,3,0,0
2024-06-24 04:09:51.221115,Kolkata,-109.4,436.49,130.09,12.1,2.27,5G NSA,iPhone 14,Vi,n78,31,45.0,27,0,451.55,3,True,High,15.3,True,4,0,6,2024-06-24,3,1,6,4,0,4,1,1
2024-06-24 04:19:51.221112,Tokyo,-91.9,915.08,88.23,7.1,1.4,4G,Galaxy S23,AT&T,n260,87,26.0,14,3,108.82,3,False,Low,71.1,False,4,0,6,2024-06-24,7,0,0,1,1,1,0,0
2024-06-24 04:29:51.221093,Kolkata,-109.1,998.57,56.85,12.7,1.76,5G SA,Pixel 7,Vi,n78,28,28.0,58,2,28.41,3,False,Low,16.6,False,4,0,6,2024-06-24,3,2,6,4,1,3,0,0
2024-06-24 04:39:51.221090,Berlin,-77.9,596.65,65.34,1.4,0.37,4G,iPhone 14,AT&T,n260,70,43.8,4,4,114.8,5,True,Low,21.8,False,4,0,6,2024-06-24,0,0,0,1,1,4,1,0
2024-06-24 04:49:51.221088,Berlin,-75.9,187.04,115.36,8.7,2.27,5G NSA,Pixel 7,Verizon,n78,62,37.2,53,4,313.61,3,False,High,48.2,False,4,0,6,2024-06-24,0,1,5,4,0,3,0,0
2024-06-24 04:59:51.221086,Kolkata,-72.6,642.24,49.6,1.6,0.87,4G,Nord 4,BSNL,n78,41,40.4,16,0,331.17,2,False,Medium,34.9,True,4,0,6,2024-06-24,3,0,2,4,2,2,0,1
2024-06-24 05:09:51.221084,Kolkata,-95.8,437.05,27.64,10.6,0.88,5G SA,iPhone 14,Airtel,n258,33,25.6,28,4,494.33,4,False,Medium,60.9,True,5,0,6,2024-06-24,3,2,1,0,2,4,0,1
2024-06-24 05:19:51.221082,Kolkata,-78.9,164.97,117.62,7.6,4.75,4G,Galaxy S23,BSNL,n28,62,29.8,31,3,399.64,1,False,Low,89.3,True,5,0,6,2024-06-24,3,0,2,2,1,1,0,1
2024-06-24 05:29:51.221080,Berlin,-87.9,879.65,65.65,19.0,1.45,5G SA,Nord 4,AT&T,n41,42,40.3,45,2,25.87,4,True,Low,49.0,False,5,0,6,2024-06-24,0,2,0,3,1,2,1,0
2024-06-24 05:39:51.221078,Kolkata,-66.1,929.9,105.45,10.0,0.11,4G,GT 7,BSNL,n28,11,28.3,6,1,292.38,2,True,Low,20.6,True,5,0,6,2024-06-24,3,0,2,2,1,0,1,1
2024-06-24 05:49:51.221076,Mumbai,-67.5,108.76,130.66,7.4,2.05,5G NSA,Nord 4,Airtel,n28,12,35.1,2,2,257.9,3,True,High,89.7,False,5,0,6,2024-06-24,4,1,1,2,0,2,1,0
2024-06-24 05:59:51.221074,Kolkata,-84.6,251.83,118.32,8.4,4.55,5G NSA,Pixel 7,Airtel,n28,78,38.3,33,4,182.34,4,True,Medium,76.4,False,5,0,6,2024-06-24,3,1,1,2,2,3,1,0
2024-06-24 06:09:51.221072,Mumbai,-72.5,298.86,83.07,16.3,3.57,5G NSA,Pixel 7,Airtel,n78,94,42.1,14,1,322.51,4,True,Medium,95.8,False,6,0,6,2024-06-24,4,1,1,4,2,3,1,0
2024-06-24 06:19:51.221070,Kolkata,-68.5,696.29,47.12,2.8,2.09,5G SA,Nord 4,Vi,n78,23,40.2,50,3,475.78,5,True,Medium,11.5,True,6,0,6,2024-06-24,3,2,6,4,2,2,1,1
2024-06-24 06:29:51.221068,Chennai,-61.8,213.1,22.45,15.2,2.08,5G NSA,Pixel 7,BSNL,n28,19,22.9,32,3,365.95,4,True,High,83.1,False,6,0,6,2024-06-24,1,1,2,2,0,3,1,0
2024-06-24 06:39:51.221066,Delhi,-79.6,497.75,85.44,13.3,4.11,5G SA,GT 7,Airtel,n28,44,43.0,21,3,16.04,2,True,Medium,85.3,True,6,0,6,2024-06-24,2,2,1,2,2,0,1,1
2024-06-24 06:49:51.221064,Kolkata,-109.0,546.53,53.44,15.1,4.49,5G SA,Pixel 7,Vi,n78,96,25.2,10,3,432.12,5,False,Low,69.8,False,6,0,6,2024-06-24,3,2,6,4,1,3,0,0
2024-06-24 06:59:51.221062,San Francisco,-83.6,278.94,39.01,4.0,1.19,4G,Nord 4,Verizon,n78,39,27.1,54,1,479.61,4,False,Medium,17.2,True,6,0,6,2024-06-24,6,0,5,4,2,2,0,1
2024-06-24 07:09:51.221060,Delhi,-103.2,752.14,115.43,2.9,2.66,4G,Nord 4,Jio,n28,90,40.4,37,1,185.92,1,True,Medium,86.6,False,7,0,6,2024-06-24,2,0,3,2,2,2,1,0
2024-06-24 07:19:51.221058,Delhi,-80.8,319.29,126.04,14.6,2.72,5G SA,Pixel 7,Vi,n28,22,30.9,47,2,16.58,4,False,High,50.3,True,7,0,6,2024-06-24,2,2,6,2,0,3,0,1
2024-06-24 07:29:51.221056,Chennai,-78.1,407.84,89.52,3.6,2.39,5G SA,Pixel 7,BSNL,n78,82,27.5,11,1,88.72,3,True,High,56.9,False,7,0,6,2024-06-24,1,2,2,4,0,3,1,0
2024-06-24 07:39:51.221054,Berlin,-78.4,428.64,105.64,7.1,3.96,5G NSA,GT 7,AT&T,n260,13,42.7,26,2,458.02,1,False,Low,50.2,True,7,0,6,2024-06-24,0,1,0,1,1,0,0,1
2024-06-24 07:49:51.221052,Chennai,-65.2,549.6,32.08,9.6,2.42,5G NSA,Pixel 7,Airtel,n78,54,43.2,34,3,197.97,2,True,Medium,47.7,False,7,0,6,2024-06-24,1,1,1,4,2,3,1,0
2024-06-24 07:59:51.221050,Kolkata,-84.2,266.14,133.64,12.5,0.15,5G SA,GT 7,BSNL,n258,33,24.5,26,2,210.9,3,False,Low,31.8,False,7,0,6,2024-06-24,3,2,2,0,1,0,0,0
2024-06-24 08:09:51.221049,Delhi,-87.2,773.63,70.55,11.1,1.72,4G,iPhone 14,Vi,n28,44,33.9,56,2,368.59,3,False,Medium,65.5,False,8,0,6,2024-06-24,2,0,6,2,2,4,0,0
2024-06-24 08:19:51.221047,Mumbai,-91.7,271.21,29.64,5.4,3.5,4G,iPhone 14,Vi,n258,25,37.3,57,1,118.23,1,True,Low,40.1,False,8,0,6,2024-06-24,4,0,6,0,1,4,1,0
2024-06-24 08:29:51.221044,San Francisco,-88.1,167.67,89.68,2.7,4.37,5G NSA,Galaxy S23,T-Mobile,n41,90,22.6,24,4,463.41,4,True,Medium,25.3,False,8,0,6,2024-06-24,6,1,4,3,2,1,1,0
2024-06-24 08:39:51.221008,Delhi,-74.7,143.04,115.42,2.8,2.17,5G NSA,GT 7,Vi,n28,15,22.9,26,3,473.78,1,True,Low,74.6,True,8,0,6,2024-06-24,2,1,6,2,1,0,1,1
2024-06-24 08:49:51.221006,Berlin,-93.0,218.63,37.74,5.9,1.07,4G,iPhone 14,AT&T,n260,99,33.0,4,0,116.04,4,True,Medium,93.8,True,8,0,6,2024-06-24,0,0,0,1,2,4,1,1
2024-06-24 08:59:51.221004,New York,-65.0,267.03,64.34,9.0,1.44,5G NSA,Galaxy S23,AT&T,n78,57,41.6,41,3,231.02,5,True,Low,58.3,False,8,0,6,2024-06-24,5,1,0,4,1,1,1,0
2024-06-24 09:09:51.221002,Mumbai,-78.0,661.47,103.77,2.3,4.45,5G SA,GT 7,Jio,n78,95,29.4,46,2,168.91,1,True,High,72.6,False,9,0,6,2024-06-24,4,2,3,4,0,0,1,0
2024-06-24 09:19:51.221000,Kolkata,-95.8,655.87,102.77,14.4,1.4,4G,Galaxy S23,BSNL,n28,13,44.6,52,3,199.55,5,False,High,68.2,False,9,0,6,2024-06-24,3,0,2,2,0,1,0,0
2024-06-24 09:29:51.220999,Berlin,-98.1,983.18,52.53,15.2,1.28,5G NSA,Nord 4,Verizon,n41,37,37.3,30,1,45.22,1,True,Low,61.8,True,9,0,6,2024-06-24,0,1,5,3,1,2,1,1
2024-06-24 09:39:51.220997,Chennai,-75.8,971.26,50.35,10.6,1.86,5G SA,Nord 4,Vi,n78,58,38.1,19,2,469.22,2,True,Low,32.7,True,9,0,6,2024-06-24,1,2,6,4,1,2,1,1
2024-06-24 09:49:51.220995,Kolkata,-68.2,488.95,60.96,3.8,0.44,5G SA,iPhone 14,Airtel,n258,72,23.5,40,3,464.33,1,True,High,55.9,False,9,0,6,2024-06-24,3,2,1,0,0,4,1,0
2024-06-24 09:59:51.220994,Kolkata,-88.6,372.11,84.22,19.2,3.9,4G,iPhone 14,BSNL,n28,47,28.4,24,3,100.66,5,True,High,92.2,False,9,0,6,2024-06-24,3,0,2,2,0,4,1,0
2024-06-24 10:09:51.220992,Tokyo,-82.4,878.46,56.41,1.4,2.49,5G NSA,Galaxy S23,T-Mobile,n78,51,43.7,57,2,401.5,5,False,High,39.7,False,10,0,6,2024-06-24,7,1,4,4,0,1,0,0
2024-06-24 10:19:51.220990,Mumbai,-78.8,438.37,141.88,9.8,1.88,5G SA,Galaxy S23,Jio,n28,99,42.5,39,2,313.95,3,False,High,20.2,False,10,0,6,2024-06-24,4,2,3,2,0,1,0,0
2024-06-24 10:29:51.220988,Berlin,-87.8,142.6,147.37,8.4,3.69,4G,Pixel 7,AT&T,n41,31,28.2,2,4,60.69,2,True,High,37.3,True,10,0,6,2024-06-24,0,0,0,3,0,3,1,1
2024-06-24 10:39:51.220986,Kolkata,-94.1,805.88,144.3,9.9,1.49,5G SA,Nord 4,Vi,n28,24,21.0,38,0,183.91,3,False,Medium,89.2,True,10,0,6,2024-06-24,3,2,6,2,2,2,0,1
2024-06-24 10:49:51.220985,Chennai,-89.3,823.78,81.11,9.9,0.99,5G NSA,iPhone 14,Jio,n28,35,26.6,38,3,29.04,1,True,Low,80.2,True,10,0,6,2024-06-24,1,1,3,2,1,4,1,1
2024-06-24 10:59:51.220983,Berlin,-103.7,648.78,92.73,18.2,4.51,5G SA,Pixel 7,AT&T,n260,85,23.9,27,4,494.72,2,False,Medium,52.1,False,10,0,6,2024-06-24,0,2,0,1,2,3,0,0
2024-06-24 11:09:51.220980,New York,-104.4,214.11,67.26,1.9,3.34,5G SA,Nord 4,T-Mobile,n260,56,31.6,11,1,52.22,1,True,High,36.3,True,11,0,6,2024-06-24,5,2,4,1,0,2,1,1
2024-06-24 11:19:51.220978,Berlin,-61.8,647.18,69.48,11.5,3.18,5G NSA,Galaxy S23,T-Mobile,n78,11,26.7,21,2,350.5,3,False,High,26.7,False,11,0,6,2024-06-24,0,1,4,4,0,1,0,0
2024-06-24 11:29:51.220976,San Francisco,-78.5,501.27,28.45,19.8,2.43,5G NSA,iPhone 14,T-Mobile,n260,25,35.8,34,1,332.68,4,False,High,37.7,True,11,0,6,2024-06-24,6,1,4,1,0,4,0,1
2024-06-24 11:39:51.220974,New York,-98.4,727.06,99.89,17.0,4.57,4G,iPhone 14,Verizon,n78,57,31.2,10,4,19.73,5,False,Low,65.6,True,11,0,6,2024-06-24,5,0,5,4,1,4,0,1
2024-06-24 11:49:51.220972,Delhi,-106.7,307.5,34.08,11.9,2.32,4G,Pixel 7,Vi,n78,27,35.7,21,0,183.67,2,True,Medium,41.5,False,11,0,6,2024-06-24,2,0,6,4,2,3,1,0
2024-06-24 11:59:51.220970,New York,-98.8,371.36,139.27,12.9,4.76,4G,iPhone 14,AT&T,n78,51,25.9,18,1,446.65,4,False,High,95.3,False,11,0,6,2024-06-24,5,0,0,4,0,4,0,0
2024-06-24 12:09:51.220968,San Francisco,-100.7,833.55,117.2,1.5,4.23,4G,Galaxy S23,T-Mobile,n41,59,22.2,13,4,258.64,5,True,High,91.5,False,12,0,6,2024-06-24,6,0,4,3,0,1,1,0
2024-06-24 12:19:51.220966,New York,-77.6,404.01,48.35,8.5,1.94,5G SA,Pixel 7,Verizon,n260,67,41.6,1,0,140.41,3,False,Low,70.4,True,12,0,6,2024-06-24,5,2,5,1,1,3,0,1
2024-06-24 12:29:51.220964,Kolkata,-107.4,108.45,94.65,10.9,2.95,5G NSA,GT 7,Vi,n28,43,28.8,24,2,265.41,3,True,Low,94.2,True,12,0,6,2024-06-24,3,1,6,2,1,0,1,1
2024-06-24 12:39:51.220962,New York,-110.0,609.64,86.48,14.4,1.82,4G,Nord 4,Verizon,n260,47,23.9,6,0,375.03,5,True,High,32.1,True,12,0,6,2024-06-24,5,0,5,1,0,2,1,1
2024-06-24 12:49:51.220960,Berlin,-68.0,272.65,134.29,5.9,0.51,4G,Pixel 7,Verizon,n41,90,36.7,49,1,61.79,1,False,High,88.4,False,12,0,6,2024-06-24,0,0,5,3,0,3,0,0
2024-06-24 12:59:51.220958,New York,-77.9,435.44,80.78,18.3,1.2,5G NSA,iPhone 14,T-Mobile,n41,52,21.8,57,3,476.25,2,False,High,79.9,False,12,0,6,2024-06-24,5,1,4,3,0,4,0,0
2024-06-24 13:09:51.220957,Berlin,-74.7,506.08,53.71,6.6,1.02,5G SA,Nord 4,Verizon,n41,19,33.3,20,3,303.83,1,True,High,78.2,True,13,0,6,2024-06-24,0,2,5,3,0,2,1,1
2024-06-24 13:19:51.220955,Chennai,-105.9,437.78,42.33,14.9,3.85,5G SA,Galaxy S23,Vi,n78,43,43.2,6,1,293.68,2,True,High,89.2,True,13,0,6,2024-06-24,1,2,6,4,0,1,1,1
2024-06-24 13:29:51.220953,Berlin,-102.8,476.25,68.47,3.2,1.11,4G,Galaxy S23,Verizon,n78,91,38.7,1,4,268.61,2,True,Medium,21.5,True,13,0,6,2024-06-24,0,0,5,4,2,1,1,1
2024-06-24 13:39:51.220951,San Francisco,-64.9,988.0,133.81,16.9,4.31,4G,GT 7,T-Mobile,n260,82,30.8,59,1,429.04,2,False,Medium,54.6,False,13,0,6,2024-06-24,6,0,4,1,2,0,0,0
2024-06-24 13:49:51.220949,San Francisco,-104.1,184.29,30.12,1.1,0.23,5G NSA,Pixel 7,Verizon,n41,11,21.4,36,3,419.67,2,False,Low,74.6,True,13,0,6,2024-06-24,6,1,5,3,1,3,0,1
2024-06-24 13:59:51.220947,New York,-88.1,961.73,41.75,10.8,1.95,5G SA,GT 7,T-Mobile,n78,12,29.1,53,4,166.76,4,True,Medium,51.6,True,13,0,6,2024-06-24,5,2,4,4,2,0,1,1
2024-06-24 14:09:51.220945,Mumbai,-105.6,298.44,145.65,3.4,3.52,4G,GT 7,Vi,n258,65,40.0,8,2,11.73,5,False,Low,83.3,True,14,0,6,2024-06-24,4,0,6,0,1,0,0,1
2024-06-24 14:19:51.220944,Chennai,-104.5,116.37,56.11,17.2,3.45,5G NSA,Nord 4,Jio,n28,35,43.8,7,0,182.69,3,True,High,72.0,True,14,0,6,2024-06-24,1,1,3,2,0,2,1,1
2024-06-24 14:29:51.220942,Delhi,-61.7,964.08,127.46,18.4,3.86,4G,Pixel 7,BSNL,n78,67,21.3,27,4,397.11,4,True,Low,86.9,True,14,0,6,2024-06-24,2,0,2,4,1,3,1,1
2024-06-24 14:39:51.220940,Kolkata,-100.6,180.1,48.04,8.2,4.65,5G NSA,Galaxy S23,BSNL,n78,63,30.3,16,4,427.03,2,True,Low,40.4,False,14,0,6,2024-06-24,3,1,2,4,1,1,1,0
2024-06-24 14:49:51.220938,Mumbai,-82.7,840.67,32.5,17.0,1.57,5G NSA,GT 7,BSNL,n258,52,36.4,6,0,250.75,5,True,High,52.8,True,14,0,6,2024-06-24,4,1,2,0,0,0,1,1
2024-06-24 14:59:51.220936,Chennai,-103.9,995.67,110.68,6.4,1.71,5G SA,Nord 4,BSNL,n258,98,38.1,19,4,288.57,1,True,Low,96.4,False,14,0,6,2024-06-24,1,2,2,0,1,2,1,0
2024-06-24 15:09:51.220934,San Francisco,-107.1,107.26,33.79,10.2,2.84,4G,Galaxy S23,Verizon,n41,15,33.2,6,2,369.11,2,False,Low,10.4,False,15,0,6,2024-06-24,6,0,5,3,1,1,0,0
2024-06-24 15:19:51.220932,Delhi,-97.4,398.38,80.73,14.2,3.23,4G,iPhone 14,Jio,n78,89,37.5,14,0,150.26,1,True,Low,50.8,True,15,0,6,2024-06-24,2,0,3,4,1,4,1,1
2024-06-24 15:29:51.220930,San Francisco,-75.7,397.5,72.56,7.4,2.51,4G,Galaxy S23,Verizon,n41,19,42.6,29,2,295.21,3,False,Low,64.0,False,15,0,6,2024-06-24,6,0,5,3,1,1,0,0
2024-06-24 15:39:51.220929,Mumbai,-102.5,943.17,103.77,19.8,4.88,5G SA,Nord 4,BSNL,n78,24,40.2,58,3,407.31,2,True,Medium,28.9,True,15,0,6,2024-06-24,4,2,2,4,2,2,1,1
2024-06-24 15:49:51.220927,Mumbai,-90.1,728.45,56.64,16.6,2.54,4G,Pixel 7,BSNL,n258,52,20.3,45,2,60.89,5,True,Medium,71.3,True,15,0,6,2024-06-24,4,0,2,0,2,3,1,1
2024-06-24 15:59:51.220925,Mumbai,-104.4,906.26,61.69,4.5,4.42,5G NSA,GT 7,Jio,n78,68,28.8,52,2,333.52,2,True,Medium,53.4,True,15,0,6,2024-06-24,4,1,3,4,2,0,1,1
2024-06-24 16:09:51.220922,Kolkata,-68.0,708.75,145.44,9.2,0.21,4G,iPhone 14,BSNL,n78,47,26.3,36,1,396.09,5,False,Medium,18.6,True,16,0,6,2024-06-24,3,0,2,4,2,4,0,1
2024-06-24 16:19:51.220920,Berlin,-61.1,189.83,66.81,11.9,4.38,5G SA,Pixel 7,T-Mobile,n78,57,30.1,40,1,258.46,2,False,High,81.2,False,16,0,6,2024-06-24,0,2,4,4,0,3,0,0
2024-06-24 16:29:51.220918,Chennai,-62.7,448.78,113.46,17.2,0.98,4G,Pixel 7,BSNL,n28,72,35.4,20,1,356.38,1,False,High,19.7,False,16,0,6,2024-06-24,1,0,2,2,0,3,0,0
2024-06-24 16:39:51.220916,Delhi,-88.1,960.46,94.53,15.0,3.89,5G SA,Pixel 7,Jio,n78,32,20.6,18,3,237.81,1,True,Low,99.7,False,16,0,6,2024-06-24,2,2,3,4,1,3,1,0
2024-06-24 16:49:51.220914,New York,-83.8,322.36,39.74,1.4,0.78,5G SA,iPhone 14,Verizon,n41,86,36.8,42,3,290.87,3,False,Low,36.6,True,16,0,6,2024-06-24,5,2,5,3,1,4,0,1
2024-06-24 16:59:51.220912,San Francisco,-60.9,183.03,140.76,4.5,0.42,4G,Nord 4,AT&T,n78,77,36.2,9,3,348.93,4,False,Low,81.3,True,16,0,6,2024-06-24,6,0,0,4,1,2,0,1
2024-06-24 17:09:51.220910,Berlin,-94.5,829.49,62.91,16.8,3.26,5G NSA,Nord 4,T-Mobile,n78,26,44.7,35,3,174.02,3,True,Low,67.5,False,17,0,6,2024-06-24,0,1,4,4,1,2,1,0
2024-06-24 17:19:51.220908,Delhi,-103.1,665.6,125.71,10.0,3.39,5G SA,GT 7,Jio,n28,23,41.5,1,2,156.88,5,True,High,63.3,False,17,0,6,2024-06-24,2,2,3,2,0,0,1,0
2024-06-24 17:29:51.220907,Kolkata,-83.5,784.61,68.99,9.3,4.33,4G,GT 7,Airtel,n28,56,41.4,45,2,138.0,5,True,High,39.4,True,17,0,6,2024-06-24,3,0,1,2,0,0,1,1
2024-06-24 17:39:51.220904,Mumbai,-67.1,714.83,32.88,2.4,0.75,4G,Nord 4,BSNL,n78,29,40.1,21,2,134.92,4,False,High,19.1,True,17,0,6,2024-06-24,4,0,2,4,0,2,0,1
2024-06-24 17:49:51.220898,Tokyo,-87.5,596.05,141.24,12.1,1.92,4G,Nord 4,T-Mobile,n41,46,33.7,20,0,345.26,5,False,Low,89.2,True,17,0,6,2024-06-24,7,0,4,3,1,2,0,1
2024-06-24 17:59:51.220895,Berlin,-66.2,628.31,88.16,3.6,3.84,5G NSA,Galaxy S23,Verizon,n78,90,21.6,47,2,336.0,5,False,Low,95.8,False,17,0,6,2024-06-24,0,1,5,4,1,1,0,0
2024-06-24 18:09:51.220893,Kolkata,-108.8,297.02,67.59,13.7,0.22,4G,iPhone 14,Airtel,n78,20,21.6,18,1,83.1,2,True,High,48.3,False,18,0,6,2024-06-24,3,0,1,4,0,4,1,0
2024-06-24 18:19:51.220890,Chennai,-94.2,748.46,80.16,5.4,1.88,4G,Nord 4,Airtel,n258,81,26.7,6,2,424.1,4,True,Low,52.7,False,18,0,6,2024-06-24,1,0,1,0,1,2,1,0
2024-06-24 18:29:51.220888,Kolkata,-79.4,819.82,133.26,18.6,2.93,5G SA,Nord 4,Airtel,n78,52,30.8,5,3,27.56,4,False,Medium,69.3,True,18,0,6,2024-06-24,3,2,1,4,2,2,0,1
2024-06-24 18:39:51.220887,Tokyo,-64.7,350.71,145.21,3.2,0.76,4G,GT 7,Verizon,n41,53,33.9,42,3,289.14,4,False,High,81.6,False,18,0,6,2024-06-24,7,0,5,3,0,0,0,0
2024-06-24 18:49:51.220884,San Francisco,-62.0,454.56,58.16,19.8,2.01,4G,GT 7,AT&T,n78,40,44.1,55,4,487.68,2,True,High,46.7,False,18,0,6,2024-06-24,6,0,0,4,0,0,1,0
2024-06-24 18:59:51.220882,San Francisco,-103.5,406.25,53.3,1.4,0.87,5G NSA,GT 7,AT&T,n78,53,23.1,23,1,14.49,3,False,High,67.6,False,18,0,6,2024-06-24,6,1,0,4,0,0,0,0
2024-06-24 19:09:51.220880,Berlin,-75.6,849.09,136.72,6.7,2.37,5G NSA,GT 7,AT&T,n41,34,26.2,6,1,481.15,2,False,High,32.2,False,19,0,6,2024-06-24,0,1,0,3,0,0,0,0
2024-06-24 19:19:51.220878,Chennai,-104.0,785.25,101.46,16.6,2.43,5G NSA,iPhone 14,Vi,n258,93,23.9,59,2,179.98,4,True,Medium,98.3,True,19,0,6,2024-06-24,1,1,6,0,2,4,1,1
2024-06-24 19:29:51.220875,Delhi,-82.3,819.74,143.07,12.7,4.62,5G NSA,GT 7,Vi,n28,86,23.9,32,4,424.32,2,False,Medium,19.5,True,19,0,6,2024-06-24,2,1,6,2,2,0,0,1
2024-06-24 19:39:51.220873,New York,-96.6,672.34,44.05,3.0,3.7,5G SA,GT 7,T-Mobile,n41,86,22.4,7,3,425.7,2,False,Medium,78.6,True,19,0,6,2024-06-24,5,2,4,3,2,0,0,1
2024-06-24 19:49:51.220871,New York,-83.2,337.53,124.99,3.4,1.58,5G NSA,Nord 4,AT&T,n78,55,43.6,54,2,335.53,3,False,Low,72.7,False,19,0,6,2024-06-24,5,1,0,4,1,2,0,0
2024-06-24 19:59:51.220869,Kolkata,-65.2,915.95,112.76,7.7,1.6,4G,GT 7,BSNL,n78,54,23.5,51,1,205.93,4,False,Low,29.2,True,19,0,6,2024-06-24,3,0,2,4,1,0,0,1
2024-06-24 20:09:51.220867,San Francisco,-79.2,631.53,120.25,17.2,0.33,5G NSA,Pixel 7,AT&T,n78,58,41.3,15,3,227.84,3,False,Medium,68.0,True,20,0,6,2024-06-24,6,1,0,4,2,3,0,1
2024-06-24 20:19:51.220865,New York,-100.8,679.19,74.91,13.7,1.45,5G NSA,Galaxy S23,Verizon,n260,33,34.9,39,4,150.28,3,False,High,88.7,True,20,0,6,2024-06-24,5,1,5,1,0,1,0,1
2024-06-24 20:29:51.220862,Chennai,-107.9,749.08,68.61,11.6,1.35,5G SA,iPhone 14,Jio,n258,70,25.5,7,3,433.17,3,False,High,97.2,True,20,0,6,2024-06-24,1,2,3,0,0,4,0,1
2024-06-24 20:39:51.220860,Berlin,-68.0,239.29,23.07,17.0,2.73,4G,Pixel 7,T-Mobile,n78,35,32.3,49,0,312.8,1,True,Medium,84.6,True,20,0,6,2024-06-24,0,0,4,4,2,3,1,1
2024-06-24 20:49:51.220858,New York,-89.4,931.93,45.93,5.6,0.26,5G SA,Pixel 7,T-Mobile,n260,95,38.5,32,0,48.11,1,False,Low,96.3,False,20,0,6,2024-06-24,5,2,4,1,1,3,0,0
2024-06-24 20:59:51.220856,New York,-108.6,631.68,122.56,14.7,1.12,4G,iPhone 14,T-Mobile,n78,76,25.1,37,2,445.85,5,True,Low,33.1,False,20,0,6,2024-06-24,5,0,4,4,1,4,1,0
2024-06-24 21:09:51.220854,Berlin,-60.7,901.33,140.58,2.4,2.26,5G NSA,Pixel 7,Verizon,n41,32,40.8,9,1,135.87,4,False,Low,87.4,True,21,0,6,2024-06-24,0,1,5,3,1,3,0,1
2024-06-24 21:19:51.220852,Kolkata,-82.3,931.46,96.11,9.8,0.78,4G,GT 7,Airtel,n28,44,28.1,19,0,432.39,2,True,Medium,27.6,False,21,0,6,2024-06-24,3,0,1,2,2,0,1,0
2024-06-24 21:29:51.220850,Chennai,-84.9,323.29,91.25,8.9,4.02,5G NSA,Galaxy S23,Vi,n258,59,31.4,46,3,119.61,3,True,Medium,47.6,False,21,0,6,2024-06-24,1,1,6,0,2,1,1,0
2024-06-24 21:39:51.220847,New York,-91.2,896.33,43.86,13.0,0.65,5G NSA,GT 7,Verizon,n260,38,32.6,56,0,422.76,3,False,High,69.2,False,21,0,6,2024-06-24,5,1,5,1,0,0,0,0
2024-06-24 21:49:51.220845,Berlin,-85.4,939.47,64.48,15.6,1.81,5G SA,GT 7,T-Mobile,n260,29,24.9,2,3,152.51,2,False,High,25.2,True,21,0,6,2024-06-24,0,2,4,1,0,0,0,1
2024-06-24 21:59:51.220843,Mumbai,-105.4,756.03,123.93,3.7,4.53,5G NSA,iPhone 14,Vi,n28,64,35.7,52,2,149.26,1,False,Medium,77.1,False,21,0,6,2024-06-24,4,1,6,2,2,4,0,0
2024-06-24 22:09:51.220841,San Francisco,-88.2,508.16,39.35,18.0,4.06,5G SA,iPhone 14,AT&T,n78,49,22.3,2,1,254.87,3,False,Low,30.3,True,22,0,6,2024-06-24,6,2,0,4,1,4,0,1
2024-06-24 22:19:51.220839,Tokyo,-103.5,621.88,77.49,9.9,1.75,5G NSA,Galaxy S23,T-Mobile,n78,64,29.7,13,3,282.19,1,True,Low,79.5,True,22,0,6,2024-06-24,7,1,4,4,1,1,1,1
2024-06-24 22:29:51.220837,Kolkata,-88.1,553.99,53.5,17.6,3.15,5G NSA,Nord 4,BSNL,n78,23,32.2,24,1,345.76,5,True,Low,33.2,True,22,0,6,2024-06-24,3,1,2,4,1,2,1,1
2024-06-24 22:39:51.220835,San Francisco,-64.7,165.6,90.2,17.7,0.15,4G,Pixel 7,T-Mobile,n41,84,31.5,17,0,338.68,5,True,High,71.0,True,22,0,6,2024-06-24,6,0,4,3,0,3,1,1
2024-06-24 22:49:51.220833,Tokyo,-76.9,906.89,102.4,10.0,4.21,5G NSA,iPhone 14,Verizon,n260,82,30.9,54,3,382.25,5,True,High,38.3,True,22,0,6,2024-06-24,7,1,5,1,0,4,1,1
2024-06-24 22:59:51.220831,Mumbai,-81.4,115.03,148.2,16.1,2.18,5G SA,Galaxy S23,BSNL,n78,98,43.1,32,0,489.16,1,False,Medium,97.4,True,22,0,6,2024-06-24,4,2,2,4,2,1,0,1
2024-06-24 23:09:51.220829,Mumbai,-96.2,899.07,44.39,12.7,4.99,5G NSA,Nord 4,Vi,n78,77,40.3,21,1,200.7,1,True,Low,65.6,False,23,0,6,2024-06-24,4,1,6,4,1,2,1,0
2024-06-24 23:19:51.220827,Berlin,-67.3,329.67,131.54,8.8,4.32,5G NSA,Galaxy S23,AT&T,n260,68,33.1,43,0,166.26,1,True,Low,19.4,True,23,0,6,2024-06-24,0,1,0,1,1,1,1,1
2024-06-24 23:29:51.220825,Kolkata,-62.4,606.61,141.15,13.2,1.29,5G NSA,Nord 4,BSNL,n28,68,38.0,48,2,379.28,3,True,Low,57.7,True,23,0,6,2024-06-24,3,1,2,2,1,2,1,1
2024-06-24 23:39:51.220823,Delhi,-74.7,215.37,88.23,6.0,4.21,4G,Pixel 7,Vi,n78,48,40.9,6,3,234.86,3,False,High,30.0,False,23,0,6,2024-06-24,2,0,6,4,0,3,0,0
2024-06-24 23:49:51.220821,Mumbai,-61.1,553.31,90.7,4.2,1.77,4G,iPhone 14,Jio,n258,12,44.5,53,1,184.06,3,True,Low,96.4,False,23,0,6,2024-06-24,4,0,3,0,1,4,1,0
2024-06-24 23:59:51.220819,Mumbai,-94.9,512.09,143.28,17.6,2.43,4G,Galaxy S23,BSNL,n78,47,37.4,30,2,158.23,3,False,Low,90.0,False,23,0,6,2024-06-24,4,0,2,4,1,1,0,0
2024-06-25 00:09:51.220817,New York,-67.1,919.73,110.29,8.4,3.71,5G SA,iPhone 14,AT&T,n78,53,26.3,21,1,227.42,5,False,High,92.9,True,0,1,6,2024-06-25,5,2,0,4,0,4,0,1
2024-06-25 00:19:51.220815,New York,-88.3,282.01,44.5,6.5,1.55,5G SA,iPhone 14,Verizon,n78,64,24.3,4,1,142.94,2,True,High,93.7,False,0,1,6,2024-06-25,5,2,5,4,0,4,1,0
2024-06-25 00:29:51.220813,Kolkata,-74.5,932.02,33.61,10.3,4.38,5G SA,iPhone 14,Airtel,n28,44,35.7,17,2,293.87,2,False,Low,19.5,False,0,1,6,2024-06-25,3,2,1,2,1,4,0,0
2024-06-25 00:39:51.220810,New York,-100.0,252.6,51.54,5.7,1.63,5G NSA,Nord 4,Verizon,n41,48,34.5,33,3,451.55,2,False,High,99.1,False,0,1,6,2024-06-25,5,1,5,3,0,2,0,0
2024-06-25 00:49:51.220808,Kolkata,-69.0,329.15,90.73,6.7,4.29,5G NSA,Galaxy S23,Airtel,n258,43,33.8,23,3,24.07,1,False,Low,75.1,False,0,1,6,2024-06-25,3,1,1,0,1,1,0,0
2024-06-25 00:59:51.220806,Kolkata,-72.9,329.01,33.51,6.9,2.91,4G,Galaxy S23,Vi,n28,14,30.9,31,1,403.29,1,True,High,87.3,True,0,1,6,2024-06-25,3,0,6,2,0,1,1,1
2024-06-25 01:09:51.220804,Kolkata,-94.1,357.72,129.91,12.4,1.04,4G,Galaxy S23,Jio,n28,44,26.7,21,3,53.08,2,True,Low,65.7,True,1,1,6,2024-06-25,3,0,3,2,1,1,1,1
2024-06-25 01:19:51.220802,Tokyo,-83.1,751.32,134.21,14.1,2.83,4G,iPhone 14,AT&T,n260,74,37.3,23,0,242.05,1,False,Low,92.5,True,1,1,6,2024-06-25,7,0,0,1,1,4,0,1
2024-06-25 01:29:51.220801,Chennai,-68.5,676.1,87.27,16.4,3.58,5G SA,Galaxy S23,Vi,n258,67,28.6,51,1,98.23,2,True,High,98.9,False,1,1,6,2024-06-25,1,2,6,0,0,1,1,0
2024-06-25 01:39:51.220798,Berlin,-78.2,182.49,122.32,1.1,1.75,5G SA,Nord 4,T-Mobile,n260,60,22.7,53,1,23.22,5,False,Low,53.9,True,1,1,6,2024-06-25,0,2,4,1,1,2,0,1
2024-06-25 01:49:51.220796,New York,-106.8,630.77,96.21,17.7,4.89,4G,Pixel 7,T-Mobile,n41,81,34.5,17,0,89.43,2,True,Low,42.5,False,1,1,6,2024-06-25,5,0,4,3,1,3,1,0
2024-06-25 01:59:51.220794,Mumbai,-106.2,614.34,108.65,19.7,1.37,5G SA,GT 7,Jio,n28,59,41.5,14,1,305.97,3,False,Medium,64.4,True,1,1,6,2024-06-25,4,2,3,2,2,0,0,1
2024-06-25 02:09:51.220792,Delhi,-89.4,844.27,124.48,1.4,2.6,5G NSA,iPhone 14,BSNL,n78,33,40.3,23,0,298.31,2,True,Medium,80.4,False,2,1,6,2024-06-25,2,1,2,4,2,4,1,0
2024-06-25 02:19:51.220790,Delhi,-71.5,144.38,100.91,2.0,0.79,5G SA,iPhone 14,Jio,n258,65,24.8,49,0,89.47,4,False,High,11.7,False,2,1,6,2024-06-25,2,2,3,0,0,4,0,0
2024-06-25 02:29:51.220788,San Francisco,-84.3,190.64,105.59,9.1,2.99,4G,GT 7,Verizon,n78,80,33.2,50,1,121.74,2,True,Medium,23.1,True,2,1,6,2024-06-25,6,0,5,4,2,0,1,1
2024-06-25 02:39:51.220786,New York,-87.9,111.34,107.62,14.6,1.88,5G SA,iPhone 14,T-Mobile,n41,77,36.5,22,1,486.07,4,True,High,72.1,True,2,1,6,2024-06-25,5,2,4,3,0,4,1,1
2024-06-25 02:49:51.220784,Delhi,-64.3,631.93,147.17,7.9,3.7,4G,GT 7,BSNL,n78,16,34.6,41,1,375.84,4,False,Medium,77.0,False,2,1,6,2024-06-25,2,0,2,4,2,0,0,0
2024-06-25 02:59:51.220782,Mumbai,-69.7,373.87,95.17,12.3,2.56,4G,GT 7,Airtel,n78,15,24.1,32,3,306.5,3,False,Medium,96.0,False,2,1,6,2024-06-25,4,0,1,4,2,0,0,0
2024-06-25 03:09:51.220781,Berlin,-103.8,136.45,68.92,6.1,1.08,5G SA,iPhone 14,AT&T,n260,95,43.2,47,1,393.65,5,False,High,52.8,False,3,1,6,2024-06-25,0,2,0,1,0,4,0,0
2024-06-25 03:19:51.220779,Berlin,-107.7,266.98,78.91,18.1,3.03,5G SA,Galaxy S23,Verizon,n78,90,29.1,48,3,284.57,5,True,Medium,30.4,True,3,1,6,2024-06-25,0,2,5,4,2,1,1,1
2024-06-25 03:29:51.220777,Berlin,-98.6,294.36,124.38,18.6,2.21,5G NSA,GT 7,AT&T,n260,63,25.8,17,4,472.14,2,False,Medium,62.0,True,3,1,6,2024-06-25,0,1,0,1,2,0,0,1
2024-06-25 03:39:51.220775,Kolkata,-63.3,985.47,127.48,19.3,4.55,5G NSA,iPhone 14,Vi,n78,11,36.2,6,2,497.44,1,True,Medium,54.6,False,3,1,6,2024-06-25,3,1,6,4,2,4,1,0
2024-06-25 03:49:51.220773,New York,-95.4,655.36,127.96,4.9,1.66,5G SA,GT 7,AT&T,n260,78,22.6,26,2,423.1,3,True,Medium,94.9,False,3,1,6,2024-06-25,5,2,0,1,2,0,1,0
2024-06-25 03:59:51.220770,Delhi,-106.7,989.37,108.79,20.0,4.45,5G SA,GT 7,BSNL,n28,93,34.6,3,2,181.84,1,False,Medium,63.2,False,3,1,6,2024-06-25,2,2,2,2,2,0,0,0
2024-06-25 04:09:51.220768,New York,-66.4,432.97,45.42,13.8,0.33,5G NSA,Nord 4,Verizon,n260,39,43.5,22,1,333.08,4,True,Medium,44.5,False,4,1,6,2024-06-25,5,1,5,1,2,2,1,0
2024-06-25 04:19:51.220766,Mumbai,-94.4,251.83,92.78,6.1,4.93,4G,Galaxy S23,BSNL,n78,15,25.0,25,4,443.05,4,True,Medium,97.6,False,4,1,6,2024-06-25,4,0,2,4,2,1,1,0
2024-06-25 04:29:51.220765,Mumbai,-63.5,688.21,134.47,19.6,1.65,5G SA,Pixel 7,BSNL,n78,57,42.8,35,3,335.48,2,True,High,24.8,False,4,1,6,2024-06-25,4,2,2,4,0,3,1,0
2024-06-25 04:39:51.220763,Delhi,-67.7,445.78,63.2,10.7,3.7,5G NSA,GT 7,Vi,n258,88,29.8,12,3,127.12,5,True,High,47.9,True,4,1,6,2024-06-25,2,1,6,0,0,0,1,1
2024-06-25 04:49:51.220761,Kolkata,-73.2,829.88,64.16,14.5,0.79,5G NSA,Nord 4,Jio,n258,51,33.3,7,4,411.99,4,True,High,21.1,True,4,1,6,2024-06-25,3,1,3,0,0,2,1,1
2024-06-25 04:59:51.220759,New York,-73.5,602.75,60.94,9.2,2.27,5G NSA,Galaxy S23,T-Mobile,n260,77,33.9,33,3,35.77,2,True,Low,77.0,False,4,1,6,2024-06-25,5,1,4,1,1,1,1,0
2024-06-25 05:09:51.220758,San Francisco,-92.5,349.26,90.51,13.8,3.99,5G SA,Galaxy S23,T-Mobile,n41,85,37.9,52,4,495.14,2,True,Medium,78.4,True,5,1,6,2024-06-25,6,2,4,3,2,1,1,1
2024-06-25 05:19:51.220756,San Francisco,-68.7,852.73,63.32,16.5,2.92,5G SA,Nord 4,AT&T,n41,63,40.4,29,3,237.57,3,True,High,99.5,True,5,1,6,2024-06-25,6,2,0,3,0,2,1,1
2024-06-25 05:29:51.220754,San Francisco,-80.8,436.84,104.54,18.4,1.22,4G,Galaxy S23,Verizon,n78,56,33.3,35,3,68.74,1,True,Low,92.1,False,5,1,6,2024-06-25,6,0,5,4,1,1,1,0
2024-06-25 05:39:51.220752,Delhi,-99.2,971.64,93.02,2.7,3.19,4G,Pixel 7,Vi,n78,65,23.3,27,4,411.56,3,False,High,40.8,False,5,1,6,2024-06-25,2,0,6,4,0,3,0,0
2024-06-25 05:49:51.220750,New York,-103.6,839.29,117.4,18.8,2.16,4G,iPhone 14,Verizon,n78,65,44.2,30,4,379.38,4,False,Medium,81.4,False,5,1,6,2024-06-25,5,0,5,4,2,4,0,0
2024-06-25 05:59:51.220748,Mumbai,-60.3,382.74,119.1,11.4,2.55,5G SA,GT 7,BSNL,n28,57,21.0,3,3,167.22,2,True,Low,46.9,False,5,1,6,2024-06-25,4,2,2,2,1,0,1,0
2024-06-25 06:09:51.220747,Kolkata,-64.4,774.11,129.4,11.5,3.36,5G NSA,GT 7,Vi,n78,47,39.5,24,3,194.46,4,False,High,37.9,True,6,1,6,2024-06-25,3,1,6,4,0,0,0,1
2024-06-25 06:19:51.220745,San Francisco,-80.5,719.85,83.3,5.5,0.53,4G,GT 7,AT&T,n78,99,33.9,58,3,22.47,1,True,Medium,47.0,False,6,1,6,2024-06-25,6,0,0,4,2,0,1,0
2024-06-25 06:29:51.220743,San Francisco,-87.8,118.0,149.44,17.4,4.42,4G,Pixel 7,Verizon,n78,71,34.5,38,4,66.72,2,False,Medium,94.3,False,6,1,6,2024-06-25,6,0,5,4,2,3,0,0
2024-06-25 06:39:51.220741,Tokyo,-94.0,908.68,33.59,6.4,2.52,5G NSA,Pixel 7,AT&T,n78,15,36.0,6,4,279.93,4,True,Low,43.8,True,6,1,6,2024-06-25,7,1,0,4,1,3,1,1
2024-06-25 06:49:51.220739,Delhi,-84.8,469.13,22.41,10.0,1.97,5G NSA,iPhone 14,Jio,n78,14,25.4,8,0,369.57,1,True,Low,18.7,False,6,1,6,2024-06-25,2,1,3,4,1,4,1,0
2024-06-25 06:59:51.220737,San Francisco,-91.3,956.12,78.18,11.7,1.93,4G,Nord 4,AT&T,n41,66,23.9,9,1,311.35,4,True,Low,68.4,False,6,1,6,2024-06-25,6,0,0,3,1,2,1,0
2024-06-25 07:09:51.220735,Berlin,-106.3,252.01,56.21,9.3,4.87,5G SA,iPhone 14,T-Mobile,n260,74,31.3,40,3,385.4,2,False,Low,47.1,True,7,1,6,2024-06-25,0,2,4,1,1,4,0,1
2024-06-25 07:19:51.220733,San Francisco,-76.2,617.98,24.65,11.6,3.59,5G NSA,Nord 4,T-Mobile,n260,79,43.3,12,4,42.47,4,True,High,30.9,False,7,1,6,2024-06-25,6,1,4,1,0,2,1,0
2024-06-25 07:29:51.220731,San Francisco,-90.3,408.06,109.72,14.0,2.66,4G,Pixel 7,T-Mobile,n78,95,23.2,35,3,172.8,3,False,High,18.7,False,7,1,6,2024-06-25,6,0,4,4,0,3,0,0
2024-06-25 07:39:51.220729,Berlin,-92.6,652.25,110.3,15.2,0.28,5G SA,Pixel 7,AT&T,n260,28,41.7,56,4,210.28,2,False,Low,52.6,False,7,1,6,2024-06-25,0,2,0,1,1,3,0,0
2024-06-25 07:49:51.220727,San Francisco,-104.2,343.78,137.67,7.0,2.81,4G,Nord 4,T-Mobile,n41,43,40.4,18,3,448.82,4,True,Low,85.2,True,7,1,6,2024-06-25,6,0,4,3,1,2,1,1
2024-06-25 07:59:51.220725,San Francisco,-70.1,913.12,63.6,5.5,3.87,4G,GT 7,AT&T,n41,74,21.1,59,1,414.04,3,True,Low,87.7,True,7,1,6,2024-06-25,6,0,0,3,1,0,1,1
2024-06-25 08:09:51.220720,Chennai,-100.8,405.69,76.28,4.9,2.8,5G NSA,iPhone 14,Vi,n28,75,29.5,56,3,440.98,3,True,Low,33.1,False,8,1,6,2024-06-25,1,1,6,2,1,4,1,0
2024-06-25 08:19:51.220718,New York,-104.1,407.88,75.05,9.7,3.33,4G,Galaxy S23,AT&T,n78,51,43.2,3,4,246.86,1,False,High,19.3,False,8,1,6,2024-06-25,5,0,0,4,0,1,0,0
2024-06-25 08:29:51.220716,Berlin,-82.4,726.57,144.72,17.2,0.1,5G NSA,iPhone 14,T-Mobile,n78,55,25.1,19,0,439.17,2,False,High,36.4,False,8,1,6,2024-06-25,0,1,4,4,0,4,0,0
2024-06-25 08:39:51.220713,Mumbai,-107.9,899.07,137.3,9.6,0.73,5G SA,Pixel 7,Jio,n258,60,33.6,10,1,315.9,1,True,Low,74.6,False,8,1,6,2024-06-25,4,2,3,0,1,3,1,0
2024-06-25 08:49:51.220711,San Francisco,-97.1,548.88,92.28,18.4,4.77,4G,Galaxy S23,T-Mobile,n41,15,35.1,33,4,181.04,2,True,High,96.7,True,8,1,6,2024-06-25,6,0,4,3,0,1,1,1
2024-06-25 08:59:51.220708,Mumbai,-84.7,427.74,22.94,6.7,2.89,4G,Nord 4,BSNL,n78,68,29.8,36,1,108.87,5,True,Medium,96.3,True,8,1,6,2024-06-25,4,0,2,4,2,2,1,1
2024-06-25 09:09:51.220706,New York,-95.2,916.24,78.28,19.9,2.19,5G SA,iPhone 14,Verizon,n260,65,38.5,15,2,185.59,3,True,Medium,96.2,False,9,1,6,2024-06-25,5,2,5,1,2,4,1,0
2024-06-25 09:19:51.220703,Mumbai,-75.2,753.62,104.82,14.9,1.36,5G SA,GT 7,BSNL,n28,64,26.4,56,0,419.23,5,True,Medium,75.5,True,9,1,6,2024-06-25,4,2,2,2,2,0,1,1
2024-06-25 09:29:51.220701,New York,-95.2,318.91,22.2,7.1,2.27,5G NSA,iPhone 14,T-Mobile,n41,83,39.0,10,0,252.47,4,True,Medium,100.0,False,9,1,6,2024-06-25,5,1,4,3,2,4,1,0
2024-06-25 09:39:51.220698,Tokyo,-65.1,681.29,29.09,3.5,4.5,4G,GT 7,Verizon,n41,64,26.8,33,4,190.39,2,False,High,69.4,False,9,1,6,2024-06-25,7,0,5,3,0,0,0,0
2024-06-25 09:49:51.220696,Mumbai,-70.0,847.11,124.36,16.3,0.18,4G,iPhone 14,Vi,n28,57,31.4,12,3,100.93,1,True,Low,41.3,True,9,1,6,2024-06-25,4,0,6,2,1,4,1,1
2024-06-25 09:59:51.220694,Berlin,-62.9,602.44,128.04,8.6,3.61,5G NSA,Galaxy S23,AT&T,n78,98,42.0,25,3,377.52,4,False,Medium,38.3,False,9,1,6,2024-06-25,0,1,0,4,2,1,0,0
2024-06-25 10:09:51.220692,San Francisco,-60.8,188.17,85.96,10.9,2.4,4G,Nord 4,T-Mobile,n41,66,26.3,41,0,126.44,4,True,High,19.2,True,10,1,6,2024-06-25,6,0,4,3,0,2,1,1
2024-06-25 10:19:51.220690,Tokyo,-108.1,882.11,50.51,3.5,1.94,4G,iPhone 14,AT&T,n78,10,22.2,50,3,36.9,3,True,Low,68.3,False,10,1,6,2024-06-25,7,0,0,4,1,4,1,0
2024-06-25 10:29:51.220687,Berlin,-92.2,833.7,99.23,3.7,3.73,4G,Galaxy S23,Verizon,n260,35,32.5,35,0,285.62,3,False,Medium,84.5,True,10,1,6,2024-06-25,0,0,5,1,2,1,0,1
2024-06-25 10:39:51.220685,New York,-67.1,605.24,98.52,13.5,1.63,4G,Nord 4,AT&T,n78,14,21.7,18,1,384.1,3,True,High,99.6,True,10,1,6,2024-06-25,5,0,0,4,0,2,1,1
2024-06-25 10:49:51.220683,Tokyo,-95.8,294.55,52.0,18.8,3.71,5G SA,GT 7,AT&T,n260,14,32.5,42,3,446.84,1,True,High,90.0,False,10,1,6,2024-06-25,7,2,0,1,0,0,1,0
2024-06-25 10:59:51.220681,Tokyo,-76.3,128.26,144.64,4.9,2.67,4G,Pixel 7,AT&T,n260,95,23.9,58,2,320.76,5,False,Low,70.5,False,10,1,6,2024-06-25,7,0,0,1,1,3,0,0
2024-06-25 11:09:51.220679,Berlin,-96.4,338.05,39.39,1.1,2.0,5G SA,Nord 4,T-Mobile,n260,19,25.5,56,3,24.71,2,False,High,94.1,False,11,1,6,2024-06-25,0,2,4,1,0,2,0,0
2024-06-25 11:19:51.220678,Delhi,-90.6,620.31,136.77,10.1,1.34,4G,iPhone 14,Airtel,n78,19,40.7,24,3,239.34,2,True,High,48.1,False,11,1,6,2024-06-25,2,0,1,4,0,4,1,0
2024-06-25 11:29:51.220676,Delhi,-103.6,866.87,81.63,4.4,0.96,5G NSA,Pixel 7,Jio,n78,35,34.8,11,4,490.66,1,False,Low,74.0,False,11,1,6,2024-06-25,2,1,3,4,1,3,0,0
2024-06-25 11:39:51.220674,Kolkata,-104.5,288.05,86.26,4.6,3.96,5G NSA,Galaxy S23,BSNL,n258,38,42.8,9,1,418.39,3,True,Low,30.9,True,11,1,6,2024-06-25,3,1,2,0,1,1,1,1
2024-06-25 11:49:51.220672,Delhi,-91.4,869.43,39.87,6.5,1.44,4G,iPhone 14,Vi,n258,95,27.9,13,4,307.89,5,True,High,25.6,True,11,1,6,2024-06-25,2,0,6,0,0,4,1,1
2024-06-25 11:59:51.220670,Delhi,-68.4,325.24,106.15,12.5,3.06,5G NSA,iPhone 14,Airtel,n28,48,27.9,46,1,223.11,4,False,High,60.1,False,11,1,6,2024-06-25,2,1,1,2,0,4,0,0
2024-06-25 12:09:51.220667,San Francisco,-108.2,428.3,56.79,19.0,2.55,4G,Nord 4,AT&T,n41,55,27.7,38,0,21.66,4,False,Medium,64.7,False,12,1,6,2024-06-25,6,0,0,3,2,2,0,0
2024-06-25 12:19:51.220664,Kolkata,-90.7,427.33,25.82,12.7,4.88,5G SA,Nord 4,Vi,n28,42,36.8,30,3,288.32,3,True,Medium,48.1,True,12,1,6,2024-06-25,3,2,6,2,2,2,1,1
2024-06-25 12:29:51.220662,Berlin,-109.1,149.24,42.97,7.2,2.22,5G SA,Pixel 7,Verizon,n41,88,30.3,22,3,96.4,1,True,Medium,13.2,True,12,1,6,2024-06-25,0,2,5,3,2,3,1,1
2024-06-25 12:39:51.220660,San Francisco,-99.8,987.49,128.29,5.5,0.57,4G,Pixel 7,Verizon,n41,86,40.5,32,3,325.72,3,False,High,95.6,True,12,1,6,2024-06-25,6,0,5,3,0,3,0,1
2024-06-25 12:49:51.220658,Kolkata,-68.5,619.29,60.84,8.8,1.75,5G NSA,iPhone 14,Jio,n28,27,28.7,6,1,38.59,1,True,Medium,77.6,True,12,1,6,2024-06-25,3,1,3,2,2,4,1,1
2024-06-25 12:59:51.220656,New York,-89.1,223.81,112.37,3.8,1.37,5G SA,Nord 4,T-Mobile,n41,20,37.7,16,4,79.38,5,False,Low,47.2,True,12,1,6,2024-06-25,5,2,4,3,1,2,0,1
2024-06-25 13:09:51.220653,San Francisco,-81.1,754.01,46.97,2.3,3.49,4G,iPhone 14,AT&T,n260,71,40.4,52,1,296.13,2,True,High,48.3,False,13,1,6,2024-06-25,6,0,0,1,0,4,1,0
2024-06-25 13:19:51.220651,Tokyo,-106.8,244.48,81.18,12.0,1.88,5G NSA,Galaxy S23,T-Mobile,n260,44,33.9,2,1,284.47,4,False,Medium,29.1,True,13,1,6,2024-06-25,7,1,4,1,2,1,0,1
2024-06-25 13:29:51.220649,Delhi,-72.7,982.36,144.44,5.0,3.23,4G,iPhone 14,Jio,n258,99,27.2,26,4,414.84,1,False,High,96.7,True,13,1,6,2024-06-25,2,0,3,0,0,4,0,1
2024-06-25 13:39:51.220646,San Francisco,-87.5,307.97,24.73,18.6,1.04,5G SA,Pixel 7,AT&T,n260,88,42.5,51,1,315.87,3,True,High,26.2,False,13,1,6,2024-06-25,6,2,0,1,0,3,1,0
2024-06-25 13:49:51.220645,Tokyo,-77.1,245.76,39.8,7.3,4.92,5G NSA,GT 7,AT&T,n78,34,29.1,47,3,307.5,2,False,Low,71.2,True,13,1,6,2024-06-25,7,1,0,4,1,0,0,1
2024-06-25 13:59:51.220642,Tokyo,-71.8,577.32,85.87,6.7,5.0,4G,iPhone 14,Verizon,n78,77,23.5,54,4,428.6,3,True,Medium,31.7,True,13,1,6,2024-06-25,7,0,5,4,2,4,1,1
2024-06-25 14:09:51.220640,Delhi,-77.9,880.85,103.11,6.3,1.39,5G SA,Pixel 7,Jio,n28,24,28.7,2,3,272.52,4,True,Low,73.5,False,14,1,6,2024-06-25,2,2,3,2,1,3,1,0
2024-06-25 14:19:51.220638,Berlin,-99.9,113.09,86.48,16.7,1.02,4G,Pixel 7,T-Mobile,n78,87,32.0,46,4,68.77,3,False,Medium,35.6,True,14,1,6,2024-06-25,0,0,4,4,2,3,0,1
2024-06-25 14:29:51.220636,New York,-102.1,650.49,34.37,13.8,2.81,4G,Nord 4,AT&T,n41,24,34.8,15,3,246.53,2,False,Medium,13.1,True,14,1,6,2024-06-25,5,0,0,3,2,2,0,1
2024-06-25 14:39:51.220635,Chennai,-83.2,999.9,122.0,8.8,2.93,4G,Pixel 7,Airtel,n78,52,24.4,40,1,160.26,3,False,Medium,81.5,True,14,1,6,2024-06-25,1,0,1,4,2,3,0,1
2024-06-25 14:49:51.220633,Chennai,-108.5,968.85,31.81,10.5,0.36,5G SA,iPhone 14,Airtel,n78,89,31.1,36,3,348.01,2,False,High,13.3,True,14,1,6,2024-06-25,1,2,1,4,0,4,0,1
2024-06-25 14:59:51.220631,Kolkata,-68.7,797.1,65.36,17.1,2.45,5G NSA,iPhone 14,Jio,n28,88,32.1,13,1,41.06,4,True,Medium,88.3,False,14,1,6,2024-06-25,3,1,3,2,2,4,1,0
2024-06-25 15:09:51.220629,New York,-106.7,430.51,139.14,17.1,4.08,4G,Pixel 7,AT&T,n260,67,44.6,9,4,493.32,1,True,Medium,85.5,True,15,1,6,2024-06-25,5,0,0,1,2,3,1,1
2024-06-25 15:19:51.220627,Kolkata,-71.4,685.36,107.83,18.8,4.32,5G SA,iPhone 14,Airtel,n78,98,33.2,24,1,230.6,3,True,Low,24.3,False,15,1,6,2024-06-25,3,2,1,4,1,4,1,0
2024-06-25 15:29:51.220625,New York,-103.1,406.53,100.54,14.1,4.77,4G,Pixel 7,AT&T,n41,55,20.5,38,3,180.86,3,True,High,47.3,False,15,1,6,2024-06-25,5,0,0,3,0,3,1,0
2024-06-25 15:39:51.220623,Delhi,-82.7,840.62,73.36,14.4,3.29,4G,iPhone 14,BSNL,n258,84,41.0,9,0,67.22,3,False,High,45.2,True,15,1,6,2024-06-25,2,0,2,0,0,4,0,1
2024-06-25 15:49:51.220621,New York,-96.3,392.13,55.73,13.0,4.3,5G NSA,Galaxy S23,AT&T,n78,85,20.4,20,3,30.05,3,True,Low,34.7,False,15,1,6,2024-06-25,5,1,0,4,1,1,1,0
2024-06-25 15:59:51.220619,Kolkata,-105.8,900.86,27.17,16.2,2.22,5G SA,Nord 4,BSNL,n28,86,40.2,36,2,453.36,4,False,High,57.4,True,15,1,6,2024-06-25,3,2,2,2,0,2,0,1
2024-06-25 16:09:51.220617,Kolkata,-85.4,255.6,121.62,3.3,2.3,4G,Galaxy S23,Airtel,n258,84,34.8,54,3,251.71,3,False,Medium,77.2,True,16,1,6,2024-06-25,3,0,1,0,2,1,0,1
2024-06-25 16:19:51.220615,New York,-69.1,327.87,73.57,2.1,4.9,4G,GT 7,Verizon,n260,72,28.3,48,1,169.28,2,True,Medium,39.2,True,16,1,6,2024-06-25,5,0,5,1,2,0,1,1
2024-06-25 16:29:51.220613,Tokyo,-83.7,546.18,87.5,8.7,4.59,5G SA,GT 7,Verizon,n260,10,20.5,22,1,485.11,5,False,Medium,16.1,True,16,1,6,2024-06-25,7,2,5,1,2,0,0,1
2024-06-25 16:39:51.220611,Kolkata,-94.4,509.85,146.86,7.7,3.31,4G,iPhone 14,Airtel,n258,49,26.4,58,2,398.63,5,True,High,48.3,True,16,1,6,2024-06-25,3,0,1,0,0,4,1,1
2024-06-25 16:49:51.220609,New York,-64.1,453.79,134.7,6.7,4.03,5G SA,iPhone 14,T-Mobile,n41,10,43.3,44,1,419.13,3,False,Low,58.6,True,16,1,6,2024-06-25,5,2,4,3,1,4,0,1
2024-06-25 16:59:51.220607,Mumbai,-76.7,428.82,25.92,11.1,1.25,5G NSA,Pixel 7,Airtel,n78,54,26.6,28,2,282.65,5,False,High,34.9,True,16,1,6,2024-06-25,4,1,1,4,0,3,0,1
2024-06-25 17:09:51.220606,Mumbai,-105.2,843.58,137.65,16.2,4.75,4G,GT 7,Vi,n258,14,30.5,50,1,349.52,4,True,Low,52.1,False,17,1,6,2024-06-25,4,0,6,0,1,0,1,0
2024-06-25 17:19:51.220604,Mumbai,-61.8,239.39,58.4,9.3,2.83,5G SA,Pixel 7,Vi,n258,36,43.5,2,1,392.02,3,True,High,36.3,False,17,1,6,2024-06-25,4,2,6,0,0,3,1,0
2024-06-25 17:29:51.220602,Kolkata,-87.0,561.32,42.36,13.2,2.36,5G SA,Nord 4,Airtel,n258,37,23.5,42,4,441.21,1,True,Medium,64.3,True,17,1,6,2024-06-25,3,2,1,0,2,2,1,1
2024-06-25 17:39:51.220600,San Francisco,-97.9,996.53,43.17,6.2,1.89,5G SA,GT 7,Verizon,n78,20,31.1,28,4,484.51,3,True,Low,97.5,False,17,1,6,2024-06-25,6,2,5,4,1,0,1,0
2024-06-25 17:49:51.220598,Chennai,-79.1,606.66,144.39,8.5,1.53,4G,GT 7,BSNL,n258,11,27.9,46,1,304.62,2,False,Low,15.2,False,17,1,6,2024-06-25,1,0,2,0,1,0,0,0
2024-06-25 17:59:51.220596,Delhi,-73.0,240.07,142.02,13.8,2.11,5G NSA,Galaxy S23,Vi,n258,10,29.7,21,2,489.37,4,False,High,33.0,False,17,1,6,2024-06-25,2,1,6,0,0,1,0,0
2024-06-25 18:09:51.220594,San Francisco,-97.6,147.32,62.45,6.9,2.53,5G NSA,Nord 4,AT&T,n41,54,27.1,57,1,315.81,5,False,Medium,94.7,True,18,1,6,2024-06-25,6,1,0,3,2,2,0,1
2024-06-25 18:19:51.220592,Tokyo,-101.7,949.22,83.89,3.5,0.52,5G SA,iPhone 14,Verizon,n78,39,38.4,40,1,206.86,5,True,Medium,53.2,False,18,1,6,2024-06-25,7,2,5,4,2,4,1,0
2024-06-25 18:29:51.220590,San Francisco,-96.5,429.53,36.63,11.3,4.22,5G NSA,Pixel 7,AT&T,n41,82,31.4,41,3,362.17,4,True,Medium,39.7,True,18,1,6,2024-06-25,6,1,0,3,2,3,1,1
2024-06-25 18:39:51.220588,Chennai,-65.0,573.36,119.97,10.0,4.61,4G,Pixel 7,Airtel,n258,58,26.8,54,1,169.47,1,True,Low,66.6,True,18,1,6,2024-06-25,1,0,1,0,1,3,1,1
2024-06-25 18:49:51.220585,Tokyo,-75.0,369.14,34.17,9.3,1.06,5G NSA,Nord 4,T-Mobile,n78,34,26.3,14,2,311.17,4,False,Medium,50.8,False,18,1,6,2024-06-25,7,1,4,4,2,2,0,0
2024-06-25 18:59:51.220584,Berlin,-74.1,597.95,108.44,20.0,2.84,5G SA,iPhone 14,Verizon,n260,81,22.4,12,1,123.84,5,False,Low,17.4,False,18,1,6,2024-06-25,0,2,5,1,1,4,0,0
2024-06-25 19:09:51.220582,Kolkata,-79.1,289.84,137.47,3.2,2.28,4G,GT 7,Jio,n28,16,22.3,5,4,405.78,5,True,Low,39.9,False,19,1,6,2024-06-25,3,0,3,2,1,0,1,0
2024-06-25 19:19:51.220580,San Francisco,-73.6,887.28,25.48,9.5,4.27,4G,Pixel 7,AT&T,n41,20,31.4,50,2,320.47,1,True,Medium,34.4,True,19,1,6,2024-06-25,6,0,0,3,2,3,1,1
2024-06-25 19:29:51.220578,Tokyo,-93.2,682.38,104.89,8.7,4.76,5G NSA,Galaxy S23,Verizon,n260,89,20.9,5,2,247.47,5,False,Medium,76.1,True,19,1,6,2024-06-25,7,1,5,1,2,1,0,1
2024-06-25 19:39:51.220576,Kolkata,-60.5,340.07,26.86,5.1,3.99,5G SA,Pixel 7,BSNL,n78,92,34.3,34,0,354.57,2,True,Medium,58.2,False,19,1,6,2024-06-25,3,2,2,4,2,3,1,0
2024-06-25 19:49:51.220574,Berlin,-98.6,920.05,126.75,1.4,4.85,4G,Pixel 7,T-Mobile,n41,20,27.8,51,2,238.43,1,True,High,82.7,True,19,1,6,2024-06-25,0,0,4,3,0,3,1,1
2024-06-25 19:59:51.220572,Delhi,-71.7,141.07,141.92,7.1,3.52,5G NSA,Galaxy S23,Vi,n258,66,26.3,1,2,104.28,4,True,Low,63.0,True,19,1,6,2024-06-25,2,1,6,0,1,1,1,1
2024-06-25 20:09:51.220570,Mumbai,-100.9,391.76,76.63,14.1,3.09,4G,Nord 4,BSNL,n28,64,21.2,11,0,450.96,1,False,Medium,37.4,False,20,1,6,2024-06-25,4,0,2,2,2,2,0,0
2024-06-25 20:19:51.220568,Chennai,-99.7,308.86,52.14,10.5,1.72,5G SA,Galaxy S23,Airtel,n258,59,24.5,23,1,335.46,5,True,High,57.7,True,20,1,6,2024-06-25,1,2,1,0,0,1,1,1
2024-06-25 20:29:51.220566,Delhi,-85.1,303.57,101.78,13.0,0.44,5G NSA,Nord 4,Jio,n78,19,21.7,22,1,315.33,1,True,High,38.7,True,20,1,6,2024-06-25,2,1,3,4,0,2,1,1
2024-06-25 20:39:51.220564,Tokyo,-90.6,894.69,31.74,2.7,2.01,4G,GT 7,T-Mobile,n41,87,36.5,48,1,130.17,3,False,High,44.4,True,20,1,6,2024-06-25,7,0,4,3,0,0,0,1
2024-06-25 20:49:51.220562,Chennai,-89.3,366.54,72.7,20.0,2.44,4G,Nord 4,Airtel,n258,84,21.1,50,1,487.76,4,True,Medium,35.5,True,20,1,6,2024-06-25,1,0,1,0,2,2,1,1
2024-06-25 20:59:51.220560,New York,-90.5,372.39,29.11,4.1,0.66,5G NSA,Nord 4,AT&T,n260,63,43.6,57,2,304.43,5,True,High,20.0,True,20,1,6,2024-06-25,5,1,0,1,0,2,1,1
2024-06-25 21:09:51.220558,Delhi,-103.2,447.7,138.36,10.9,2.73,4G,Pixel 7,BSNL,n78,99,28.7,50,0,160.49,2,True,Medium,14.9,True,21,1,6,2024-06-25,2,0,2,4,2,3,1,1
2024-06-25 21:19:51.220556,Mumbai,-94.2,672.47,37.12,9.5,2.16,5G NSA,GT 7,Airtel,n78,79,33.8,27,0,152.21,2,False,High,39.2,True,21,1,6,2024-06-25,4,1,1,4,0,0,0,1
2024-06-25 21:29:51.220554,Berlin,-85.1,920.87,74.45,19.2,0.56,4G,Nord 4,Verizon,n260,59,27.7,34,3,434.81,1,True,High,53.6,False,21,1,6,2024-06-25,0,0,5,1,0,2,1,0
2024-06-25 21:39:51.220552,Kolkata,-72.0,909.8,24.69,11.1,3.81,5G SA,GT 7,BSNL,n78,27,44.6,59,0,198.53,4,False,Low,53.9,False,21,1,6,2024-06-25,3,2,2,4,1,0,0,0
2024-06-25 21:49:51.220550,Mumbai,-90.2,626.4,23.6,13.8,2.98,5G SA,Pixel 7,Vi,n78,72,30.2,33,2,57.75,2,False,Low,23.4,False,21,1,6,2024-06-25,4,2,6,4,1,3,0,0
2024-06-25 21:59:51.220548,Kolkata,-68.0,196.33,52.28,17.4,3.65,5G SA,Nord 4,Airtel,n78,63,43.3,52,2,10.65,2,False,Medium,88.9,False,21,1,6,2024-06-25,3,2,1,4,2,2,0,0
2024-06-25 22:09:51.220546,Tokyo,-95.7,434.73,36.16,2.6,3.28,5G SA,GT 7,AT&T,n78,44,21.6,1,4,107.96,1,True,Low,34.1,False,22,1,6,2024-06-25,7,2,0,4,1,0,1,0
2024-06-25 22:19:51.220537,Tokyo,-99.9,245.66,103.98,15.8,4.99,5G SA,Pixel 7,T-Mobile,n78,67,22.4,35,1,164.33,4,True,Low,92.7,False,22,1,6,2024-06-25,7,2,4,4,1,3,1,0
2024-06-25 22:29:51.220535,Tokyo,-77.0,141.76,78.03,15.8,1.58,5G SA,iPhone 14,AT&T,n260,51,21.9,1,3,20.06,2,True,High,19.2,True,22,1,6,2024-06-25,7,2,0,1,0,4,1,1
2024-06-25 22:39:51.220533,Chennai,-61.9,812.2,47.04,8.1,3.42,5G NSA,Pixel 7,Airtel,n28,58,42.6,42,1,130.62,2,False,Low,64.1,False,22,1,6,2024-06-25,1,1,1,2,1,3,0,0
2024-06-25 22:49:51.220531,Berlin,-101.6,814.7,56.73,19.7,1.51,5G SA,GT 7,AT&T,n78,18,29.3,39,1,24.86,1,False,Low,70.5,True,22,1,6,2024-06-25,0,2,0,4,1,0,0,1
2024-06-25 22:59:51.220529,New York,-85.1,647.72,105.5,5.5,1.89,4G,Galaxy S23,Verizon,n78,91,43.4,49,2,289.52,2,True,High,51.4,False,22,1,6,2024-06-25,5,0,5,4,0,1,1,0
2024-06-25 23:09:51.220527,Mumbai,-78.3,750.99,49.98,12.9,1.76,4G,Pixel 7,BSNL,n78,72,24.3,59,3,384.45,1,False,Low,72.7,False,23,1,6,2024-06-25,4,0,2,4,1,3,0,0
2024-06-25 23:19:51.220525,Chennai,-91.9,549.01,41.32,12.5,2.94,5G SA,Nord 4,BSNL,n78,73,37.7,33,3,317.62,5,False,High,23.7,True,23,1,6,2024-06-25,1,2,2,4,0,2,0,1
2024-06-25 23:29:51.220523,New York,-74.1,354.17,92.86,10.9,0.21,5G NSA,Pixel 7,AT&T,n41,78,38.4,3,4,58.0,4,True,High,53.1,False,23,1,6,2024-06-25,5,1,0,3,0,3,1,0
2024-06-25 23:39:51.220521,San Francisco,-80.2,559.0,108.88,2.6,0.87,5G SA,GT 7,Verizon,n41,56,42.7,52,0,263.72,3,False,Medium,58.1,False,23,1,6,2024-06-25,6,2,5,3,2,0,0,0
2024-06-25 23:49:51.220519,Berlin,-78.2,336.82,82.0,8.7,0.56,5G SA,Pixel 7,T-Mobile,n260,70,21.3,42,3,259.26,2,False,Low,77.3,False,23,1,6,2024-06-25,0,2,4,1,1,3,0,0
2024-06-25 23:59:51.220517,Chennai,-90.4,706.63,86.84,5.4,2.17,5G NSA,Galaxy S23,Airtel,n258,48,35.1,41,0,50.04,1,False,High,99.6,True,23,1,6,2024-06-25,1,1,1,0,0,1,0,1
2024-06-26 00:09:51.220515,Chennai,-82.7,483.69,116.24,11.9,4.4,5G NSA,GT 7,BSNL,n258,92,32.8,36,4,319.73,1,True,High,48.3,True,0,2,6,2024-06-26,1,1,2,0,0,0,1,1
2024-06-26 00:19:51.220513,Kolkata,-107.1,568.34,148.54,2.2,2.67,5G NSA,GT 7,Jio,n28,27,27.8,47,4,266.78,5,False,Medium,44.7,False,0,2,6,2024-06-26,3,1,3,2,2,0,0,0
2024-06-26 00:29:51.220512,San Francisco,-81.7,247.85,147.03,11.3,3.33,5G NSA,Nord 4,AT&T,n78,46,25.0,56,2,113.27,5,True,High,36.2,True,0,2,6,2024-06-26,6,1,0,4,0,2,1,1
2024-06-26 00:39:51.220510,New York,-90.5,868.74,54.66,11.6,1.05,5G NSA,iPhone 14,AT&T,n41,11,37.0,41,4,255.56,5,False,Medium,49.9,True,0,2,6,2024-06-26,5,1,0,3,2,4,0,1
2024-06-26 00:49:51.220508,San Francisco,-93.4,968.58,73.88,11.9,3.82,5G NSA,GT 7,AT&T,n78,97,39.4,30,2,437.25,5,True,High,46.0,False,0,2,6,2024-06-26,6,1,0,4,0,0,1,0
2024-06-26 00:59:51.220506,Berlin,-65.8,973.01,56.47,15.6,4.41,5G SA,iPhone 14,T-Mobile,n78,91,20.6,43,1,91.66,2,False,Low,23.2,True,0,2,6,2024-06-26,0,2,4,4,1,4,0,1
2024-06-26 01:09:51.220505,Chennai,-86.3,741.5,113.77,18.2,3.22,5G SA,iPhone 14,Jio,n78,99,38.3,34,2,360.87,2,False,Low,84.4,True,1,2,6,2024-06-26,1,2,3,4,1,4,0,1
2024-06-26 01:19:51.220503,Delhi,-98.5,352.19,105.32,12.0,4.09,5G NSA,iPhone 14,BSNL,n28,78,37.5,23,3,414.77,4,False,Medium,22.9,False,1,2,6,2024-06-26,2,1,2,2,2,4,0,0
2024-06-26 01:29:51.220501,New York,-95.1,388.52,60.13,16.9,2.14,5G SA,Pixel 7,AT&T,n41,40,45.0,51,0,326.0,1,False,Low,59.9,False,1,2,6,2024-06-26,5,2,0,3,1,3,0,0
2024-06-26 01:39:51.220500,Chennai,-68.0,748.7,64.48,11.5,3.34,4G,iPhone 14,BSNL,n78,91,31.8,4,0,70.21,2,True,High,65.0,True,1,2,6,2024-06-26,1,0,2,4,0,4,1,1
2024-06-26 01:49:51.220498,Delhi,-95.0,357.32,83.17,5.7,0.27,5G SA,Pixel 7,Vi,n258,25,20.3,7,0,497.44,3,True,Medium,33.6,False,1,2,6,2024-06-26,2,2,6,0,2,3,1,0
2024-06-26 01:59:51.220496,Tokyo,-105.0,539.17,61.42,12.7,2.29,5G SA,Nord 4,T-Mobile,n260,95,21.0,8,3,92.95,3,True,High,77.9,True,1,2,6,2024-06-26,7,2,4,1,0,2,1,1
2024-06-26 02:09:51.220494,Chennai,-67.3,807.95,93.3,12.2,2.47,4G,iPhone 14,Airtel,n258,75,43.3,57,1,110.15,3,True,High,17.1,True,2,2,6,2024-06-26,1,0,1,0,0,4,1,1
2024-06-26 02:19:51.220492,Berlin,-104.8,345.07,146.61,11.7,4.36,5G NSA,GT 7,Verizon,n260,93,34.6,27,2,11.38,1,True,Low,88.3,False,2,2,6,2024-06-26,0,1,5,1,1,0,1,0
2024-06-26 02:29:51.220491,New York,-108.9,889.33,55.38,6.1,2.22,4G,Nord 4,AT&T,n78,26,24.0,28,0,164.87,5,False,Low,17.1,True,2,2,6,2024-06-26,5,0,0,4,1,2,0,1
2024-06-26 02:39:51.220489,Chennai,-90.7,684.85,135.77,15.1,3.3,5G NSA,Galaxy S23,BSNL,n28,75,24.4,48,0,25.87,1,False,Low,71.5,False,2,2,6,2024-06-26,1,1,2,2,1,1,0,0
2024-06-26 02:49:51.220487,Chennai,-97.5,203.0,122.28,16.5,2.29,5G SA,Galaxy S23,Jio,n28,55,23.6,26,1,400.0,4,True,Medium,76.1,False,2,2,6,2024-06-26,1,2,3,2,2,1,1,0
2024-06-26 02:59:51.220485,San Francisco,-89.3,589.76,20.75,17.7,0.78,5G SA,iPhone 14,Verizon,n41,72,34.5,7,4,432.6,4,True,Medium,24.9,True,2,2,6,2024-06-26,6,2,5,3,2,4,1,1
2024-06-26 03:09:51.220483,Tokyo,-60.9,488.32,91.39,11.7,4.82,4G,Galaxy S23,Verizon,n78,22,37.9,50,4,152.09,2,True,Medium,33.9,True,3,2,6,2024-06-26,7,0,5,4,2,1,1,1
2024-06-26 03:19:51.220481,Tokyo,-90.4,652.99,137.09,8.3,1.58,5G SA,Nord 4,AT&T,n41,37,29.5,36,3,41.76,1,False,High,60.0,True,3,2,6,2024-06-26,7,2,0,3,0,2,0,1
2024-06-26 03:29:51.220479,Berlin,-79.5,826.67,44.59,16.4,0.27,4G,iPhone 14,Verizon,n78,36,24.5,28,3,244.5,4,True,Medium,66.6,False,3,2,6,2024-06-26,0,0,5,4,2,4,1,0
2024-06-26 03:39:51.220477,Mumbai,-64.1,635.2,102.03,2.1,3.17,5G NSA,iPhone 14,Jio,n28,59,27.4,42,1,29.99,4,False,Medium,86.5,True,3,2,6,2024-06-26,4,1,3,2,2,4,0,1
2024-06-26 03:49:51.220476,San Francisco,-68.4,126.65,115.17,2.9,4.44,5G SA,Nord 4,T-Mobile,n260,44,38.2,10,1,134.99,2,False,High,36.8,True,3,2,6,2024-06-26,6,2,4,1,0,2,0,1
2024-06-26 03:59:51.220474,San Francisco,-105.1,165.09,84.46,17.5,4.61,5G NSA,iPhone 14,AT&T,n41,23,33.6,45,0,345.66,5,False,Low,51.3,False,3,2,6,2024-06-26,6,1,0,3,1,4,0,0
2024-06-26 04:09:51.220471,Tokyo,-60.8,496.21,36.95,6.1,4.47,4G,Nord 4,Verizon,n41,19,35.7,34,1,146.46,4,False,High,91.2,True,4,2,6,2024-06-26,7,0,5,3,0,2,0,1
2024-06-26 04:19:51.220469,Tokyo,-92.7,499.08,78.36,2.4,3.37,5G SA,Pixel 7,Verizon,n78,96,40.2,49,0,466.55,1,True,Low,94.6,True,4,2,6,2024-06-26,7,2,5,4,1,3,1,1
2024-06-26 04:29:51.220467,Tokyo,-102.7,159.5,45.88,10.2,0.32,5G SA,GT 7,T-Mobile,n41,61,26.8,30,3,106.73,2,False,Medium,94.6,False,4,2,6,2024-06-26,7,2,4,3,2,0,0,0
2024-06-26 04:39:51.220465,San Francisco,-88.8,991.84,61.79,14.9,1.29,5G NSA,Galaxy S23,Verizon,n78,19,25.3,23,3,87.78,5,False,High,63.4,True,4,2,6,2024-06-26,6,1,5,4,0,1,0,1
2024-06-26 04:49:51.220463,Berlin,-63.1,208.61,50.83,7.0,4.78,4G,GT 7,T-Mobile,n41,63,26.8,7,2,438.88,2,True,Medium,43.3,True,4,2,6,2024-06-26,0,0,4,3,2,0,1,1
2024-06-26 04:59:51.220462,Delhi,-64.0,939.73,73.02,8.2,4.33,4G,Galaxy S23,Jio,n258,21,24.8,36,1,480.69,2,False,High,65.2,False,4,2,6,2024-06-26,2,0,3,0,0,1,0,0
2024-06-26 05:09:51.220460,Tokyo,-75.0,220.18,48.81,8.7,3.5,5G NSA,Pixel 7,T-Mobile,n78,62,27.6,32,0,331.61,4,True,High,53.3,False,5,2,6,2024-06-26,7,1,4,4,0,3,1,0
2024-06-26 05:19:51.220458,New York,-84.1,622.08,117.98,3.7,4.86,4G,Galaxy S23,T-Mobile,n260,75,27.3,10,0,44.47,5,True,Low,96.7,False,5,2,6,2024-06-26,5,0,4,1,1,1,1,0
2024-06-26 05:29:51.220456,Berlin,-65.3,688.96,31.41,14.9,3.34,5G NSA,Galaxy S23,AT&T,n41,38,23.5,21,2,165.87,2,False,Medium,17.4,False,5,2,6,2024-06-26,0,1,0,3,2,1,0,0
2024-06-26 05:39:51.220454,Berlin,-101.9,278.65,105.93,5.8,4.85,5G NSA,iPhone 14,Verizon,n78,54,34.2,2,4,270.72,3,False,Low,34.9,True,5,2,6,2024-06-26,0,1,5,4,1,4,0,1
2024-06-26 05:49:51.220452,San Francisco,-63.3,991.28,44.03,11.7,1.3,5G NSA,Pixel 7,AT&T,n78,26,38.4,40,4,476.63,5,True,High,13.5,False,5,2,6,2024-06-26,6,1,0,4,0,3,1,0
2024-06-26 05:59:51.220449,Berlin,-82.7,378.72,132.5,11.9,0.88,4G,GT 7,Verizon,n41,32,41.9,16,2,205.99,4,True,Medium,80.9,False,5,2,6,2024-06-26,0,0,5,3,2,0,1,0
2024-06-26 06:09:51.220447,Tokyo,-100.8,971.96,103.09,19.5,1.65,4G,Nord 4,Verizon,n78,42,31.5,9,0,179.34,2,True,Medium,73.6,True,6,2,6,2024-06-26,7,0,5,4,2,2,1,1
2024-06-26 06:19:51.220446,Mumbai,-81.8,748.57,77.92,10.3,3.21,5G NSA,Pixel 7,BSNL,n78,12,31.5,6,4,490.76,5,False,Low,68.9,True,6,2,6,2024-06-26,4,1,2,4,1,3,0,1
2024-06-26 06:29:51.220444,Berlin,-101.9,619.75,82.03,3.9,4.63,5G SA,GT 7,AT&T,n260,28,27.9,13,3,84.21,4,False,Medium,66.1,True,6,2,6,2024-06-26,0,2,0,1,2,0,0,1
2024-06-26 06:39:51.220442,Tokyo,-82.2,841.58,61.96,17.5,1.01,5G NSA,iPhone 14,Verizon,n78,71,25.8,18,2,239.19,3,False,Low,39.3,False,6,2,6,2024-06-26,7,1,5,4,1,4,0,0
2024-06-26 06:49:51.220440,Mumbai,-64.2,499.22,85.83,2.4,1.6,5G SA,iPhone 14,Jio,n28,65,23.0,35,1,385.8,4,True,High,78.9,True,6,2,6,2024-06-26,4,2,3,2,0,4,1,1
2024-06-26 06:59:51.220438,Berlin,-73.1,240.63,35.01,18.2,2.23,5G NSA,Galaxy S23,AT&T,n41,58,26.0,37,4,139.29,3,True,Low,54.4,True,6,2,6,2024-06-26,0,1,0,3,1,1,1,1
2024-06-26 07:09:51.220436,Berlin,-76.8,402.4,58.94,13.9,3.45,4G,Pixel 7,T-Mobile,n260,63,21.7,25,3,70.18,4,False,Medium,82.0,True,7,2,6,2024-06-26,0,0,4,1,2,3,0,1
2024-06-26 07:19:51.220424,Berlin,-73.7,748.76,57.91,11.9,0.29,4G,iPhone 14,AT&T,n41,69,26.2,24,4,39.83,5,False,Medium,75.4,True,7,2,6,2024-06-26,0,0,0,3,2,4,0,1
2024-06-26 07:29:51.220422,Mumbai,-106.7,866.62,22.77,2.5,4.47,5G SA,iPhone 14,Jio,n258,57,35.4,4,2,326.45,3,True,Medium,10.5,True,7,2,6,2024-06-26,4,2,3,0,2,4,1,1
2024-06-26 07:39:51.220421,Tokyo,-97.0,354.83,103.51,15.6,2.67,4G,GT 7,Verizon,n78,86,25.8,59,0,277.51,2,True,High,98.9,True,7,2,6,2024-06-26,7,0,5,4,0,0,1,1
2024-06-26 07:49:51.220419,San Francisco,-64.9,249.53,23.21,12.2,4.76,5G SA,Nord 4,T-Mobile,n41,69,25.8,1,3,365.05,3,True,High,43.8,False,7,2,6,2024-06-26,6,2,4,3,0,2,1,0
2024-06-26 07:59:51.220417,Chennai,-68.5,288.18,88.37,19.2,3.25,4G,Nord 4,BSNL,n28,20,43.8,25,4,73.05,3,True,Low,60.6,False,7,2,6,2024-06-26,1,0,2,2,1,2,1,0
2024-06-26 08:09:51.220415,San Francisco,-108.5,997.79,138.55,7.3,1.93,5G NSA,Pixel 7,Verizon,n78,73,28.7,7,0,98.86,3,False,Medium,35.1,True,8,2,6,2024-06-26,6,1,5,4,2,3,0,1
2024-06-26 08:19:51.220413,Delhi,-105.4,896.47,38.25,19.6,3.3,4G,iPhone 14,Vi,n28,31,39.1,38,0,225.79,2,False,Medium,22.0,False,8,2,6,2024-06-26,2,0,6,2,2,4,0,0
2024-06-26 08:29:51.220411,New York,-67.7,676.71,141.86,6.5,2.19,5G NSA,GT 7,AT&T,n78,70,43.9,22,4,321.26,1,True,High,26.0,False,8,2,6,2024-06-26,5,1,0,4,0,0,1,0
2024-06-26 08:39:51.220409,Kolkata,-93.8,590.44,80.06,5.4,0.8,5G SA,GT 7,Airtel,n258,96,23.8,49,4,472.45,2,False,High,85.5,False,8,2,6,2024-06-26,3,2,1,0,0,0,0,0
2024-06-26 08:49:51.220407,San Francisco,-81.2,569.33,141.67,16.7,0.62,4G,Pixel 7,Verizon,n41,28,28.0,58,4,191.65,3,True,Medium,10.4,True,8,2,6,2024-06-26,6,0,5,3,2,3,1,1
2024-06-26 08:59:51.220405,Tokyo,-103.1,329.47,41.63,6.5,0.26,4G,GT 7,T-Mobile,n78,51,23.9,36,0,449.31,4,True,Medium,91.2,True,8,2,6,2024-06-26,7,0,4,4,2,0,1,1
2024-06-26 09:09:51.220404,Delhi,-102.1,959.81,94.57,1.9,2.29,5G NSA,Galaxy S23,Airtel,n258,45,32.8,11,0,247.94,3,True,Low,73.3,True,9,2,6,2024-06-26,2,1,1,0,1,1,1,1
2024-06-26 09:19:51.220402,Chennai,-60.4,599.56,75.88,10.0,3.89,5G NSA,Nord 4,BSNL,n258,18,32.8,27,1,166.42,1,True,Medium,66.8,False,9,2,6,2024-06-26,1,1,2,0,2,2,1,0
2024-06-26 09:29:51.220400,Kolkata,-77.5,937.97,43.55,15.0,2.96,5G NSA,Pixel 7,Airtel,n258,95,36.8,31,2,365.71,5,False,Medium,94.2,False,9,2,6,2024-06-26,3,1,1,0,2,3,0,0
2024-06-26 09:39:51.220398,Kolkata,-67.3,147.05,124.57,8.5,3.1,4G,iPhone 14,Airtel,n78,72,27.1,33,3,224.95,2,True,High,41.0,False,9,2,6,2024-06-26,3,0,1,4,0,4,1,0
2024-06-26 09:49:51.220396,New York,-65.2,272.26,121.64,8.6,1.37,5G NSA,iPhone 14,AT&T,n41,66,29.0,38,4,56.69,3,False,Low,77.3,True,9,2,6,2024-06-26,5,1,0,3,1,4,0,1
2024-06-26 09:59:51.220394,Tokyo,-81.5,450.54,50.97,4.9,3.03,5G SA,GT 7,Verizon,n260,40,33.7,30,3,451.97,4,True,Low,74.8,False,9,2,6,2024-06-26,7,2,5,1,1,0,1,0
2024-06-26 10:09:51.220393,Delhi,-95.7,774.4,109.01,6.6,0.77,5G SA,Pixel 7,BSNL,n258,79,29.8,31,1,470.33,2,True,Low,65.3,True,10,2,6,2024-06-26,2,2,2,0,1,3,1,1
2024-06-26 10:19:51.220391,Tokyo,-96.9,976.31,88.6,13.5,2.21,4G,Galaxy S23,AT&T,n78,25,36.0,48,1,199.63,1,False,Low,36.4,False,10,2,6,2024-06-26,7,0,0,4,1,1,0,0
2024-06-26 10:29:51.220389,Chennai,-64.5,822.6,116.2,18.6,2.96,5G NSA,Pixel 7,BSNL,n78,39,21.3,27,2,488.86,1,False,Medium,63.2,True,10,2,6,2024-06-26,1,1,2,4,2,3,0,1
2024-06-26 10:39:51.220387,Kolkata,-101.5,187.3,27.36,5.0,2.31,5G SA,GT 7,Jio,n258,26,32.0,17,3,384.33,1,False,Low,37.1,True,10,2,6,2024-06-26,3,2,3,0,1,0,0,1
2024-06-26 10:49:51.220385,Mumbai,-91.3,287.03,69.94,10.2,4.05,5G NSA,Galaxy S23,BSNL,n78,18,33.9,26,3,462.12,5,False,Medium,97.9,False,10,2,6,2024-06-26,4,1,2,4,2,1,0,0
2024-06-26 10:59:51.220384,Kolkata,-84.2,327.26,29.0,19.4,2.69,5G SA,Pixel 7,BSNL,n28,20,27.0,24,1,298.87,4,True,High,75.8,False,10,2,6,2024-06-26,3,2,2,2,0,3,1,0
2024-06-26 11:09:51.220382,Kolkata,-97.6,780.86,39.09,10.3,1.25,4G,GT 7,Jio,n258,87,25.0,17,2,318.55,5,True,Medium,80.5,False,11,2,6,2024-06-26,3,0,3,0,2,0,1,0
2024-06-26 11:19:51.220380,Tokyo,-81.0,779.32,80.54,13.1,1.88,4G,Nord 4,AT&T,n78,21,36.2,29,0,266.74,2,False,Medium,57.2,True,11,2,6,2024-06-26,7,0,0,4,2,2,0,1
2024-06-26 11:29:51.220378,Chennai,-62.3,694.56,56.25,16.6,4.57,5G SA,GT 7,Vi,n28,42,25.2,20,4,256.96,4,False,High,87.1,True,11,2,6,2024-06-26,1,2,6,2,0,0,0,1
2024-06-26 11:39:51.220372,Kolkata,-105.9,319.74,129.05,6.8,2.41,4G,GT 7,Airtel,n78,99,23.7,25,0,291.48,2,True,Low,52.7,True,11,2,6,2024-06-26,3,0,1,4,1,0,1,1
2024-06-26 11:49:51.220209,Tokyo,-80.4,651.71,88.81,4.7,2.61,5G NSA,Nord 4,T-Mobile,n41,46,27.0,31,3,466.46,1,True,High,58.9,True,11,2,6,2024-06-26,7,1,4,3,0,2,1,1
2024-06-26 11:59:51.220207,Berlin,-88.0,499.4,30.35,10.1,1.93,5G SA,Galaxy S23,AT&T,n41,43,24.6,12,3,494.66,4,True,High,34.7,False,11,2,6,2024-06-26,0,2,0,3,0,1,1,0
2024-06-26 12:09:51.220204,Chennai,-108.2,181.83,23.69,19.1,2.78,5G NSA,Pixel 7,Airtel,n28,61,35.4,15,1,281.45,3,False,Medium,13.0,True,12,2,6,2024-06-26,1,1,1,2,2,3,0,1
2024-06-26 12:19:51.220201,San Francisco,-68.1,673.93,73.12,1.3,2.05,5G NSA,Galaxy S23,AT&T,n78,55,25.6,43,1,453.94,3,True,Low,63.9,True,12,2,6,2024-06-26,6,1,0,4,1,1,1,1
2024-06-26 12:29:51.220196,Berlin,-76.2,692.88,141.9,13.7,4.31,4G,GT 7,AT&T,n260,31,24.5,3,1,117.59,5,False,Low,12.0,False,12,2,6,2024-06-26,0,0,0,1,1,0,0,0
2024-06-26 12:39:51.220194,Chennai,-101.3,839.2,110.04,16.4,4.87,5G SA,Nord 4,Airtel,n78,94,27.8,31,1,192.9,2,False,Low,74.7,False,12,2,6,2024-06-26,1,2,1,4,1,2,0,0
2024-06-26 12:49:51.220191,New York,-67.1,275.44,136.17,17.8,4.25,4G,iPhone 14,Verizon,n41,60,29.5,29,3,45.21,2,False,Low,34.8,True,12,2,6,2024-06-26,5,0,5,3,1,4,0,1
2024-06-26 12:59:51.220188,San Francisco,-68.0,917.6,37.79,13.5,4.03,5G SA,iPhone 14,T-Mobile,n78,18,37.1,16,3,32.03,4,True,High,94.6,False,12,2,6,2024-06-26,6,2,4,4,0,4,1,0
2024-06-26 13:09:51.220186,Chennai,-81.2,484.17,29.58,19.6,2.11,4G,Pixel 7,Jio,n28,33,21.5,9,0,40.66,3,False,Medium,75.8,True,13,2,6,2024-06-26,1,0,3,2,2,3,0,1
2024-06-26 13:19:51.220183,Mumbai,-96.7,564.39,70.1,12.5,2.27,5G NSA,iPhone 14,BSNL,n78,61,21.8,9,3,328.67,5,False,High,65.5,True,13,2,6,2024-06-26,4,1,2,4,0,4,0,1
2024-06-26 13:29:51.220181,Tokyo,-76.4,903.36,80.18,11.8,1.8,5G SA,iPhone 14,AT&T,n260,57,41.7,56,2,89.05,4,False,Low,73.2,False,13,2,6,2024-06-26,7,2,0,1,1,4,0,0
2024-06-26 13:39:51.220178,San Francisco,-84.8,204.26,53.85,6.0,1.42,5G SA,Pixel 7,Verizon,n41,39,40.9,58,1,73.47,1,False,High,50.7,False,13,2,6,2024-06-26,6,2,5,3,0,3,0,0
2024-06-26 13:49:51.220176,Berlin,-100.9,767.66,146.48,10.1,3.91,5G NSA,GT 7,Verizon,n260,20,35.8,57,1,57.22,4,False,Medium,59.3,False,13,2,6,2024-06-26,0,1,5,1,2,0,0,0
2024-06-26 13:59:51.220173,New York,-60.1,399.85,135.19,19.7,1.22,5G NSA,Nord 4,AT&T,n78,56,27.5,27,0,406.05,4,True,Low,60.0,False,13,2,6,2024-06-26,5,1,0,4,1,2,1,0
2024-06-26 14:09:51.220170,Chennai,-73.6,162.91,74.74,9.5,0.11,4G,iPhone 14,Airtel,n258,91,40.3,34,1,336.61,2,False,High,40.3,False,14,2,6,2024-06-26,1,0,1,0,0,4,0,0
2024-06-26 14:19:51.220168,San Francisco,-83.0,704.17,94.52,11.2,1.32,5G NSA,iPhone 14,AT&T,n260,36,42.0,52,0,429.9,4,False,High,79.5,True,14,2,6,2024-06-26,6,1,0,1,0,4,0,1
2024-06-26 14:29:51.220165,Delhi,-81.4,179.82,27.27,13.2,2.22,5G NSA,Pixel 7,Jio,n28,57,29.4,16,3,431.16,5,True,Low,21.0,False,14,2,6,2024-06-26,2,1,3,2,1,3,1,0
2024-06-26 14:39:51.220163,Tokyo,-107.4,999.59,140.91,17.6,3.76,5G SA,iPhone 14,Verizon,n41,93,29.4,2,3,362.74,5,False,Low,73.9,False,14,2,6,2024-06-26,7,2,5,3,1,4,0,0
2024-06-26 14:49:51.220160,San Francisco,-103.1,500.1,131.85,16.4,0.76,4G,Galaxy S23,Verizon,n78,65,37.4,25,1,438.92,3,True,Low,78.9,False,14,2,6,2024-06-26,6,0,5,4,1,1,1,0
2024-06-26 14:59:51.220158,Delhi,-109.2,300.03,119.88,15.2,1.04,5G SA,GT 7,Vi,n258,49,28.6,16,1,309.47,5,True,Low,71.7,True,14,2,6,2024-06-26,2,2,6,0,1,0,1,1
2024-06-26 15:09:51.220155,Chennai,-64.4,919.65,64.29,4.7,3.34,5G NSA,Pixel 7,BSNL,n78,48,40.7,5,2,217.93,4,True,Low,59.7,True,15,2,6,2024-06-26,1,1,2,4,1,3,1,1
2024-06-26 15:19:51.220152,Delhi,-103.4,775.47,29.69,10.1,3.79,5G NSA,Nord 4,Vi,n258,60,31.8,29,4,446.53,1,True,High,57.2,True,15,2,6,2024-06-26,2,1,6,0,0,2,1,1
2024-06-26 15:29:51.220150,San Francisco,-88.6,931.75,105.62,5.8,4.97,4G,iPhone 14,T-Mobile,n78,40,25.4,36,1,172.36,5,True,Low,84.5,False,15,2,6,2024-06-26,6,0,4,4,1,4,1,0
2024-06-26 15:39:51.220147,New York,-105.2,904.15,118.5,10.8,0.1,5G NSA,Pixel 7,Verizon,n260,28,38.5,15,4,16.03,2,False,Low,77.5,True,15,2,6,2024-06-26,5,1,5,1,1,3,0,1
2024-06-26 15:49:51.220145,Berlin,-62.1,346.74,47.41,9.5,2.77,5G SA,GT 7,Verizon,n260,97,44.8,56,2,410.27,2,False,Medium,42.9,True,15,2,6,2024-06-26,0,2,5,1,2,0,0,1
2024-06-26 15:59:51.220142,Tokyo,-70.0,457.81,62.9,12.5,1.32,5G SA,Galaxy S23,T-Mobile,n78,73,25.4,13,3,459.05,2,False,High,40.8,True,15,2,6,2024-06-26,7,2,4,4,0,1,0,1
2024-06-26 16:09:51.220139,Delhi,-110.0,439.93,63.63,14.6,2.72,4G,Pixel 7,BSNL,n258,81,22.8,3,1,171.41,5,True,High,37.3,True,16,2,6,2024-06-26,2,0,2,0,0,3,1,1
2024-06-26 16:19:51.220137,New York,-103.5,960.99,48.81,12.6,2.94,5G NSA,Nord 4,AT&T,n41,82,38.4,54,0,475.3,1,False,Medium,82.5,True,16,2,6,2024-06-26,5,1,0,3,2,2,0,1
2024-06-26 16:29:51.220134,Chennai,-91.2,936.59,117.68,2.2,3.09,5G SA,GT 7,Jio,n28,26,29.8,17,4,199.89,4,True,Low,93.5,True,16,2,6,2024-06-26,1,2,3,2,1,0,1,1
2024-06-26 16:39:51.220132,Mumbai,-84.5,662.78,78.76,14.8,3.23,5G NSA,iPhone 14,Vi,n78,64,35.5,45,0,215.86,4,True,Medium,99.9,True,16,2,6,2024-06-26,4,1,6,4,2,4,1,1
2024-06-26 16:49:51.220129,San Francisco,-94.5,107.16,84.39,19.6,2.55,5G SA,Nord 4,Verizon,n41,30,38.0,20,4,253.37,4,True,Medium,42.2,False,16,2,6,2024-06-26,6,2,5,3,2,2,1,0
2024-06-26 16:59:51.220127,Berlin,-87.2,530.53,51.52,8.0,1.94,5G SA,Nord 4,AT&T,n78,60,27.5,37,2,96.09,5,False,High,32.0,False,16,2,6,2024-06-26,0,2,0,4,0,2,0,0
2024-06-26 17:09:51.220124,San Francisco,-103.0,105.41,46.62,13.3,0.41,5G SA,Pixel 7,AT&T,n260,31,22.6,41,1,163.79,3,False,Medium,80.9,True,17,2,6,2024-06-26,6,2,0,1,2,3,0,1
2024-06-26 17:19:51.220121,Mumbai,-71.7,828.97,93.38,9.1,2.49,4G,Nord 4,Airtel,n258,29,26.6,23,0,499.83,2,False,Low,10.0,True,17,2,6,2024-06-26,4,0,1,0,1,2,0,1
2024-06-26 17:29:51.220119,Mumbai,-72.5,165.49,34.1,18.9,1.68,5G SA,Pixel 7,Airtel,n28,89,37.9,55,2,299.93,2,False,High,81.9,False,17,2,6,2024-06-26,4,2,1,2,0,3,0,0
2024-06-26 17:39:51.220116,New York,-98.9,484.13,124.73,14.7,3.28,4G,Galaxy S23,AT&T,n260,61,36.4,26,0,258.48,3,True,Low,97.1,False,17,2,6,2024-06-26,5,0,0,1,1,1,1,0
2024-06-26 17:49:51.220114,Chennai,-102.0,241.4,102.22,18.7,0.85,4G,Nord 4,Vi,n28,68,24.1,37,0,245.94,3,False,Medium,70.7,False,17,2,6,2024-06-26,1,0,6,2,2,2,0,0
2024-06-26 17:59:51.220111,Chennai,-77.9,611.85,39.02,16.7,4.8,4G,iPhone 14,BSNL,n78,65,27.2,31,0,100.91,3,False,Low,20.2,False,17,2,6,2024-06-26,1,0,2,4,1,4,0,0
2024-06-26 18:09:51.220108,Kolkata,-103.4,897.88,102.06,3.8,3.9,5G SA,Galaxy S23,Jio,n258,13,27.2,18,4,364.19,5,True,Low,36.9,True,18,2,6,2024-06-26,3,2,3,0,1,1,1,1
2024-06-26 18:19:51.220106,Chennai,-61.7,831.19,101.88,16.2,1.47,4G,GT 7,Airtel,n28,22,32.5,27,0,149.13,5,False,Low,56.0,True,18,2,6,2024-06-26,1,0,1,2,1,0,0,1
2024-06-26 18:29:51.220103,Mumbai,-102.1,331.68,107.77,2.3,1.55,4G,iPhone 14,BSNL,n28,11,20.2,41,2,29.87,3,False,Medium,46.5,False,18,2,6,2024-06-26,4,0,2,2,2,4,0,0
2024-06-26 18:39:51.220101,New York,-87.1,289.76,141.36,7.5,2.76,5G NSA,GT 7,Verizon,n41,60,22.1,6,0,33.1,2,True,Medium,93.6,False,18,2,6,2024-06-26,5,1,5,3,2,0,1,0
2024-06-26 18:49:51.220098,New York,-60.8,755.42,56.6,5.4,3.06,5G NSA,Nord 4,AT&T,n78,54,41.6,40,4,345.63,3,False,High,48.2,True,18,2,6,2024-06-26,5,1,0,4,0,2,0,1
2024-06-26 18:59:51.220095,New York,-82.4,190.09,120.65,1.2,4.07,5G SA,Galaxy S23,T-Mobile,n78,89,39.5,37,1,483.96,3,False,Medium,32.2,False,18,2,6,2024-06-26,5,2,4,4,2,1,0,0
2024-06-26 19:09:51.220093,Chennai,-97.4,162.12,92.43,4.3,1.63,5G NSA,GT 7,Jio,n78,60,43.8,59,4,164.31,1,True,Medium,58.2,False,19,2,6,2024-06-26,1,1,3,4,2,0,1,0
2024-06-26 19:19:51.220090,Chennai,-87.0,121.05,147.49,8.4,1.84,5G NSA,GT 7,BSNL,n258,86,37.7,33,4,375.01,2,False,High,62.4,True,19,2,6,2024-06-26,1,1,2,0,0,0,0,1
2024-06-26 19:29:51.220088,Kolkata,-64.8,498.64,149.4,8.5,4.09,5G SA,GT 7,Vi,n28,25,24.5,26,0,171.25,5,False,Low,70.8,False,19,2,6,2024-06-26,3,2,6,2,1,0,0,0
2024-06-26 19:39:51.220085,Mumbai,-103.1,163.37,59.28,14.9,4.08,5G NSA,Pixel 7,BSNL,n28,89,40.9,43,1,40.47,2,True,High,65.8,True,19,2,6,2024-06-26,4,1,2,2,0,3,1,1
2024-06-26 19:49:51.220083,Mumbai,-68.2,762.05,88.26,1.4,2.86,5G SA,Galaxy S23,Jio,n28,73,43.1,15,4,393.62,3,False,High,48.6,False,19,2,6,2024-06-26,4,2,3,2,0,1,0,0
2024-06-26 19:59:51.220080,Chennai,-109.3,712.9,87.4,2.4,4.45,5G NSA,iPhone 14,BSNL,n258,71,28.1,43,4,130.68,5,True,Medium,43.6,True,19,2,6,2024-06-26,1,1,2,0,2,4,1,1
2024-06-26 20:09:51.220077,New York,-79.7,725.62,125.99,4.7,0.43,5G NSA,Galaxy S23,T-Mobile,n260,81,33.5,21,4,436.58,5,False,High,62.0,False,20,2,6,2024-06-26,5,1,4,1,0,1,0,0
2024-06-26 20:19:51.220075,San Francisco,-89.1,801.53,77.29,8.7,4.47,5G SA,Pixel 7,Verizon,n260,66,33.8,54,4,488.08,4,False,Low,94.4,True,20,2,6,2024-06-26,6,2,5,1,1,3,0,1
2024-06-26 20:29:51.220072,Tokyo,-91.9,118.93,48.8,16.0,3.43,5G NSA,Pixel 7,AT&T,n78,74,24.6,18,0,13.83,5,False,High,55.7,True,20,2,6,2024-06-26,7,1,0,4,0,3,0,1
2024-06-26 20:39:51.220067,Chennai,-98.3,813.36,53.63,2.0,4.52,5G SA,Galaxy S23,Airtel,n28,71,34.7,57,2,282.09,3,False,High,30.0,False,20,2,6,2024-06-26,1,2,1,2,0,1,0,0
2024-06-26 20:49:51.220064,Mumbai,-87.1,555.41,139.23,13.4,3.17,5G SA,Nord 4,Airtel,n28,16,40.1,26,1,48.13,1,False,Low,57.4,False,20,2,6,2024-06-26,4,2,1,2,1,2,0,0
2024-06-26 20:59:51.220062,Tokyo,-97.0,188.71,115.18,13.3,1.56,5G SA,GT 7,Verizon,n41,29,38.2,54,4,329.5,1,True,Low,33.7,False,20,2,6,2024-06-26,7,2,5,3,1,0,1,0
2024-06-26 21:09:51.220059,Delhi,-83.8,906.29,67.76,6.3,2.68,5G NSA,Pixel 7,Jio,n258,34,25.4,15,3,263.53,2,False,Medium,80.8,True,21,2,6,2024-06-26,2,1,3,0,2,3,0,1
2024-06-26 21:19:51.220057,San Francisco,-108.2,246.63,115.67,8.6,1.63,4G,Pixel 7,T-Mobile,n41,67,24.3,5,0,32.84,2,True,High,79.2,False,21,2,6,2024-06-26,6,0,4,3,0,3,1,0
2024-06-26 21:29:51.220054,Tokyo,-107.3,450.28,31.75,9.7,3.83,5G NSA,Pixel 7,T-Mobile,n41,30,28.2,55,3,239.49,2,False,Low,90.6,False,21,2,6,2024-06-26,7,1,4,3,1,3,0,0
2024-06-26 21:39:51.220051,New York,-106.4,842.95,142.56,20.0,0.95,4G,Pixel 7,T-Mobile,n78,38,37.6,46,1,351.37,1,False,High,18.1,False,21,2,6,2024-06-26,5,0,4,4,0,3,0,0
2024-06-26 21:49:51.220049,Delhi,-91.0,229.06,114.97,8.9,4.73,5G NSA,Nord 4,Jio,n78,63,28.2,48,0,370.63,5,False,High,84.6,True,21,2,6,2024-06-26,2,1,3,4,0,2,0,1
2024-06-26 21:59:51.220046,New York,-69.8,634.79,116.65,12.3,0.58,5G SA,Pixel 7,T-Mobile,n41,64,27.4,52,2,415.58,4,True,Low,59.7,False,21,2,6,2024-06-26,5,2,4,3,1,3,1,0
2024-06-26 22:09:51.220044,Chennai,-97.3,210.19,129.72,4.7,3.31,5G NSA,Nord 4,Airtel,n258,38,35.0,29,1,282.63,3,False,High,13.8,True,22,2,6,2024-06-26,1,1,1,0,0,2,0,1
2024-06-26 22:19:51.220041,Berlin,-71.8,622.16,104.1,7.7,3.78,5G SA,Galaxy S23,T-Mobile,n41,53,20.0,25,0,351.91,4,True,High,13.6,True,22,2,6,2024-06-26,0,2,4,3,0,1,1,1
2024-06-26 22:29:51.220038,Kolkata,-60.2,625.94,102.45,10.7,3.76,4G,Pixel 7,Jio,n78,30,24.4,44,3,99.18,1,True,Medium,47.2,True,22,2,6,2024-06-26,3,0,3,4,2,3,1,1
2024-06-26 22:39:51.220036,San Francisco,-64.7,884.25,96.89,1.3,2.58,5G NSA,iPhone 14,T-Mobile,n78,30,20.5,27,3,35.13,3,True,Medium,31.6,True,22,2,6,2024-06-26,6,1,4,4,2,4,1,1
2024-06-26 22:49:51.220033,San Francisco,-105.2,251.59,71.29,8.4,2.53,5G NSA,Nord 4,T-Mobile,n78,90,33.6,26,1,284.53,5,False,High,90.5,True,22,2,6,2024-06-26,6,1,4,4,0,2,0,1
2024-06-26 22:59:51.220031,San Francisco,-92.5,692.99,69.18,17.7,0.65,4G,GT 7,Verizon,n260,50,24.6,7,2,148.03,3,False,Medium,48.0,True,22,2,6,2024-06-26,6,0,5,1,2,0,0,1
2024-06-26 23:09:51.220028,Tokyo,-77.0,989.81,23.21,15.0,3.67,5G SA,Pixel 7,Verizon,n78,52,24.5,43,4,182.41,2,False,Low,64.6,False,23,2,6,2024-06-26,7,2,5,4,1,3,0,0
2024-06-26 23:19:51.220026,Kolkata,-96.1,125.36,29.21,6.1,1.2,5G SA,iPhone 14,Vi,n258,12,29.9,44,1,16.85,5,True,Low,96.5,False,23,2,6,2024-06-26,3,2,6,0,1,4,1,0
2024-06-26 23:29:51.220023,Mumbai,-67.1,622.24,132.61,8.7,0.65,5G NSA,iPhone 14,Vi,n78,85,32.7,45,3,153.24,3,False,Medium,77.3,False,23,2,6,2024-06-26,4,1,6,4,2,4,0,0
2024-06-26 23:39:51.220020,Chennai,-84.7,126.95,29.15,8.9,0.99,5G NSA,GT 7,BSNL,n258,13,40.9,45,1,239.95,5,True,High,98.4,True,23,2,6,2024-06-26,1,1,2,0,0,0,1,1
2024-06-26 23:49:51.220018,New York,-78.0,728.15,105.46,15.5,3.11,4G,iPhone 14,T-Mobile,n260,27,35.9,44,3,61.79,5,True,Low,20.0,True,23,2,6,2024-06-26,5,0,4,1,1,4,1,1
2024-06-26 23:59:51.220015,Delhi,-87.0,416.71,129.74,6.5,1.6,5G NSA,Nord 4,Vi,n28,87,35.1,55,4,349.52,5,False,Medium,93.2,False,23,2,6,2024-06-26,2,1,6,2,2,2,0,0
2024-06-27 00:09:51.220013,Chennai,-61.9,921.09,69.44,10.3,0.84,5G SA,GT 7,Jio,n28,96,34.9,29,2,244.0,5,False,High,15.5,True,0,3,6,2024-06-27,1,2,3,2,0,0,0,1
2024-06-27 00:19:51.220010,Berlin,-62.6,394.57,47.08,14.6,3.35,5G NSA,Nord 4,AT&T,n41,78,42.9,41,4,314.96,2,True,Medium,62.1,False,0,3,6,2024-06-27,0,1,0,3,2,2,1,0
2024-06-27 00:29:51.220007,Delhi,-90.3,471.51,122.58,13.9,3.3,5G NSA,Galaxy S23,BSNL,n258,99,43.0,7,1,216.34,2,True,High,50.2,False,0,3,6,2024-06-27,2,1,2,0,0,1,1,0
2024-06-27 00:39:51.220005,Tokyo,-71.3,777.49,130.83,7.9,4.84,5G NSA,iPhone 14,AT&T,n41,25,43.7,47,0,460.02,3,True,Low,97.0,False,0,3,6,2024-06-27,7,1,0,3,1,4,1,0
2024-06-27 00:49:51.220002,Tokyo,-92.8,864.47,149.73,11.6,2.46,4G,iPhone 14,AT&T,n260,37,20.3,19,2,187.25,1,True,Low,52.3,False,0,3,6,2024-06-27,7,0,0,1,1,4,1,0
2024-06-27 00:59:51.220000,Mumbai,-84.5,973.57,47.31,3.7,1.2,5G NSA,Galaxy S23,Jio,n28,14,28.2,42,3,468.38,1,False,Low,67.7,True,0,3,6,2024-06-27,4,1,3,2,1,1,0,1
2024-06-27 01:09:51.219997,Delhi,-93.8,731.18,148.48,17.8,2.77,5G NSA,GT 7,BSNL,n78,15,39.8,39,1,286.98,2,True,Low,96.2,True,1,3,6,2024-06-27,2,1,2,4,1,0,1,1
2024-06-27 01:19:51.219995,San Francisco,-107.8,924.61,131.88,8.5,1.82,5G SA,Nord 4,AT&T,n41,38,33.3,17,0,105.53,1,False,High,89.8,True,1,3,6,2024-06-27,6,2,0,3,0,2,0,1
2024-06-27 01:29:51.219992,Chennai,-102.4,530.12,95.05,7.3,2.56,5G NSA,Nord 4,BSNL,n258,80,33.2,57,0,258.79,5,False,High,70.3,False,1,3,6,2024-06-27,1,1,2,0,0,2,0,0
2024-06-27 01:39:51.219989,Chennai,-95.6,230.26,72.18,8.0,0.55,5G NSA,Nord 4,Airtel,n258,63,39.4,2,3,222.54,4,False,Low,44.3,False,1,3,6,2024-06-27,1,1,1,0,1,2,0,0
2024-06-27 01:49:51.219987,Berlin,-70.6,746.28,146.48,17.8,4.77,5G NSA,Nord 4,T-Mobile,n41,54,25.3,35,0,398.79,2,False,High,32.2,False,1,3,6,2024-06-27,0,1,4,3,0,2,0,0
2024-06-27 01:59:51.219984,Kolkata,-69.4,196.61,65.95,7.5,2.75,4G,Pixel 7,Vi,n28,68,31.9,12,2,317.55,2,False,Medium,74.8,True,1,3,6,2024-06-27,3,0,6,2,2,3,0,1
2024-06-27 02:09:51.219982,Berlin,-65.6,387.29,85.92,4.5,1.07,5G SA,Nord 4,Verizon,n78,53,33.8,10,0,135.93,4,True,High,86.4,True,2,3,6,2024-06-27,0,2,5,4,0,2,1,1
2024-06-27 02:19:51.219979,San Francisco,-84.5,631.98,113.62,4.0,1.26,5G NSA,Pixel 7,AT&T,n78,28,37.2,10,2,55.35,4,True,Medium,93.9,False,2,3,6,2024-06-27,6,1,0,4,2,3,1,0
2024-06-27 02:29:51.219973,New York,-73.8,180.19,138.46,6.3,1.17,5G SA,Galaxy S23,Verizon,n260,41,37.5,25,4,313.23,4,True,Low,90.5,True,2,3,6,2024-06-27,5,2,5,1,1,1,1,1
2024-06-27 02:39:51.219970,Kolkata,-65.6,431.71,131.81,4.5,1.28,4G,Galaxy S23,BSNL,n28,89,34.7,30,0,468.24,2,True,Medium,92.9,True,2,3,6,2024-06-27,3,0,2,2,2,1,1,1
2024-06-27 02:49:51.219968,New York,-61.1,641.74,121.74,3.8,4.67,4G,GT 7,AT&T,n78,99,33.5,38,1,212.52,1,False,Medium,51.3,False,2,3,6,2024-06-27,5,0,0,4,2,0,0,0
2024-06-27 02:59:51.219965,Kolkata,-70.4,842.37,133.52,17.3,1.84,4G,GT 7,Jio,n258,11,21.2,5,1,188.0,2,True,Medium,100.0,True,2,3,6,2024-06-27,3,0,3,0,2,0,1,1
2024-06-27 03:09:51.219963,Delhi,-104.0,803.09,71.94,12.9,3.69,5G SA,Galaxy S23,Jio,n78,20,24.5,49,3,491.35,4,True,Low,91.3,False,3,3,6,2024-06-27,2,2,3,4,1,1,1,0
2024-06-27 03:19:51.219960,Kolkata,-109.8,192.63,122.19,6.7,4.05,5G NSA,iPhone 14,BSNL,n78,62,32.8,44,2,453.37,3,True,Medium,81.3,True,3,3,6,2024-06-27,3,1,2,4,2,4,1,1
2024-06-27 03:29:51.219957,Delhi,-105.2,866.13,138.05,3.0,4.7,5G SA,Pixel 7,Jio,n28,33,44.0,21,4,197.31,2,False,High,10.8,False,3,3,6,2024-06-27,2,2,3,2,0,3,0,0
2024-06-27 03:39:51.219955,Tokyo,-82.9,278.42,131.87,1.5,4.48,5G SA,GT 7,AT&T,n260,46,34.2,32,1,161.45,1,True,Low,95.8,True,3,3,6,2024-06-27,7,2,0,1,1,0,1,1
2024-06-27 03:49:51.219952,Berlin,-92.4,248.73,112.58,4.8,0.28,5G NSA,Pixel 7,T-Mobile,n78,99,29.0,33,3,26.02,2,True,High,88.3,False,3,3,6,2024-06-27,0,1,4,4,0,3,1,0
2024-06-27 03:59:51.219950,Berlin,-63.1,159.02,48.78,18.0,3.46,5G SA,iPhone 14,AT&T,n78,99,36.1,49,0,390.0,2,False,Low,44.3,False,3,3,6,2024-06-27,0,2,0,4,1,4,0,0
2024-06-27 04:09:51.219947,Chennai,-87.8,379.17,77.08,13.0,1.34,4G,Galaxy S23,BSNL,n258,93,39.1,55,3,316.85,4,True,Medium,12.5,False,4,3,6,2024-06-27,1,0,2,0,2,1,1,0
2024-06-27 04:19:51.219945,Delhi,-67.2,573.97,100.53,3.8,2.46,4G,GT 7,Airtel,n28,21,22.4,13,0,440.94,5,False,High,13.6,True,4,3,6,2024-06-27,2,0,1,2,0,0,0,1
2024-06-27 04:29:51.219942,New York,-105.3,739.51,118.18,19.8,2.63,4G,GT 7,T-Mobile,n78,27,27.0,45,3,417.75,4,True,Low,12.7,True,4,3,6,2024-06-27,5,0,4,4,1,0,1,1
2024-06-27 04:39:51.219939,San Francisco,-94.4,168.41,55.32,7.6,3.5,5G NSA,Pixel 7,AT&T,n260,74,33.7,41,3,126.96,2,False,Low,45.9,False,4,3,6,2024-06-27,6,1,0,1,1,3,0,0
2024-06-27 04:49:51.219937,Berlin,-62.9,750.84,27.88,4.0,2.66,5G NSA,iPhone 14,Verizon,n41,24,33.4,13,0,157.6,2,False,Medium,95.7,False,4,3,6,2024-06-27,0,1,5,3,2,4,0,0
2024-06-27 04:59:51.219934,New York,-90.5,593.05,75.43,11.9,3.84,5G NSA,Galaxy S23,T-Mobile,n260,62,41.0,53,3,428.49,2,False,High,59.1,True,4,3,6,2024-06-27,5,1,4,1,0,1,0,1
2024-06-27 05:09:51.219932,Mumbai,-93.6,962.08,22.12,8.6,1.13,5G SA,GT 7,Jio,n28,83,43.1,23,3,413.8,2,False,Low,51.1,True,5,3,6,2024-06-27,4,2,3,2,1,0,0,1
2024-06-27 05:19:51.219929,Berlin,-69.6,806.04,29.7,2.7,0.3,5G NSA,Nord 4,AT&T,n260,47,31.8,23,4,18.64,3,False,Low,79.2,True,5,3,6,2024-06-27,0,1,0,1,1,2,0,1
2024-06-27 05:29:51.219926,New York,-78.4,870.92,84.3,1.3,1.87,4G,iPhone 14,Verizon,n260,25,31.4,46,3,331.35,2,False,High,45.7,False,5,3,6,2024-06-27,5,0,5,1,0,4,0,0
2024-06-27 05:39:51.219924,Mumbai,-64.3,426.67,131.3,15.3,2.69,5G NSA,Pixel 7,Vi,n28,56,21.8,51,0,188.05,2,False,Medium,70.4,False,5,3,6,2024-06-27,4,1,6,2,2,3,0,0
2024-06-27 05:49:51.219921,Mumbai,-81.0,757.35,118.43,18.9,0.4,5G SA,iPhone 14,Jio,n28,43,24.7,48,1,410.93,2,True,Medium,29.0,True,5,3,6,2024-06-27,4,2,3,2,2,4,1,1
2024-06-27 05:59:51.219918,Tokyo,-88.8,432.76,59.43,6.8,1.39,5G NSA,iPhone 14,Verizon,n41,50,27.5,23,2,381.92,4,False,Low,67.1,False,5,3,6,2024-06-27,7,1,5,3,1,4,0,0
2024-06-27 06:09:51.219916,New York,-82.4,128.56,21.72,1.1,4.4,5G SA,Pixel 7,Verizon,n78,75,36.6,30,4,478.73,2,False,High,94.2,False,6,3,6,2024-06-27,5,2,5,4,0,3,0,0
2024-06-27 06:19:51.219913,New York,-86.0,674.68,136.48,10.4,1.04,4G,Pixel 7,Verizon,n78,24,42.7,45,3,70.28,3,True,Low,98.2,False,6,3,6,2024-06-27,5,0,5,4,1,3,1,0
2024-06-27 06:29:51.219911,San Francisco,-98.9,881.6,50.76,17.3,4.61,4G,Galaxy S23,T-Mobile,n260,86,22.8,41,4,314.14,5,False,High,97.5,False,6,3,6,2024-06-27,6,0,4,1,0,1,0,0
2024-06-27 06:39:51.219909,Berlin,-98.0,168.87,112.3,5.3,2.37,4G,GT 7,Verizon,n41,41,22.8,48,2,266.06,3,False,High,29.8,True,6,3,6,2024-06-27,0,0,5,3,0,0,0,1
2024-06-27 06:49:51.219906,Delhi,-107.7,759.51,54.77,9.2,0.65,4G,GT 7,BSNL,n78,50,32.0,40,0,90.04,4,False,High,82.4,True,6,3,6,2024-06-27,2,0,2,4,0,0,0,1
2024-06-27 06:59:51.219903,Tokyo,-105.2,675.15,147.71,16.1,2.45,5G SA,GT 7,AT&T,n260,68,37.6,9,1,41.47,3,False,High,41.2,True,6,3,6,2024-06-27,7,2,0,1,0,0,0,1
2024-06-27 07:09:51.219901,Tokyo,-84.6,958.72,71.69,19.8,1.26,5G SA,Nord 4,Verizon,n41,14,42.2,30,2,156.33,1,False,Medium,64.6,True,7,3,6,2024-06-27,7,2,5,3,2,2,0,1
2024-06-27 07:19:51.219898,Berlin,-109.2,423.38,140.66,6.5,4.08,5G SA,Nord 4,T-Mobile,n260,92,35.5,55,1,445.42,1,True,Medium,81.6,True,7,3,6,2024-06-27,0,2,4,1,2,2,1,1
2024-06-27 07:29:51.219896,Delhi,-95.9,259.61,80.01,6.7,0.61,5G NSA,iPhone 14,Vi,n258,75,35.3,35,4,55.87,3,False,Medium,42.1,True,7,3,6,2024-06-27,2,1,6,0,2,4,0,1
2024-06-27 07:39:51.219893,Kolkata,-62.6,607.51,39.91,2.4,2.58,4G,Pixel 7,BSNL,n78,99,33.6,50,3,489.37,4,True,Medium,11.7,True,7,3,6,2024-06-27,3,0,2,4,2,3,1,1
2024-06-27 07:49:51.219890,San Francisco,-97.2,365.26,135.16,13.3,2.55,5G NSA,Pixel 7,Verizon,n78,84,34.3,29,4,232.19,1,True,Low,81.5,True,7,3,6,2024-06-27,6,1,5,4,1,3,1,1
2024-06-27 07:59:51.219888,Berlin,-86.5,184.05,57.76,12.6,4.65,5G SA,GT 7,AT&T,n41,90,31.7,40,1,489.82,2,True,Low,72.6,True,7,3,6,2024-06-27,0,2,0,3,1,0,1,1
2024-06-27 08:09:51.219885,Mumbai,-103.8,543.79,59.09,7.8,0.18,5G SA,iPhone 14,Airtel,n78,89,43.1,38,1,98.35,5,True,Medium,95.6,True,8,3,6,2024-06-27,4,2,1,4,2,4,1,1
2024-06-27 08:19:51.219883,San Francisco,-106.0,218.37,31.41,9.6,4.92,5G SA,iPhone 14,AT&T,n41,79,39.3,22,0,312.35,4,True,Low,84.1,False,8,3,6,2024-06-27,6,2,0,3,1,4,1,0
2024-06-27 08:29:51.219880,Mumbai,-72.8,509.95,71.96,9.2,2.98,5G NSA,Nord 4,Jio,n258,20,30.7,34,0,404.48,4,False,Low,55.8,False,8,3,6,2024-06-27,4,1,3,0,1,2,0,0
2024-06-27 08:39:51.219877,Kolkata,-104.5,451.86,149.75,9.3,4.98,5G SA,GT 7,Airtel,n28,54,42.5,16,3,307.4,4,True,Medium,26.2,True,8,3,6,2024-06-27,3,2,1,2,2,0,1,1
2024-06-27 08:49:51.219875,San Francisco,-108.0,147.0,91.95,18.6,0.31,5G SA,iPhone 14,T-Mobile,n41,77,36.4,42,0,67.49,4,True,Medium,75.4,True,8,3,6,2024-06-27,6,2,4,3,2,4,1,1
2024-06-27 08:59:51.219872,New York,-92.2,731.06,41.94,19.4,2.35,5G NSA,GT 7,AT&T,n260,82,30.0,41,3,439.87,5,False,High,97.9,True,8,3,6,2024-06-27,5,1,0,1,0,0,0,1
2024-06-27 09:09:51.219869,Berlin,-64.8,711.64,73.85,3.9,2.06,5G NSA,Pixel 7,T-Mobile,n260,12,37.6,54,4,405.26,3,False,Low,89.7,True,9,3,6,2024-06-27,0,1,4,1,1,3,0,1
2024-06-27 09:19:51.219867,Tokyo,-98.7,532.34,145.75,1.5,4.84,5G SA,iPhone 14,Verizon,n260,97,43.5,39,1,481.09,4,False,Low,47.8,False,9,3,6,2024-06-27,7,2,5,1,1,4,0,0
2024-06-27 09:29:51.219864,Berlin,-84.5,755.85,57.3,5.1,2.89,5G NSA,Pixel 7,Verizon,n260,59,29.6,27,3,432.59,3,False,Medium,11.3,True,9,3,6,2024-06-27,0,1,5,1,2,3,0,1
2024-06-27 09:39:51.219862,Kolkata,-108.0,531.66,45.43,8.7,0.12,5G SA,Pixel 7,Vi,n28,19,27.7,44,3,209.59,3,False,Medium,62.4,True,9,3,6,2024-06-27,3,2,6,2,2,3,0,1
2024-06-27 09:49:51.219859,Delhi,-99.4,481.38,68.74,17.1,3.79,5G SA,Galaxy S23,Vi,n258,86,26.8,37,3,232.99,2,True,High,92.7,False,9,3,6,2024-06-27,2,2,6,0,0,1,1,0
2024-06-27 09:59:51.219856,New York,-106.9,919.53,106.93,2.4,4.14,5G SA,iPhone 14,Verizon,n78,76,21.5,10,0,425.55,2,True,High,13.1,True,9,3,6,2024-06-27,5,2,5,4,0,4,1,1
2024-06-27 10:09:51.219854,Delhi,-103.3,763.13,98.04,17.2,1.78,5G SA,Galaxy S23,Jio,n258,60,35.4,11,0,489.45,1,False,Low,30.7,False,10,3,6,2024-06-27,2,2,3,0,1,1,0,0
2024-06-27 10:19:51.219851,Mumbai,-86.3,844.7,106.35,4.9,2.0,4G,iPhone 14,Vi,n258,32,31.4,25,2,12.71,2,True,High,11.3,True,10,3,6,2024-06-27,4,0,6,0,0,4,1,1
2024-06-27 10:29:51.219849,Kolkata,-94.2,813.72,105.46,7.0,1.79,5G SA,Galaxy S23,Vi,n28,65,40.8,58,1,344.79,3,False,Medium,46.6,False,10,3,6,2024-06-27,3,2,6,2,2,1,0,0
2024-06-27 10:39:51.219846,San Francisco,-77.7,422.31,121.68,19.3,4.75,5G SA,iPhone 14,T-Mobile,n41,86,37.0,7,3,53.14,4,False,High,31.9,False,10,3,6,2024-06-27,6,2,4,3,0,4,0,0
2024-06-27 10:49:51.219843,New York,-77.1,754.38,50.95,1.1,3.21,5G NSA,Galaxy S23,AT&T,n78,69,42.4,44,4,274.64,2,True,High,44.8,True,10,3,6,2024-06-27,5,1,0,4,0,1,1,1
2024-06-27 10:59:51.219841,San Francisco,-99.7,496.6,20.61,7.1,1.96,5G NSA,iPhone 14,T-Mobile,n260,93,20.1,41,4,263.0,3,False,High,40.7,False,10,3,6,2024-06-27,6,1,4,1,0,4,0,0
2024-06-27 11:09:51.219838,Tokyo,-62.1,542.43,105.75,16.2,3.96,4G,Nord 4,Verizon,n78,83,23.4,36,1,423.35,3,False,High,90.7,False,11,3,6,2024-06-27,7,0,5,4,0,2,0,0
2024-06-27 11:19:51.219836,Kolkata,-90.5,506.62,146.94,4.2,3.83,5G NSA,Galaxy S23,Airtel,n258,67,30.9,29,4,292.18,5,True,Low,69.4,True,11,3,6,2024-06-27,3,1,1,0,1,1,1,1
2024-06-27 11:29:51.219833,Mumbai,-81.6,767.67,31.11,6.4,4.16,5G NSA,Nord 4,Vi,n258,50,28.3,20,2,124.96,5,False,High,91.0,False,11,3,6,2024-06-27,4,1,6,0,0,2,0,0
2024-06-27 11:39:51.219830,Berlin,-101.2,787.98,48.63,18.3,4.59,5G SA,iPhone 14,Verizon,n78,90,42.2,53,1,35.97,5,False,Medium,18.5,False,11,3,6,2024-06-27,0,2,5,4,2,4,0,0
2024-06-27 11:49:51.219828,Tokyo,-85.2,568.71,122.02,16.7,3.16,5G SA,Galaxy S23,AT&T,n41,44,27.8,44,2,435.13,2,True,Medium,64.2,False,11,3,6,2024-06-27,7,2,0,3,2,1,1,0
2024-06-27 11:59:51.219825,Chennai,-87.8,311.53,27.11,10.5,2.4,5G SA,iPhone 14,Airtel,n258,76,22.7,51,2,476.4,5,True,High,52.6,False,11,3,6,2024-06-27,1,2,1,0,0,4,1,0
2024-06-27 12:09:51.219823,Berlin,-83.5,611.73,57.47,9.7,0.61,4G,Galaxy S23,Verizon,n78,78,34.8,53,4,216.81,1,False,Low,68.8,False,12,3,6,2024-06-27,0,0,5,4,1,1,0,0
2024-06-27 12:19:51.219820,Tokyo,-81.1,724.59,63.2,6.2,3.69,5G SA,Pixel 7,AT&T,n260,81,38.5,55,2,176.26,1,False,High,23.5,False,12,3,6,2024-06-27,7,2,0,1,0,3,0,0
2024-06-27 12:29:51.219817,San Francisco,-62.0,949.87,95.95,1.4,1.3,4G,Pixel 7,Verizon,n260,37,32.3,4,3,217.95,2,False,Low,29.4,True,12,3,6,2024-06-27,6,0,5,1,1,3,0,1
2024-06-27 12:39:51.219815,San Francisco,-93.6,909.66,141.83,5.7,3.35,5G SA,Nord 4,Verizon,n41,25,33.6,25,1,197.16,4,True,Medium,47.0,False,12,3,6,2024-06-27,6,2,5,3,2,2,1,0
2024-06-27 12:49:51.219812,New York,-85.0,955.12,58.32,6.8,4.85,5G NSA,Galaxy S23,Verizon,n260,89,31.1,45,4,468.15,2,False,Medium,85.8,False,12,3,6,2024-06-27,5,1,5,1,2,1,0,0
2024-06-27 12:59:51.219810,Tokyo,-106.0,711.29,78.47,10.9,2.31,5G SA,Pixel 7,Verizon,n260,61,36.1,52,3,270.5,3,True,Medium,80.9,False,12,3,6,2024-06-27,7,2,5,1,2,3,1,0
2024-06-27 13:09:51.219807,Mumbai,-105.7,400.69,44.49,17.8,0.12,4G,GT 7,Airtel,n258,97,29.9,15,4,35.13,4,True,Low,49.3,True,13,3,6,2024-06-27,4,0,1,0,1,0,1,1
2024-06-27 13:19:51.219804,Mumbai,-61.0,967.61,57.01,12.8,2.73,4G,Nord 4,Vi,n78,41,41.7,10,0,257.27,3,False,Low,80.1,False,13,3,6,2024-06-27,4,0,6,4,1,2,0,0
2024-06-27 13:29:51.219802,Tokyo,-104.7,785.05,102.98,4.2,3.67,5G SA,GT 7,AT&T,n78,32,36.6,45,4,84.94,3,True,High,83.0,False,13,3,6,2024-06-27,7,2,0,4,0,0,1,0
2024-06-27 13:39:51.219799,Berlin,-72.6,989.39,146.67,3.0,3.38,5G SA,GT 7,AT&T,n78,30,24.6,58,3,221.39,1,True,High,85.7,True,13,3,6,2024-06-27,0,2,0,4,0,0,1,1
2024-06-27 13:49:51.219797,Chennai,-98.0,544.05,41.08,8.4,4.22,5G NSA,Pixel 7,Jio,n258,97,34.4,48,4,446.45,4,True,Medium,58.9,True,13,3,6,2024-06-27,1,1,3,0,2,3,1,1
2024-06-27 13:59:51.219794,Tokyo,-80.5,732.7,77.66,15.5,3.63,5G SA,Galaxy S23,Verizon,n78,41,27.2,54,2,108.06,2,False,High,79.9,True,13,3,6,2024-06-27,7,2,5,4,0,1,0,1
2024-06-27 14:09:51.219791,New York,-69.1,855.1,107.64,12.7,1.51,4G,Galaxy S23,T-Mobile,n78,28,27.8,19,1,296.87,3,True,Low,12.0,False,14,3,6,2024-06-27,5,0,4,4,1,1,1,0
2024-06-27 14:19:51.219789,San Francisco,-78.2,184.74,43.21,5.6,0.2,5G NSA,GT 7,Verizon,n260,14,39.5,44,3,440.76,3,False,Low,36.4,False,14,3,6,2024-06-27,6,1,5,1,1,0,0,0
2024-06-27 14:29:51.219786,New York,-66.7,838.63,60.36,17.9,4.44,5G NSA,Nord 4,Verizon,n78,72,42.5,53,3,426.4,2,True,High,23.8,False,14,3,6,2024-06-27,5,1,5,4,0,2,1,0
2024-06-27 14:39:51.219784,Kolkata,-72.2,511.61,24.76,10.4,3.3,5G SA,GT 7,Airtel,n78,71,20.7,6,3,267.71,3,True,High,24.1,False,14,3,6,2024-06-27,3,2,1,4,0,0,1,0
2024-06-27 14:49:51.219781,Mumbai,-91.8,872.32,146.06,3.5,2.8,5G SA,Galaxy S23,Airtel,n78,95,26.4,48,4,297.21,4,False,High,55.2,True,14,3,6,2024-06-27,4,2,1,4,0,1,0,1
2024-06-27 14:59:51.219778,Chennai,-69.9,619.96,56.14,19.3,0.26,5G SA,Pixel 7,Vi,n78,75,31.9,46,3,394.71,3,True,Low,60.1,False,14,3,6,2024-06-27,1,2,6,4,1,3,1,0
2024-06-27 15:09:51.219776,Kolkata,-92.4,270.12,106.94,14.0,3.1,5G SA,Nord 4,BSNL,n78,44,36.3,45,2,437.0,4,True,High,43.8,False,15,3,6,2024-06-27,3,2,2,4,0,2,1,0
2024-06-27 15:19:51.219773,Berlin,-70.3,324.51,141.83,5.9,4.56,5G SA,GT 7,T-Mobile,n260,84,29.6,32,3,168.95,2,True,Low,57.6,False,15,3,6,2024-06-27,0,2,4,1,1,0,1,0
2024-06-27 15:29:51.219771,Mumbai,-93.3,944.16,30.45,11.1,4.38,5G SA,GT 7,BSNL,n78,87,43.3,16,2,68.83,3,False,High,36.7,True,15,3,6,2024-06-27,4,2,2,4,0,0,0,1
2024-06-27 15:39:51.219768,Delhi,-82.7,463.73,70.44,4.3,2.47,4G,Nord 4,Airtel,n28,40,29.8,50,3,374.74,5,False,Low,50.8,True,15,3,6,2024-06-27,2,0,1,2,1,2,0,1
2024-06-27 15:49:51.219765,San Francisco,-98.0,318.46,102.49,9.7,4.35,5G NSA,Galaxy S23,AT&T,n260,70,40.9,57,4,92.37,1,True,Low,51.8,False,15,3,6,2024-06-27,6,1,0,1,1,1,1,0
2024-06-27 15:59:51.219763,Kolkata,-95.1,467.34,37.76,7.1,1.27,5G NSA,Pixel 7,Vi,n78,64,41.8,26,2,287.75,2,False,Low,33.5,False,15,3,6,2024-06-27,3,1,6,4,1,3,0,0
2024-06-27 16:09:51.219760,Mumbai,-87.8,642.34,108.55,9.8,1.01,5G NSA,Pixel 7,Vi,n78,53,37.2,28,0,242.5,1,True,Low,12.9,True,16,3,6,2024-06-27,4,1,6,4,1,3,1,1
2024-06-27 16:19:51.219758,Chennai,-72.6,726.01,35.54,11.9,1.24,5G SA,iPhone 14,Airtel,n78,74,21.9,54,4,128.09,1,True,High,89.0,False,16,3,6,2024-06-27,1,2,1,4,0,4,1,0
2024-06-27 16:29:51.219755,Delhi,-65.8,311.64,49.79,18.4,0.42,5G NSA,iPhone 14,BSNL,n258,74,22.2,5,4,409.05,2,True,High,31.3,False,16,3,6,2024-06-27,2,1,2,0,0,4,1,0
2024-06-27 16:39:51.219752,New York,-97.3,516.2,68.24,16.2,4.93,4G,Nord 4,Verizon,n260,55,32.6,26,2,414.07,2,True,Low,82.3,True,16,3,6,2024-06-27,5,0,5,1,1,2,1,1
2024-06-27 16:49:51.219746,San Francisco,-74.6,195.79,150.0,12.1,0.57,4G,Galaxy S23,T-Mobile,n41,53,21.1,47,4,341.62,5,True,High,95.0,False,16,3,6,2024-06-27,6,0,4,3,0,1,1,0
2024-06-27 16:59:51.219744,Berlin,-87.0,214.36,31.23,17.6,1.26,5G NSA,Galaxy S23,Verizon,n260,58,44.0,25,3,269.24,5,False,Low,50.2,False,16,3,6,2024-06-27,0,1,5,1,1,1,0,0
2024-06-27 17:09:51.219741,Chennai,-101.7,231.59,109.72,5.7,3.64,4G,GT 7,Airtel,n78,20,38.2,8,3,329.72,4,True,High,16.7,False,17,3,6,2024-06-27,1,0,1,4,0,0,1,0
2024-06-27 17:19:51.219739,Delhi,-95.2,767.5,58.32,6.4,1.86,5G SA,iPhone 14,BSNL,n78,46,24.1,28,3,215.88,3,False,Low,99.5,True,17,3,6,2024-06-27,2,2,2,4,1,4,0,1
2024-06-27 17:29:51.219736,San Francisco,-93.7,973.75,101.51,1.2,1.69,5G SA,Nord 4,T-Mobile,n41,10,20.4,13,3,37.14,4,False,Medium,40.6,False,17,3,6,2024-06-27,6,2,4,3,2,2,0,0
2024-06-27 17:39:51.219734,Tokyo,-104.1,238.64,137.3,8.9,0.14,5G SA,Nord 4,T-Mobile,n78,71,42.1,3,2,365.85,1,False,High,20.9,False,17,3,6,2024-06-27,7,2,4,4,0,2,0,0
2024-06-27 17:49:51.219731,Chennai,-97.9,870.08,23.16,17.0,1.31,5G NSA,Nord 4,BSNL,n28,78,24.1,26,0,489.07,3,True,Low,56.3,True,17,3,6,2024-06-27,1,1,2,2,1,2,1,1
2024-06-27 17:59:51.219728,Delhi,-97.8,902.49,83.71,7.5,2.17,4G,Pixel 7,Jio,n78,10,26.4,6,0,270.29,2,False,Low,49.1,True,17,3,6,2024-06-27,2,0,3,4,1,3,0,1
2024-06-27 18:09:51.219726,Tokyo,-105.2,768.74,41.44,8.6,3.67,4G,GT 7,Verizon,n260,75,21.6,17,0,464.0,3,True,High,32.0,False,18,3,6,2024-06-27,7,0,5,1,0,0,1,0
2024-06-27 18:19:51.219723,New York,-86.4,102.24,70.32,11.7,2.68,4G,Galaxy S23,AT&T,n41,61,44.1,20,3,332.96,4,False,High,72.7,False,18,3,6,2024-06-27,5,0,0,3,0,1,0,0
2024-06-27 18:29:51.219721,Mumbai,-69.9,457.79,139.1,3.8,3.18,5G SA,iPhone 14,Airtel,n258,76,37.6,15,2,410.41,4,False,Low,83.3,False,18,3,6,2024-06-27,4,2,1,0,1,4,0,0
2024-06-27 18:39:51.219718,Delhi,-98.8,665.92,37.99,15.6,0.78,5G SA,GT 7,Vi,n28,46,31.6,31,1,146.51,5,False,Medium,55.0,False,18,3,6,2024-06-27,2,2,6,2,2,0,0,0
2024-06-27 18:49:51.219716,Berlin,-77.4,141.42,25.97,11.8,1.48,4G,Nord 4,AT&T,n78,28,25.2,4,4,272.76,5,True,Low,22.1,True,18,3,6,2024-06-27,0,0,0,4,1,2,1,1
2024-06-27 18:59:51.219713,New York,-90.0,396.81,22.32,18.1,1.49,5G NSA,Nord 4,AT&T,n41,41,41.3,57,4,109.57,5,True,Low,83.4,True,18,3,6,2024-06-27,5,1,0,3,1,2,1,1
2024-06-27 19:09:51.219710,Kolkata,-69.1,250.51,83.58,13.5,0.42,5G SA,Nord 4,Vi,n258,27,40.3,27,3,217.25,3,True,Low,30.9,False,19,3,6,2024-06-27,3,2,6,0,1,2,1,0
2024-06-27 19:19:51.219708,Berlin,-61.2,322.28,103.55,17.4,1.0,5G NSA,iPhone 14,T-Mobile,n260,39,27.6,18,0,342.04,4,False,High,46.6,True,19,3,6,2024-06-27,0,1,4,1,0,4,0,1
2024-06-27 19:29:51.219705,San Francisco,-84.0,412.27,93.2,19.5,2.77,5G NSA,Galaxy S23,T-Mobile,n78,54,23.4,4,0,319.45,1,False,Low,48.4,False,19,3,6,2024-06-27,6,1,4,4,1,1,0,0
2024-06-27 19:39:51.219703,San Francisco,-73.7,364.0,33.19,2.4,4.92,4G,Galaxy S23,Verizon,n41,14,34.6,47,1,218.82,5,True,High,28.4,False,19,3,6,2024-06-27,6,0,5,3,0,1,1,0
2024-06-27 19:49:51.219700,Delhi,-79.2,999.11,120.89,8.5,3.37,5G SA,Nord 4,Airtel,n258,86,22.0,28,4,318.47,5,False,Medium,73.0,False,19,3,6,2024-06-27,2,2,1,0,2,2,0,0
2024-06-27 19:59:51.219697,Kolkata,-67.9,567.96,37.91,18.2,2.1,4G,Galaxy S23,Airtel,n258,72,40.9,14,0,392.8,2,True,Low,71.3,True,19,3,6,2024-06-27,3,0,1,0,1,1,1,1
2024-06-27 20:09:51.219695,New York,-71.9,499.63,31.64,9.0,3.31,5G NSA,Pixel 7,T-Mobile,n41,89,23.5,28,3,192.86,1,True,High,81.8,False,20,3,6,2024-06-27,5,1,4,3,0,3,1,0
2024-06-27 20:19:51.219692,Delhi,-77.8,845.11,99.27,9.6,2.92,5G NSA,Galaxy S23,Vi,n78,95,30.4,27,2,275.02,3,True,Medium,53.6,False,20,3,6,2024-06-27,2,1,6,4,2,1,1,0
2024-06-27 20:29:51.219690,Delhi,-74.5,117.28,63.63,5.8,1.3,5G SA,Nord 4,Jio,n78,61,41.6,25,3,318.18,4,False,High,73.3,False,20,3,6,2024-06-27,2,2,3,4,0,2,0,0
2024-06-27 20:39:51.219687,Delhi,-66.0,955.55,102.13,7.0,4.7,5G NSA,Nord 4,Jio,n258,45,28.8,36,4,263.32,5,True,Medium,13.9,True,20,3,6,2024-06-27,2,1,3,0,2,2,1,1
2024-06-27 20:49:51.219684,Mumbai,-97.3,517.88,136.6,18.2,2.71,5G SA,Galaxy S23,BSNL,n78,11,27.1,47,2,110.05,1,True,High,20.8,True,20,3,6,2024-06-27,4,2,2,4,0,1,1,1
2024-06-27 20:59:51.219682,Berlin,-80.1,318.11,122.76,13.2,1.82,4G,Pixel 7,Verizon,n260,64,23.1,13,2,457.41,1,False,Low,21.7,True,20,3,6,2024-06-27,0,0,5,1,1,3,0,1
2024-06-27 21:09:51.219679,Kolkata,-90.9,163.85,127.41,11.7,2.3,5G NSA,GT 7,BSNL,n78,52,41.1,57,3,261.23,4,True,Low,79.7,False,21,3,6,2024-06-27,3,1,2,4,1,0,1,0
2024-06-27 21:19:51.219677,Kolkata,-82.2,689.12,57.87,17.9,1.72,4G,Galaxy S23,Airtel,n28,62,26.0,7,1,172.31,4,True,Low,60.1,False,21,3,6,2024-06-27,3,0,1,2,1,1,1,0
2024-06-27 21:29:51.219674,Chennai,-64.1,315.18,135.16,15.4,4.43,5G NSA,Pixel 7,Airtel,n258,28,28.6,22,1,211.66,3,True,Medium,56.6,True,21,3,6,2024-06-27,1,1,1,0,2,3,1,1
2024-06-27 21:39:51.219671,Berlin,-102.0,873.69,74.11,3.9,3.59,5G NSA,iPhone 14,T-Mobile,n78,70,38.0,5,4,486.79,2,True,Medium,92.2,True,21,3,6,2024-06-27,0,1,4,4,2,4,1,1
2024-06-27 21:49:51.219669,Chennai,-79.5,511.03,94.19,5.8,1.54,5G NSA,Galaxy S23,Jio,n28,89,20.0,59,1,125.15,2,False,Low,55.9,True,21,3,6,2024-06-27,1,1,3,2,1,1,0,1
2024-06-27 21:59:51.219666,Kolkata,-98.2,463.73,102.95,3.2,4.57,5G SA,Galaxy S23,BSNL,n28,11,44.1,41,1,140.33,4,True,High,14.6,False,21,3,6,2024-06-27,3,2,2,2,0,1,1,0
2024-06-27 22:09:51.219664,Tokyo,-95.3,687.84,91.0,9.0,3.12,4G,iPhone 14,AT&T,n78,13,21.8,12,1,71.66,1,True,Medium,52.7,False,22,3,6,2024-06-27,7,0,0,4,2,4,1,0
2024-06-27 22:19:51.219661,Delhi,-74.9,316.54,124.29,5.0,0.43,5G NSA,Nord 4,Jio,n258,30,24.1,13,2,386.33,4,True,High,19.9,True,22,3,6,2024-06-27,2,1,3,0,0,2,1,1
2024-06-27 22:29:51.219659,Delhi,-92.7,156.04,97.01,16.1,3.65,5G NSA,Pixel 7,Vi,n28,97,27.4,45,3,439.31,4,True,Medium,49.9,True,22,3,6,2024-06-27,2,1,6,2,2,3,1,1
2024-06-27 22:39:51.219656,Berlin,-103.7,176.99,75.27,14.5,1.24,5G NSA,Nord 4,Verizon,n41,62,33.8,40,0,27.92,3,True,Low,88.8,True,22,3,6,2024-06-27,0,1,5,3,1,2,1,1
2024-06-27 22:49:51.219653,Mumbai,-103.3,162.93,122.96,3.9,3.81,4G,Nord 4,Airtel,n258,50,32.7,18,4,365.49,2,False,Medium,23.1,False,22,3,6,2024-06-27,4,0,1,0,2,2,0,0
2024-06-27 22:59:51.219651,Tokyo,-90.1,126.96,138.49,1.6,4.62,5G NSA,Galaxy S23,AT&T,n41,25,25.0,1,2,80.38,5,True,High,81.1,False,22,3,6,2024-06-27,7,1,0,3,0,1,1,0
2024-06-27 23:09:51.219644,Kolkata,-91.7,670.46,39.37,11.2,3.49,4G,Pixel 7,Jio,n28,56,36.4,6,1,39.68,4,False,Medium,53.1,True,23,3,6,2024-06-27,3,0,3,2,2,3,0,1
2024-06-27 23:19:51.219641,San Francisco,-78.7,914.09,148.87,13.2,1.51,4G,iPhone 14,Verizon,n41,37,23.2,4,3,228.3,1,False,Low,38.5,False,23,3,6,2024-06-27,6,0,5,3,1,4,0,0
2024-06-27 23:29:51.219638,Mumbai,-75.3,731.54,41.4,14.3,1.86,4G,Nord 4,Airtel,n78,12,37.5,32,0,46.24,2,False,Medium,75.1,True,23,3,6,2024-06-27,4,0,1,4,2,2,0,1
2024-06-27 23:39:51.219636,Berlin,-94.1,801.94,120.82,11.7,1.29,5G SA,Galaxy S23,Verizon,n260,68,42.2,16,4,94.89,4,False,Medium,56.1,True,23,3,6,2024-06-27,0,2,5,1,2,1,0,1
2024-06-27 23:49:51.219633,Kolkata,-86.0,105.46,107.8,1.1,4.9,5G NSA,Galaxy S23,Airtel,n28,57,29.7,14,1,455.32,4,True,Medium,72.3,True,23,3,6,2024-06-27,3,1,1,2,2,1,1,1
2024-06-27 23:59:51.219630,Kolkata,-97.4,143.41,22.83,5.4,4.79,5G SA,Galaxy S23,BSNL,n258,40,40.6,25,0,137.23,1,False,High,70.9,True,23,3,6,2024-06-27,3,2,2,0,0,1,0,1
2024-06-28 00:09:51.219628,Kolkata,-75.0,936.94,23.77,2.8,4.45,5G NSA,Pixel 7,Vi,n258,48,26.4,14,1,68.91,5,True,High,81.4,True,0,4,6,2024-06-28,3,1,6,0,0,3,1,1
2024-06-28 00:19:51.219625,Delhi,-92.1,867.91,128.24,18.3,2.19,4G,Pixel 7,Airtel,n28,18,38.8,27,1,154.26,2,True,Medium,28.4,False,0,4,6,2024-06-28,2,0,1,2,2,3,1,0
2024-06-28 00:29:51.219622,San Francisco,-79.3,546.28,81.92,15.1,3.64,5G SA,Pixel 7,T-Mobile,n41,84,42.1,42,1,22.64,3,False,Low,63.4,False,0,4,6,2024-06-28,6,2,4,3,1,3,0,0
2024-06-28 00:39:51.219620,Mumbai,-101.9,820.05,59.86,9.5,2.39,5G SA,Galaxy S23,Airtel,n78,71,23.4,5,4,309.48,4,True,Low,18.7,False,0,4,6,2024-06-28,4,2,1,4,1,1,1,0
2024-06-28 00:49:51.219617,New York,-62.5,942.98,45.4,9.0,3.08,4G,GT 7,Verizon,n41,40,44.6,37,0,128.04,4,True,Low,32.1,False,0,4,6,2024-06-28,5,0,5,3,1,0,1,0
2024-06-28 00:59:51.219614,Mumbai,-91.6,929.8,39.77,12.2,4.59,5G SA,Galaxy S23,Airtel,n78,21,23.3,40,3,411.74,4,False,High,63.8,True,0,4,6,2024-06-28,4,2,1,4,0,1,0,1
2024-06-28 01:09:51.219534,Tokyo,-77.0,455.07,38.46,17.7,2.23,5G SA,Galaxy S23,T-Mobile,n41,46,30.6,42,4,380.84,5,True,Medium,50.5,False,1,4,6,2024-06-28,7,2,4,3,2,1,1,0
2024-06-28 01:19:51.219532,New York,-86.7,549.11,145.16,16.8,0.35,5G SA,Galaxy S23,AT&T,n78,34,33.7,45,2,255.95,3,False,High,33.2,False,1,4,6,2024-06-28,5,2,0,4,0,1,0,0
2024-06-28 01:29:51.219529,Mumbai,-95.3,947.69,62.2,4.4,0.65,5G NSA,iPhone 14,BSNL,n28,36,32.0,8,1,127.63,2,True,Medium,53.1,False,1,4,6,2024-06-28,4,1,2,2,2,4,1,0
2024-06-28 01:39:51.219527,New York,-105.0,558.55,76.63,19.4,4.39,5G NSA,Nord 4,AT&T,n41,22,29.7,29,0,219.79,1,False,Low,21.3,False,1,4,6,2024-06-28,5,1,0,3,1,2,0,0
2024-06-28 01:49:51.219524,San Francisco,-74.8,917.04,86.03,2.8,0.24,4G,iPhone 14,AT&T,n41,84,21.8,15,4,433.78,2,True,High,31.2,True,1,4,6,2024-06-28,6,0,0,3,0,4,1,1
2024-06-28 01:59:51.219521,Tokyo,-64.3,595.23,20.88,15.1,0.33,5G NSA,Pixel 7,AT&T,n260,19,33.6,27,0,127.31,4,True,High,13.6,False,1,4,6,2024-06-28,7,1,0,1,0,3,1,0
2024-06-28 02:09:51.219519,Kolkata,-94.2,304.67,23.97,14.1,0.82,5G NSA,GT 7,Vi,n78,11,35.9,38,1,280.87,3,True,Low,89.1,True,2,4,6,2024-06-28,3,1,6,4,1,0,1,1
2024-06-28 02:19:51.219516,New York,-109.7,726.47,133.56,5.6,4.94,5G SA,Pixel 7,AT&T,n78,29,31.0,38,2,114.2,3,True,Low,75.1,False,2,4,6,2024-06-28,5,2,0,4,1,3,1,0
2024-06-28 02:29:51.219514,Mumbai,-103.4,523.27,94.54,14.8,0.84,5G NSA,iPhone 14,Jio,n78,50,29.7,5,4,297.27,2,False,Low,59.1,False,2,4,6,2024-06-28,4,1,3,4,1,4,0,0
2024-06-28 02:39:51.219511,Tokyo,-70.8,717.61,117.87,4.4,3.24,5G NSA,iPhone 14,T-Mobile,n260,65,27.9,6,3,416.93,2,True,Medium,61.1,True,2,4,6,2024-06-28,7,1,4,1,2,4,1,1
2024-06-28 02:49:51.219509,Mumbai,-71.5,496.48,109.56,12.5,2.48,5G NSA,Nord 4,BSNL,n28,33,27.3,29,0,164.99,5,False,High,36.4,True,2,4,6,2024-06-28,4,1,2,2,0,2,0,1
2024-06-28 02:59:51.219506,Kolkata,-105.9,794.53,47.93,1.3,4.53,4G,Pixel 7,Vi,n258,78,40.6,24,1,218.45,1,False,Low,94.2,True,2,4,6,2024-06-28,3,0,6,0,1,3,0,1
2024-06-28 03:09:51.219503,Chennai,-100.5,417.24,23.1,18.4,2.52,4G,Pixel 7,BSNL,n78,57,21.0,15,0,281.74,4,False,Medium,49.1,False,3,4,6,2024-06-28,1,0,2,4,2,3,0,0
2024-06-28 03:19:51.219501,Chennai,-97.2,646.06,108.02,18.1,2.43,5G NSA,Galaxy S23,BSNL,n258,21,31.7,12,1,46.48,1,True,Low,62.8,True,3,4,6,2024-06-28,1,1,2,0,1,1,1,1
2024-06-28 03:29:51.219498,Delhi,-62.2,389.89,27.15,2.7,2.91,5G NSA,Pixel 7,Vi,n78,23,44.0,18,0,449.14,2,True,Low,40.7,True,3,4,6,2024-06-28,2,1,6,4,1,3,1,1
2024-06-28 03:39:51.219496,Berlin,-108.3,835.56,131.13,6.8,4.78,4G,Nord 4,AT&T,n78,59,40.4,30,3,262.08,2,True,High,54.8,True,3,4,6,2024-06-28,0,0,0,4,0,2,1,1
2024-06-28 03:49:51.219493,Berlin,-62.3,766.23,25.5,2.2,2.23,4G,Pixel 7,T-Mobile,n41,73,41.1,16,2,30.27,4,True,Medium,75.0,False,3,4,6,2024-06-28,0,0,4,3,2,3,1,0
2024-06-28 03:59:51.219490,Delhi,-94.7,351.64,57.52,7.0,1.13,4G,Nord 4,Vi,n258,68,34.8,29,3,460.0,5,True,High,60.0,True,3,4,6,2024-06-28,2,0,6,0,0,2,1,1
2024-06-28 04:09:51.219488,Chennai,-86.5,960.84,87.6,6.4,3.16,5G SA,Galaxy S23,Airtel,n78,17,22.2,55,3,86.35,2,False,Medium,11.4,False,4,4,6,2024-06-28,1,2,1,4,2,1,0,0
2024-06-28 04:19:51.219485,New York,-73.6,461.09,61.94,5.3,0.7,5G SA,iPhone 14,T-Mobile,n260,89,20.5,50,0,415.29,1,False,High,56.7,True,4,4,6,2024-06-28,5,2,4,1,0,4,0,1
2024-06-28 04:29:51.219483,San Francisco,-92.1,689.39,118.54,11.8,3.23,4G,iPhone 14,AT&T,n41,45,42.1,43,3,39.66,3,True,Low,16.1,True,4,4,6,2024-06-28,6,0,0,3,1,4,1,1
2024-06-28 04:39:51.219480,Berlin,-96.2,339.78,22.79,13.1,2.05,5G NSA,GT 7,Verizon,n78,10,23.7,5,4,366.91,4,True,High,19.7,True,4,4,6,2024-06-28,0,1,5,4,0,0,1,1
2024-06-28 04:49:51.219477,Kolkata,-68.2,757.38,55.72,10.9,1.75,5G SA,Nord 4,Jio,n28,29,40.3,22,0,424.55,1,True,High,32.4,True,4,4,6,2024-06-28,3,2,3,2,0,2,1,1
2024-06-28 04:59:51.219475,Tokyo,-97.6,856.76,33.39,14.8,1.9,4G,Galaxy S23,AT&T,n41,41,36.1,30,2,144.82,4,True,Medium,83.2,True,4,4,6,2024-06-28,7,0,0,3,2,1,1,1
2024-06-28 05:09:51.219472,Chennai,-102.3,677.92,64.29,9.5,3.58,5G SA,Nord 4,Vi,n78,54,38.9,16,2,129.04,2,True,High,14.2,True,5,4,6,2024-06-28,1,2,6,4,0,2,1,1
2024-06-28 05:19:51.219469,Chennai,-83.7,261.73,139.96,8.4,0.73,5G NSA,Pixel 7,BSNL,n78,87,40.1,42,3,191.17,2,False,High,97.8,False,5,4,6,2024-06-28,1,1,2,4,0,3,0,0
2024-06-28 05:29:51.219467,Chennai,-92.8,507.12,62.74,14.0,3.72,4G,Nord 4,Airtel,n78,85,33.0,8,1,382.3,2,False,Medium,71.0,False,5,4,6,2024-06-28,1,0,1,4,2,2,0,0
2024-06-28 05:39:51.219464,Tokyo,-79.2,695.32,77.54,16.1,4.59,4G,GT 7,T-Mobile,n260,53,41.3,33,2,49.91,5,False,Medium,23.8,True,5,4,6,2024-06-28,7,0,4,1,2,0,0,1
2024-06-28 05:49:51.219462,San Francisco,-83.2,885.99,55.1,13.2,1.94,5G SA,Galaxy S23,T-Mobile,n41,86,31.4,38,2,366.62,3,True,High,63.0,True,5,4,6,2024-06-28,6,2,4,3,0,1,1,1
2024-06-28 05:59:51.219460,San Francisco,-87.7,630.71,25.94,12.5,1.72,4G,Galaxy S23,AT&T,n78,75,34.0,10,4,471.01,5,True,Low,58.1,False,5,4,6,2024-06-28,6,0,0,4,1,1,1,0
2024-06-28 06:09:51.219457,Mumbai,-73.5,179.5,41.34,3.5,0.64,5G NSA,Pixel 7,BSNL,n78,41,25.5,53,3,33.45,5,False,Low,80.8,False,6,4,6,2024-06-28,4,1,2,4,1,3,0,0
2024-06-28 06:19:51.219454,Kolkata,-65.8,961.82,64.99,14.8,3.8,4G,Galaxy S23,Jio,n258,27,28.6,13,3,293.23,1,True,High,51.1,True,6,4,6,2024-06-28,3,0,3,0,0,1,1,1
2024-06-28 06:29:51.219452,Kolkata,-85.7,694.6,124.47,7.8,4.52,5G NSA,Pixel 7,BSNL,n78,19,36.1,55,4,239.4,1,True,High,62.0,False,6,4,6,2024-06-28,3,1,2,4,0,3,1,0
2024-06-28 06:39:51.219449,Berlin,-99.9,130.49,75.71,2.4,2.33,5G NSA,iPhone 14,AT&T,n41,92,39.8,40,3,202.58,5,True,Low,14.0,False,6,4,6,2024-06-28,0,1,0,3,1,4,1,0
2024-06-28 06:49:51.219447,San Francisco,-64.7,162.06,73.73,10.0,1.9,4G,GT 7,AT&T,n260,16,39.7,41,1,405.1,5,False,Medium,23.8,True,6,4,6,2024-06-28,6,0,0,1,2,0,0,1
2024-06-28 06:59:51.219441,Kolkata,-76.8,248.81,95.23,14.3,0.6,4G,iPhone 14,BSNL,n78,66,36.6,39,1,31.51,3,True,Low,25.6,True,6,4,6,2024-06-28,3,0,2,4,1,4,1,1
2024-06-28 07:09:51.219438,Mumbai,-89.6,907.61,26.67,3.1,1.27,4G,GT 7,Airtel,n78,81,39.5,18,1,188.51,2,False,Low,41.9,True,7,4,6,2024-06-28,4,0,1,4,1,0,0,1
2024-06-28 07:19:51.219436,Kolkata,-63.3,413.81,85.79,11.3,4.39,5G NSA,Pixel 7,BSNL,n78,32,26.3,28,3,479.08,4,True,Medium,33.2,False,7,4,6,2024-06-28,3,1,2,4,2,3,1,0
2024-06-28 07:29:51.219433,Tokyo,-82.2,319.45,104.84,7.8,2.95,5G SA,Pixel 7,T-Mobile,n260,86,28.6,13,1,407.35,2,True,Medium,94.0,True,7,4,6,2024-06-28,7,2,4,1,2,3,1,1
2024-06-28 07:39:51.219430,New York,-99.9,532.05,24.74,2.1,1.65,5G SA,Nord 4,AT&T,n260,41,27.6,13,0,391.6,5,False,Low,32.7,True,7,4,6,2024-06-28,5,2,0,1,1,2,0,1
2024-06-28 07:49:51.219428,Kolkata,-71.8,945.29,21.27,16.0,1.91,5G SA,Galaxy S23,Airtel,n28,87,21.0,23,3,353.58,4,True,Low,84.0,False,7,4,6,2024-06-28,3,2,1,2,1,1,1,0
2024-06-28 07:59:51.219425,San Francisco,-62.5,442.58,49.93,3.1,2.68,5G SA,iPhone 14,Verizon,n260,94,30.4,56,0,209.36,2,True,Medium,23.6,False,7,4,6,2024-06-28,6,2,5,1,2,4,1,0
2024-06-28 08:09:51.219423,New York,-81.3,420.82,124.31,10.2,3.4,5G SA,Galaxy S23,Verizon,n41,89,23.2,8,0,170.91,1,True,Low,48.7,False,8,4,6,2024-06-28,5,2,5,3,1,1,1,0
2024-06-28 08:19:51.219420,New York,-85.4,330.97,55.11,9.8,0.42,4G,Nord 4,AT&T,n260,17,40.8,4,2,140.35,5,False,Low,83.6,True,8,4,6,2024-06-28,5,0,0,1,1,2,0,1
2024-06-28 08:29:51.219417,New York,-74.5,965.84,70.92,10.8,0.7,4G,iPhone 14,Verizon,n41,32,37.0,38,3,447.19,5,True,Low,47.9,True,8,4,6,2024-06-28,5,0,5,3,1,4,1,1
2024-06-28 08:39:51.219415,Kolkata,-75.3,763.2,41.92,4.2,0.76,4G,Galaxy S23,BSNL,n258,50,23.3,45,0,173.49,5,True,Low,56.8,True,8,4,6,2024-06-28,3,0,2,0,1,1,1,1
2024-06-28 08:49:51.219412,Chennai,-95.6,678.97,59.74,5.4,1.5,4G,Galaxy S23,Jio,n28,78,44.8,58,3,444.9,2,False,Medium,90.4,False,8,4,6,2024-06-28,1,0,3,2,2,1,0,0
2024-06-28 08:59:51.219410,Kolkata,-61.9,692.27,40.8,18.3,3.11,5G NSA,GT 7,BSNL,n258,50,40.7,52,3,95.72,3,False,Low,63.2,False,8,4,6,2024-06-28,3,1,2,0,1,0,0,0
2024-06-28 09:09:51.219407,Kolkata,-74.5,946.28,42.53,10.1,1.53,4G,Galaxy S23,Vi,n28,73,24.6,39,1,201.95,4,False,Medium,92.2,True,9,4,6,2024-06-28,3,0,6,2,2,1,0,1
2024-06-28 09:19:51.219404,Berlin,-77.6,367.72,71.5,5.3,2.28,5G NSA,Pixel 7,Verizon,n78,58,41.3,14,2,402.6,5,False,Medium,35.9,False,9,4,6,2024-06-28,0,1,5,4,2,3,0,0
2024-06-28 09:29:51.219402,Kolkata,-92.1,391.71,119.45,16.2,1.91,4G,Nord 4,Jio,n28,79,29.3,55,0,415.4,4,False,Low,71.9,False,9,4,6,2024-06-28,3,0,3,2,1,2,0,0
2024-06-28 09:39:51.219399,Berlin,-99.1,384.78,56.08,4.8,1.82,5G SA,iPhone 14,T-Mobile,n260,45,35.7,36,4,16.0,2,False,High,31.6,True,9,4,6,2024-06-28,0,2,4,1,0,4,0,1
2024-06-28 09:49:51.219397,New York,-60.7,691.05,58.43,7.6,2.44,4G,Nord 4,T-Mobile,n41,54,39.7,39,0,421.66,2,True,Medium,38.3,False,9,4,6,2024-06-28,5,0,4,3,2,2,1,0
2024-06-28 09:59:51.219394,Chennai,-78.5,692.9,75.99,7.2,3.51,4G,Pixel 7,Airtel,n258,14,34.7,48,4,70.04,1,False,Low,76.7,False,9,4,6,2024-06-28,1,0,1,0,1,3,0,0
2024-06-28 10:09:51.219392,Tokyo,-107.5,709.73,42.83,17.5,3.23,5G NSA,Nord 4,AT&T,n41,22,29.7,21,1,49.14,3,False,Low,92.5,True,10,4,6,2024-06-28,7,1,0,3,1,2,0,1
2024-06-28 10:19:51.219389,Berlin,-100.4,259.62,77.93,2.9,0.25,5G NSA,GT 7,T-Mobile,n78,57,20.2,31,3,77.4,2,False,Medium,59.9,True,10,4,6,2024-06-28,0,1,4,4,2,0,0,1
2024-06-28 10:29:51.219387,Delhi,-103.6,605.47,78.8,2.2,4.68,5G SA,Galaxy S23,Jio,n258,51,43.2,10,4,381.18,2,True,Low,79.8,True,10,4,6,2024-06-28,2,2,3,0,1,1,1,1
2024-06-28 10:39:51.219384,Tokyo,-70.0,522.0,99.57,9.4,2.7,5G SA,Galaxy S23,Verizon,n78,94,29.1,5,3,373.96,4,False,Medium,40.1,True,10,4,6,2024-06-28,7,2,5,4,2,1,0,1
2024-06-28 10:49:51.219381,Tokyo,-74.2,510.09,32.5,6.3,1.05,4G,iPhone 14,Verizon,n260,80,38.5,26,1,119.02,1,False,Low,92.9,True,10,4,6,2024-06-28,7,0,5,1,1,4,0,1
2024-06-28 10:59:51.219379,Chennai,-65.2,920.31,106.77,17.8,4.2,4G,Galaxy S23,BSNL,n258,35,37.1,37,4,107.92,1,False,Medium,72.2,True,10,4,6,2024-06-28,1,0,2,0,2,1,0,1
2024-06-28 11:09:51.219376,Tokyo,-104.0,374.39,120.67,17.0,1.84,5G SA,Nord 4,AT&T,n260,53,34.0,5,3,287.84,5,False,Medium,81.7,True,11,4,6,2024-06-28,7,2,0,1,2,2,0,1
2024-06-28 11:19:51.219374,New York,-103.6,340.84,149.34,18.2,0.62,5G SA,iPhone 14,Verizon,n41,52,34.7,17,3,447.37,5,False,Low,25.2,False,11,4,6,2024-06-28,5,2,5,3,1,4,0,0
2024-06-28 11:29:51.219371,Mumbai,-105.1,657.72,99.86,6.0,2.94,5G NSA,iPhone 14,Airtel,n258,58,27.3,1,4,452.26,4,True,Low,56.9,False,11,4,6,2024-06-28,4,1,1,0,1,4,1,0
2024-06-28 11:39:51.219368,San Francisco,-91.0,715.67,89.01,1.3,1.06,4G,Galaxy S23,T-Mobile,n41,69,20.9,58,1,185.67,2,True,Low,25.2,False,11,4,6,2024-06-28,6,0,4,3,1,1,1,0
2024-06-28 11:49:51.219366,San Francisco,-107.9,774.05,23.3,15.5,2.87,4G,Galaxy S23,AT&T,n41,46,43.9,21,1,199.49,4,True,Medium,18.4,True,11,4,6,2024-06-28,6,0,0,3,2,1,1,1
2024-06-28 11:59:51.219363,Berlin,-104.3,536.16,46.44,16.0,1.6,5G NSA,Galaxy S23,AT&T,n260,75,43.9,47,0,496.25,3,True,Low,12.3,False,11,4,6,2024-06-28,0,1,0,1,1,1,1,0
2024-06-28 12:09:51.219361,Mumbai,-60.5,772.11,121.25,4.0,4.84,5G SA,Pixel 7,Airtel,n78,41,22.2,41,2,454.0,3,False,Medium,12.8,True,12,4,6,2024-06-28,4,2,1,4,2,3,0,1
2024-06-28 12:19:51.219358,New York,-104.2,356.2,108.01,3.3,4.69,4G,GT 7,Verizon,n41,98,30.8,45,4,216.42,3,False,High,54.0,False,12,4,6,2024-06-28,5,0,5,3,0,0,0,0
2024-06-28 12:29:51.219355,Chennai,-70.4,936.76,84.49,18.5,2.53,4G,iPhone 14,Jio,n28,17,37.9,47,1,481.98,3,True,High,11.4,True,12,4,6,2024-06-28,1,0,3,2,0,4,1,1
2024-06-28 12:39:51.219353,Delhi,-91.5,234.61,94.27,17.1,2.04,5G SA,iPhone 14,Airtel,n258,10,38.1,43,4,374.22,4,True,Low,30.2,True,12,4,6,2024-06-28,2,2,1,0,1,4,1,1
2024-06-28 12:49:51.219350,Berlin,-65.3,542.19,89.32,20.0,4.83,4G,Galaxy S23,T-Mobile,n41,71,32.7,47,1,174.02,3,False,Low,42.2,False,12,4,6,2024-06-28,0,0,4,3,1,1,0,0
2024-06-28 12:59:51.219347,Tokyo,-69.8,467.14,54.61,7.8,4.13,5G NSA,Pixel 7,Verizon,n41,33,30.4,14,4,244.86,3,True,Low,41.0,True,12,4,6,2024-06-28,7,1,5,3,1,3,1,1
2024-06-28 13:09:51.219345,New York,-78.2,206.44,100.62,13.8,3.74,5G SA,iPhone 14,AT&T,n41,52,24.5,42,1,485.24,3,True,Low,91.7,True,13,4,6,2024-06-28,5,2,0,3,1,4,1,1
2024-06-28 13:19:51.219342,Berlin,-108.0,996.4,119.59,3.1,2.19,5G NSA,Pixel 7,AT&T,n260,59,33.8,50,1,276.67,1,True,High,88.9,True,13,4,6,2024-06-28,0,1,0,1,0,3,1,1
2024-06-28 13:29:51.219340,Delhi,-103.5,760.19,42.88,9.3,2.85,5G SA,GT 7,Jio,n28,53,36.2,59,1,191.69,4,True,High,33.4,False,13,4,6,2024-06-28,2,2,3,2,0,0,1,0
2024-06-28 13:39:51.219337,Delhi,-91.3,218.3,90.33,13.3,3.56,5G NSA,GT 7,Airtel,n78,82,20.1,50,4,183.5,5,True,Medium,93.3,True,13,4,6,2024-06-28,2,1,1,4,2,0,1,1
2024-06-28 13:49:51.219334,Delhi,-90.9,776.08,90.86,11.3,0.65,4G,GT 7,BSNL,n258,45,28.9,25,0,415.64,3,True,Medium,15.5,False,13,4,6,2024-06-28,2,0,2,0,2,0,1,0
2024-06-28 13:59:51.219332,Mumbai,-86.9,438.47,76.37,19.5,1.01,5G SA,GT 7,BSNL,n78,57,41.4,16,2,277.62,3,True,Medium,79.5,True,13,4,6,2024-06-28,4,2,2,4,2,0,1,1
2024-06-28 14:09:51.219329,Tokyo,-92.3,670.8,138.51,1.7,2.07,5G SA,iPhone 14,Verizon,n41,32,30.9,27,0,451.37,3,True,Medium,21.1,True,14,4,6,2024-06-28,7,2,5,3,2,4,1,1
2024-06-28 14:19:51.219327,Chennai,-61.4,500.36,63.79,12.6,2.21,4G,Nord 4,BSNL,n258,61,24.6,47,0,99.93,4,False,Medium,59.2,False,14,4,6,2024-06-28,1,0,2,0,2,2,0,0
2024-06-28 14:29:51.219324,Mumbai,-107.1,895.45,110.43,14.5,4.94,5G NSA,iPhone 14,Jio,n78,52,35.4,47,2,457.92,4,True,Low,61.2,False,14,4,6,2024-06-28,4,1,3,4,1,4,1,0
2024-06-28 14:39:51.219321,New York,-99.6,679.75,121.21,12.8,1.97,5G SA,Pixel 7,Verizon,n260,76,38.1,50,1,269.79,1,False,High,88.3,True,14,4,6,2024-06-28,5,2,5,1,0,3,0,1
2024-06-28 14:49:51.219319,New York,-100.2,376.64,90.56,13.8,0.8,5G NSA,iPhone 14,AT&T,n260,95,28.0,8,0,339.66,1,True,Low,85.7,True,14,4,6,2024-06-28,5,1,0,1,1,4,1,1
2024-06-28 14:59:51.219316,San Francisco,-105.0,185.97,26.26,7.1,2.08,5G SA,iPhone 14,T-Mobile,n78,27,26.4,29,3,118.23,4,True,Low,44.2,True,14,4,6,2024-06-28,6,2,4,4,1,4,1,1
2024-06-28 15:09:51.219314,Mumbai,-96.9,202.86,145.21,7.1,1.07,5G NSA,Galaxy S23,Vi,n258,96,29.9,42,3,333.0,1,False,Medium,24.1,False,15,4,6,2024-06-28,4,1,6,0,2,1,0,0
2024-06-28 15:19:51.219311,Chennai,-69.2,642.94,124.06,19.0,4.49,5G SA,Galaxy S23,BSNL,n258,58,36.6,33,0,391.73,5,True,Medium,75.5,True,15,4,6,2024-06-28,1,2,2,0,2,1,1,1
2024-06-28 15:29:51.219308,Tokyo,-77.9,416.94,80.94,4.7,0.89,5G NSA,Nord 4,AT&T,n78,68,22.6,58,3,399.93,4,False,Low,41.4,True,15,4,6,2024-06-28,7,1,0,4,1,2,0,1
2024-06-28 15:39:51.219306,Delhi,-106.2,661.05,56.35,8.8,2.67,5G NSA,Pixel 7,BSNL,n258,21,21.0,6,0,307.6,5,False,High,25.2,False,15,4,6,2024-06-28,2,1,2,0,0,3,0,0
2024-06-28 15:49:51.219303,Kolkata,-108.7,588.65,63.53,19.9,2.59,5G SA,Pixel 7,Vi,n28,63,37.2,27,3,422.44,5,True,Low,68.2,True,15,4,6,2024-06-28,3,2,6,2,1,3,1,1
2024-06-28 15:59:51.219301,Tokyo,-84.4,530.89,123.31,13.6,2.0,5G NSA,iPhone 14,AT&T,n260,73,28.7,12,4,82.48,2,True,Medium,52.6,False,15,4,6,2024-06-28,7,1,0,1,2,4,1,0
2024-06-28 16:09:51.219298,Tokyo,-75.8,956.54,82.89,5.9,1.08,5G SA,GT 7,T-Mobile,n41,19,23.6,33,2,197.76,4,False,Medium,32.6,True,16,4,6,2024-06-28,7,2,4,3,2,0,0,1
2024-06-28 16:19:51.219296,San Francisco,-108.4,550.95,146.8,1.6,4.42,4G,GT 7,T-Mobile,n260,46,37.7,12,1,357.96,3,False,High,25.3,False,16,4,6,2024-06-28,6,0,4,1,0,0,0,0
2024-06-28 16:29:51.219293,Kolkata,-107.4,291.33,101.42,9.1,3.37,5G NSA,Pixel 7,BSNL,n28,20,24.4,12,2,153.11,2,True,High,59.6,False,16,4,6,2024-06-28,3,1,2,2,0,3,1,0
2024-06-28 16:39:51.219290,Chennai,-75.6,497.28,121.71,16.2,1.03,5G NSA,Galaxy S23,Jio,n258,13,40.5,6,4,244.0,1,True,High,100.0,True,16,4,6,2024-06-28,1,1,3,0,0,1,1,1
2024-06-28 16:49:51.219288,San Francisco,-76.3,112.51,91.17,17.3,1.07,5G SA,iPhone 14,T-Mobile,n78,37,20.3,1,1,128.15,1,True,Medium,59.1,False,16,4,6,2024-06-28,6,2,4,4,2,4,1,0
2024-06-28 16:59:51.219285,Delhi,-65.4,474.03,142.08,7.0,1.02,5G NSA,Nord 4,BSNL,n78,58,41.9,55,2,393.06,1,True,Low,92.6,True,16,4,6,2024-06-28,2,1,2,4,1,2,1,1
2024-06-28 17:09:51.219283,New York,-106.6,663.9,91.29,14.8,4.13,4G,Galaxy S23,T-Mobile,n78,17,27.7,20,3,187.78,5,False,Low,55.4,False,17,4,6,2024-06-28,5,0,4,4,1,1,0,0
2024-06-28 17:19:51.219280,Chennai,-88.4,560.48,82.89,2.0,0.81,4G,Galaxy S23,Jio,n258,19,27.4,52,2,465.04,5,True,Low,26.8,True,17,4,6,2024-06-28,1,0,3,0,1,1,1,1
2024-06-28 17:29:51.219277,Mumbai,-72.2,154.33,111.7,18.0,1.91,5G SA,Nord 4,BSNL,n28,29,39.1,23,4,106.25,4,True,Medium,67.2,True,17,4,6,2024-06-28,4,2,2,2,2,2,1,1
2024-06-28 17:39:51.219275,Delhi,-72.4,250.56,116.68,8.6,1.03,4G,Nord 4,Jio,n78,64,33.3,15,2,183.02,4,False,High,66.9,False,17,4,6,2024-06-28,2,0,3,4,0,2,0,0
2024-06-28 17:49:51.219272,Berlin,-62.5,434.02,95.48,4.8,3.31,5G NSA,Galaxy S23,Verizon,n78,29,40.5,36,4,233.98,4,False,Medium,21.6,False,17,4,6,2024-06-28,0,1,5,4,2,1,0,0
2024-06-28 17:59:51.219270,Berlin,-104.4,858.86,137.12,1.5,2.91,4G,iPhone 14,AT&T,n41,17,20.8,1,3,498.46,1,False,Medium,56.7,False,17,4,6,2024-06-28,0,0,0,3,2,4,0,0
2024-06-28 18:09:51.219267,Tokyo,-79.4,391.49,72.69,16.8,2.27,5G SA,Nord 4,T-Mobile,n78,65,26.6,19,3,69.42,5,False,Medium,38.6,False,18,4,6,2024-06-28,7,2,4,4,2,2,0,0
2024-06-28 18:19:51.219264,Delhi,-91.7,982.92,119.26,7.9,3.13,5G NSA,Pixel 7,Vi,n28,23,28.0,22,0,398.64,4,False,Medium,23.9,True,18,4,6,2024-06-28,2,1,6,2,2,3,0,1
2024-06-28 18:29:51.219262,San Francisco,-70.4,129.69,81.51,4.2,0.4,5G SA,Nord 4,T-Mobile,n260,57,26.1,3,0,202.64,1,True,High,23.5,True,18,4,6,2024-06-28,6,2,4,1,0,2,1,1
2024-06-28 18:39:51.219259,Mumbai,-100.5,475.78,91.91,10.0,1.46,5G SA,iPhone 14,Jio,n78,27,31.9,36,0,16.69,1,False,High,61.2,False,18,4,6,2024-06-28,4,2,3,4,0,4,0,0
2024-06-28 18:49:51.219257,San Francisco,-76.0,592.79,30.06,4.2,3.05,5G NSA,iPhone 14,AT&T,n41,71,28.5,2,0,414.0,3,True,Low,62.6,False,18,4,6,2024-06-28,6,1,0,3,1,4,1,0
2024-06-28 18:59:51.219254,Tokyo,-67.2,298.85,141.49,15.7,1.05,4G,Pixel 7,T-Mobile,n78,91,26.7,8,2,132.5,3,False,Medium,80.9,False,18,4,6,2024-06-28,7,0,4,4,2,3,0,0
2024-06-28 19:09:51.219251,New York,-68.1,877.9,142.9,17.9,4.45,5G SA,Pixel 7,Verizon,n41,65,33.2,52,2,349.81,1,False,Low,77.3,True,19,4,6,2024-06-28,5,2,5,3,1,3,0,1
2024-06-28 19:19:51.219249,Chennai,-95.4,520.04,48.97,1.4,0.62,5G NSA,iPhone 14,Vi,n78,29,25.3,28,4,77.69,1,False,Medium,86.0,True,19,4,6,2024-06-28,1,1,6,4,2,4,0,1
2024-06-28 19:29:51.219246,Berlin,-73.8,622.31,144.82,7.4,4.25,4G,Pixel 7,AT&T,n260,95,21.1,49,1,139.21,4,True,Low,81.8,False,19,4,6,2024-06-28,0,0,0,1,1,3,1,0
2024-06-28 19:39:51.219243,Kolkata,-68.2,117.58,71.35,12.6,2.81,4G,iPhone 14,BSNL,n258,85,31.6,34,4,27.55,2,False,Low,28.2,True,19,4,6,2024-06-28,3,0,2,0,1,4,0,1
2024-06-28 19:49:51.219241,Mumbai,-61.8,277.15,143.7,7.3,4.85,5G SA,Galaxy S23,Jio,n258,47,44.9,23,4,497.36,1,False,High,23.8,False,19,4,6,2024-06-28,4,2,3,0,0,1,0,0
2024-06-28 19:59:51.219238,Kolkata,-90.8,750.43,34.5,17.2,0.17,5G SA,Nord 4,Jio,n258,94,27.9,26,4,28.79,2,False,High,32.4,False,19,4,6,2024-06-28,3,2,3,0,0,2,0,0
2024-06-28 20:09:51.219236,San Francisco,-78.2,242.57,28.35,2.4,1.69,5G SA,GT 7,AT&T,n78,64,22.8,17,3,490.15,4,False,Medium,50.1,True,20,4,6,2024-06-28,6,2,0,4,2,0,0,1
2024-06-28 20:19:51.219233,Chennai,-102.7,495.19,102.03,14.6,4.81,5G NSA,Pixel 7,Airtel,n258,52,42.4,12,4,186.35,5,False,High,68.0,False,20,4,6,2024-06-28,1,1,1,0,0,3,0,0
2024-06-28 20:29:51.219230,New York,-81.1,923.03,128.11,6.7,4.72,5G NSA,iPhone 14,T-Mobile,n260,82,28.3,38,3,177.82,5,False,High,16.2,True,20,4,6,2024-06-28,5,1,4,1,0,4,0,1
2024-06-28 20:39:51.219228,Mumbai,-75.2,133.58,69.16,4.9,2.57,4G,GT 7,Airtel,n78,94,23.3,53,0,10.08,5,True,Low,21.8,False,20,4,6,2024-06-28,4,0,1,4,1,0,1,0
2024-06-28 20:49:51.219225,Delhi,-77.0,195.09,149.16,7.0,0.55,5G SA,Nord 4,Jio,n78,56,37.0,30,1,27.66,3,False,Medium,70.6,False,20,4,6,2024-06-28,2,2,3,4,2,2,0,0
2024-06-28 20:59:51.219210,Kolkata,-69.0,922.76,48.99,10.9,0.43,5G SA,Pixel 7,BSNL,n28,66,31.7,26,4,432.58,1,True,High,80.6,True,20,4,6,2024-06-28,3,2,2,2,0,3,1,1
2024-06-28 21:09:51.219202,New York,-60.9,947.53,66.86,7.9,0.86,5G SA,Galaxy S23,T-Mobile,n78,27,32.6,26,0,237.82,1,True,Medium,81.9,True,21,4,6,2024-06-28,5,2,4,4,2,1,1,1
2024-06-28 21:19:51.219200,Delhi,-84.2,367.74,44.9,18.9,1.77,4G,GT 7,BSNL,n258,16,27.2,26,3,257.04,2,True,Medium,34.2,False,21,4,6,2024-06-28,2,0,2,0,2,0,1,0
2024-06-28 21:29:51.219197,Delhi,-73.4,110.56,51.77,13.4,0.88,4G,GT 7,BSNL,n28,23,41.7,20,3,259.19,5,False,High,65.6,False,21,4,6,2024-06-28,2,0,2,2,0,0,0,0
2024-06-28 21:39:51.219194,San Francisco,-82.3,290.86,55.77,14.9,4.25,5G NSA,Nord 4,Verizon,n78,10,41.2,47,1,175.52,2,True,High,82.7,True,21,4,6,2024-06-28,6,1,5,4,0,2,1,1
2024-06-28 21:49:51.219192,Kolkata,-68.9,159.53,79.35,5.0,0.21,5G SA,Pixel 7,Vi,n258,76,29.8,1,4,435.91,2,False,High,61.2,True,21,4,6,2024-06-28,3,2,6,0,0,3,0,1
2024-06-28 21:59:51.219189,Tokyo,-84.0,392.34,144.3,7.0,1.77,4G,Nord 4,Verizon,n41,97,36.4,40,0,407.12,5,True,Medium,40.8,True,21,4,6,2024-06-28,7,0,5,3,2,2,1,1
2024-06-28 22:09:51.219187,Berlin,-97.1,727.55,44.65,13.8,2.7,4G,GT 7,Verizon,n41,97,36.4,56,4,33.0,2,True,High,68.1,False,22,4,6,2024-06-28,0,0,5,3,0,0,1,0
2024-06-28 22:19:51.219184,New York,-73.2,168.92,75.2,12.1,1.26,5G NSA,Galaxy S23,Verizon,n78,51,25.7,27,1,341.09,4,True,Low,10.7,True,22,4,6,2024-06-28,5,1,5,4,1,1,1,1
2024-06-28 22:29:51.219182,San Francisco,-84.8,616.4,25.03,1.6,2.6,4G,GT 7,Verizon,n78,40,37.3,7,1,229.14,1,False,Low,26.7,False,22,4,6,2024-06-28,6,0,5,4,1,0,0,0
2024-06-28 22:39:51.219179,San Francisco,-94.6,712.65,127.65,3.4,4.66,4G,iPhone 14,Verizon,n260,34,42.0,28,3,35.29,4,True,Low,88.7,True,22,4,6,2024-06-28,6,0,5,1,1,4,1,1
2024-06-28 22:49:51.219176,Tokyo,-83.1,398.6,108.63,3.4,2.94,5G SA,GT 7,T-Mobile,n78,95,20.8,16,3,336.2,2,True,Low,74.1,True,22,4,6,2024-06-28,7,2,4,4,1,0,1,1
2024-06-28 22:59:51.219174,Mumbai,-73.8,220.13,92.94,6.0,1.15,4G,Galaxy S23,BSNL,n258,87,36.7,58,2,392.82,2,False,High,73.2,True,22,4,6,2024-06-28,4,0,2,0,0,1,0,1
2024-06-28 23:09:51.219171,Delhi,-67.5,678.91,106.3,15.4,2.95,5G NSA,Galaxy S23,Airtel,n28,67,39.9,40,2,141.95,1,False,Low,36.7,True,23,4,6,2024-06-28,2,1,1,2,1,1,0,1
2024-06-28 23:19:51.219169,Tokyo,-90.5,293.18,75.26,2.9,4.17,4G,Nord 4,AT&T,n78,16,26.2,47,1,417.39,5,False,High,52.9,False,23,4,6,2024-06-28,7,0,0,4,0,2,0,0
2024-06-28 23:29:51.219166,Tokyo,-71.0,828.83,35.23,11.1,2.44,4G,GT 7,Verizon,n41,47,42.9,37,2,259.04,1,True,High,50.8,True,23,4,6,2024-06-28,7,0,5,3,0,0,1,1
2024-06-28 23:39:51.219164,Berlin,-89.1,953.63,47.99,6.0,3.07,5G NSA,Pixel 7,T-Mobile,n41,92,21.3,40,2,403.56,5,True,High,11.8,True,23,4,6,2024-06-28,0,1,4,3,0,3,1,1
2024-06-28 23:49:51.219161,New York,-84.0,119.17,46.74,6.2,0.42,4G,Pixel 7,T-Mobile,n78,38,23.6,1,3,114.89,3,True,High,53.0,True,23,4,6,2024-06-28,5,0,4,4,0,3,1,1
2024-06-28 23:59:51.219158,San Francisco,-107.1,778.21,74.78,8.7,2.78,5G NSA,Pixel 7,T-Mobile,n41,45,40.4,2,0,13.06,2,True,High,15.3,True,23,4,6,2024-06-28,6,1,4,3,0,3,1,1
2024-06-29 00:09:51.219156,San Francisco,-61.2,627.03,133.94,10.8,1.87,4G,GT 7,T-Mobile,n260,43,43.5,34,2,173.2,5,False,Low,74.3,True,0,5,6,2024-06-29,6,0,4,1,1,0,0,1
2024-06-29 00:19:51.219153,Mumbai,-62.1,718.73,71.9,9.8,0.64,5G NSA,Pixel 7,BSNL,n28,84,41.5,5,0,71.22,2,True,Medium,94.8,False,0,5,6,2024-06-29,4,1,2,2,2,3,1,0
2024-06-29 00:29:51.219151,New York,-74.7,308.38,46.43,19.9,4.72,5G NSA,Pixel 7,AT&T,n78,84,27.7,35,0,287.51,4,False,High,89.5,False,0,5,6,2024-06-29,5,1,0,4,0,3,0,0
2024-06-29 00:39:51.219148,Mumbai,-97.5,357.37,43.28,5.2,1.88,5G NSA,Galaxy S23,Jio,n28,50,27.0,22,3,283.86,3,True,Low,67.9,False,0,5,6,2024-06-29,4,1,3,2,1,1,1,0
2024-06-29 00:49:51.219145,Kolkata,-79.0,739.47,139.06,11.3,2.07,5G NSA,Nord 4,Vi,n78,79,28.0,51,4,186.82,3,False,Medium,73.9,True,0,5,6,2024-06-29,3,1,6,4,2,2,0,1
2024-06-29 00:59:51.219143,Tokyo,-90.0,928.08,90.61,11.2,3.61,4G,Galaxy S23,Verizon,n78,39,22.8,15,3,475.36,5,True,Medium,29.8,True,0,5,6,2024-06-29,7,0,5,4,2,1,1,1
2024-06-29 01:09:51.219140,Tokyo,-98.7,607.77,95.2,11.7,0.67,5G SA,Galaxy S23,AT&T,n78,66,25.9,59,3,54.74,4,True,High,38.9,True,1,5,6,2024-06-29,7,2,0,4,0,1,1,1
2024-06-29 01:19:51.219138,Tokyo,-85.8,428.69,127.42,3.8,1.92,4G,Galaxy S23,AT&T,n260,14,32.9,16,3,359.64,4,True,High,34.0,True,1,5,6,2024-06-29,7,0,0,1,0,1,1,1
2024-06-29 01:29:51.219135,Mumbai,-101.5,375.78,52.42,8.9,3.45,4G,Galaxy S23,BSNL,n258,98,44.6,5,2,440.75,2,True,Medium,90.9,False,1,5,6,2024-06-29,4,0,2,0,2,1,1,0
2024-06-29 01:39:51.219133,Mumbai,-79.7,781.76,32.48,3.2,4.16,5G NSA,iPhone 14,Jio,n78,43,37.3,33,0,382.54,2,True,Low,83.4,False,1,5,6,2024-06-29,4,1,3,4,1,4,1,0
2024-06-29 01:49:51.219130,Kolkata,-61.6,950.92,125.15,11.1,4.19,5G SA,Galaxy S23,Vi,n78,38,30.6,21,3,256.05,4,True,High,15.8,False,1,5,6,2024-06-29,3,2,6,4,0,1,1,0
2024-06-29 01:59:51.219127,New York,-80.8,483.73,27.25,6.4,2.43,5G SA,Nord 4,AT&T,n78,39,41.0,32,2,154.97,5,False,Low,46.7,False,1,5,6,2024-06-29,5,2,0,4,1,2,0,0
2024-06-29 02:09:51.219125,Tokyo,-70.9,195.5,71.98,7.6,4.0,4G,Pixel 7,Verizon,n78,73,34.7,56,3,475.72,2,False,Low,80.1,True,2,5,6,2024-06-29,7,0,5,4,1,3,0,1
2024-06-29 02:19:51.219122,Chennai,-91.8,813.99,146.84,2.4,1.71,4G,GT 7,Airtel,n78,31,25.6,37,2,177.91,5,False,High,73.6,True,2,5,6,2024-06-29,1,0,1,4,0,0,0,1
2024-06-29 02:29:51.219120,Tokyo,-71.7,181.73,49.13,14.7,2.32,5G NSA,iPhone 14,Verizon,n260,96,36.8,17,0,421.28,4,False,Medium,19.0,True,2,5,6,2024-06-29,7,1,5,1,2,4,0,1
2024-06-29 02:39:51.219117,Delhi,-80.6,387.98,110.0,14.2,0.16,5G SA,iPhone 14,BSNL,n28,19,44.7,13,2,127.48,2,False,High,98.1,True,2,5,6,2024-06-29,2,2,2,2,0,4,0,1
2024-06-29 02:49:51.219115,San Francisco,-63.0,417.95,148.49,5.8,3.01,5G SA,iPhone 14,Verizon,n260,55,37.5,8,0,168.35,5,True,High,13.3,True,2,5,6,2024-06-29,6,2,5,1,0,4,1,1
2024-06-29 02:59:51.219112,New York,-79.7,960.72,36.92,14.2,2.75,5G SA,Pixel 7,T-Mobile,n78,86,22.8,40,4,20.55,3,False,Low,27.0,True,2,5,6,2024-06-29,5,2,4,4,1,3,0,1
2024-06-29 03:09:51.219109,Mumbai,-85.7,540.87,112.38,5.8,4.56,4G,Galaxy S23,Vi,n28,68,23.1,35,1,159.57,2,False,Medium,20.2,False,3,5,6,2024-06-29,4,0,6,2,2,1,0,0
2024-06-29 03:19:51.219107,Mumbai,-98.0,199.83,99.23,12.9,3.52,5G NSA,GT 7,Vi,n258,66,29.5,28,4,216.35,1,False,Medium,11.7,False,3,5,6,2024-06-29,4,1,6,0,2,0,0,0
2024-06-29 03:29:51.219104,Mumbai,-85.1,586.87,37.44,2.7,1.23,4G,Nord 4,Vi,n258,82,43.6,22,0,338.06,5,False,High,51.2,False,3,5,6,2024-06-29,4,0,6,0,0,2,0,0
2024-06-29 03:39:51.219102,New York,-81.5,127.36,105.83,19.8,2.36,4G,GT 7,AT&T,n78,98,39.4,54,3,46.69,2,False,High,93.7,False,3,5,6,2024-06-29,5,0,0,4,0,0,0,0
2024-06-29 03:49:51.219099,Delhi,-79.8,724.89,77.21,14.1,3.2,5G NSA,Galaxy S23,BSNL,n258,22,29.2,30,4,133.26,5,False,Medium,17.9,True,3,5,6,2024-06-29,2,1,2,0,2,1,0,1
2024-06-29 03:59:51.219096,Berlin,-79.0,833.48,125.68,19.9,4.79,4G,GT 7,T-Mobile,n78,55,20.8,39,4,262.77,5,False,Low,67.9,True,3,5,6,2024-06-29,0,0,4,4,1,0,0,1
2024-06-29 04:09:51.219094,Chennai,-78.9,926.43,90.18,15.2,3.2,5G SA,Nord 4,Vi,n258,74,33.2,5,1,222.25,5,True,High,13.2,False,4,5,6,2024-06-29,1,2,6,0,0,2,1,0
2024-06-29 04:19:51.219091,Chennai,-86.2,125.91,80.62,8.8,4.74,5G SA,iPhone 14,BSNL,n78,28,31.4,23,1,346.53,4,False,Low,65.0,True,4,5,6,2024-06-29,1,2,2,4,1,4,0,1
2024-06-29 04:29:51.219089,Tokyo,-88.1,644.36,113.97,12.0,0.12,5G SA,iPhone 14,T-Mobile,n41,96,24.6,28,2,244.28,1,True,Low,87.3,True,4,5,6,2024-06-29,7,2,4,3,1,4,1,1
2024-06-29 04:39:51.219086,Tokyo,-101.1,721.55,140.19,19.7,3.36,5G NSA,GT 7,T-Mobile,n260,56,23.0,27,0,130.93,2,True,Low,63.5,False,4,5,6,2024-06-29,7,1,4,1,1,0,1,0
2024-06-29 04:49:51.219084,Kolkata,-61.9,182.96,39.55,6.7,3.75,5G NSA,Galaxy S23,Airtel,n28,97,29.8,15,2,468.57,2,False,High,89.8,False,4,5,6,2024-06-29,3,1,1,2,0,1,0,0
2024-06-29 04:59:51.219081,Mumbai,-69.9,395.25,47.03,12.7,2.45,5G NSA,Galaxy S23,Airtel,n258,31,32.4,57,3,46.39,1,True,Low,65.3,True,4,5,6,2024-06-29,4,1,1,0,1,1,1,1
2024-06-29 05:09:51.219078,Berlin,-80.1,893.81,35.54,12.5,4.31,5G NSA,Pixel 7,AT&T,n260,85,22.0,25,0,396.21,2,True,Low,99.8,True,5,5,6,2024-06-29,0,1,0,1,1,3,1,1
2024-06-29 05:19:51.219076,Berlin,-68.4,130.01,62.72,13.8,0.5,4G,GT 7,AT&T,n260,84,37.8,26,1,216.61,5,False,Medium,97.3,False,5,5,6,2024-06-29,0,0,0,1,2,0,0,0
2024-06-29 05:29:51.219073,Berlin,-95.0,785.22,132.79,16.6,1.24,4G,Pixel 7,T-Mobile,n260,67,38.5,36,0,58.25,4,False,Medium,18.0,True,5,5,6,2024-06-29,0,0,4,1,2,3,0,1
2024-06-29 05:39:51.219071,San Francisco,-76.5,653.26,62.59,5.8,3.59,5G SA,GT 7,Verizon,n78,74,21.4,58,2,24.84,3,True,High,16.3,True,5,5,6,2024-06-29,6,2,5,4,0,0,1,1
2024-06-29 05:49:51.219068,Berlin,-63.5,538.17,112.01,1.2,4.39,4G,Nord 4,AT&T,n41,56,24.2,43,4,118.84,5,False,Medium,75.3,True,5,5,6,2024-06-29,0,0,0,3,2,2,0,1
2024-06-29 05:59:51.219065,Berlin,-88.8,883.47,33.74,16.1,0.27,5G NSA,iPhone 14,Verizon,n78,40,23.4,45,0,235.44,2,False,High,63.5,False,5,5,6,2024-06-29,0,1,5,4,0,4,0,0
2024-06-29 06:09:51.219063,Berlin,-93.6,689.08,145.67,13.9,3.54,5G NSA,Nord 4,T-Mobile,n260,84,25.0,48,1,264.06,3,False,High,77.5,True,6,5,6,2024-06-29,0,1,4,1,0,2,0,1
2024-06-29 06:19:51.219060,Mumbai,-83.7,876.32,39.02,5.5,4.0,4G,Pixel 7,Vi,n258,46,23.4,2,4,310.15,2,True,Medium,95.6,True,6,5,6,2024-06-29,4,0,6,0,2,3,1,1
2024-06-29 06:29:51.219058,Mumbai,-62.9,692.05,25.13,9.9,3.78,5G SA,GT 7,BSNL,n258,46,41.4,34,3,25.27,1,False,Low,60.2,True,6,5,6,2024-06-29,4,2,2,0,1,0,0,1
2024-06-29 06:39:51.219055,San Francisco,-106.3,204.63,123.23,5.0,4.34,4G,iPhone 14,Verizon,n41,36,37.3,16,0,406.4,1,True,Low,65.4,False,6,5,6,2024-06-29,6,0,5,3,1,4,1,0
2024-06-29 06:49:51.219053,New York,-75.6,119.82,68.21,3.4,1.89,5G SA,Nord 4,AT&T,n41,90,40.0,9,2,424.02,4,False,Low,58.4,True,6,5,6,2024-06-29,5,2,0,3,1,2,0,1
2024-06-29 06:59:51.219050,Berlin,-81.6,575.4,125.47,14.7,0.3,4G,Pixel 7,Verizon,n41,42,43.2,50,2,319.02,2,True,Medium,66.4,True,6,5,6,2024-06-29,0,0,5,3,2,3,1,1
2024-06-29 07:09:51.219047,Chennai,-74.9,167.2,61.73,6.8,0.42,5G NSA,Galaxy S23,Jio,n258,17,34.7,8,1,54.91,5,True,Medium,39.5,True,7,5,6,2024-06-29,1,1,3,0,2,1,1,1
2024-06-29 07:19:51.219045,Delhi,-89.1,166.16,100.53,8.6,3.5,4G,Galaxy S23,Jio,n78,86,35.0,28,3,342.64,1,False,Medium,50.9,True,7,5,6,2024-06-29,2,0,3,4,2,1,0,1
2024-06-29 07:29:51.219042,New York,-84.6,449.15,89.04,14.2,0.31,5G SA,GT 7,T-Mobile,n78,56,26.5,40,0,302.48,5,True,High,14.4,False,7,5,6,2024-06-29,5,2,4,4,0,0,1,0
2024-06-29 07:39:51.219040,Chennai,-64.9,177.06,100.83,13.2,2.89,5G SA,GT 7,BSNL,n78,22,32.2,31,1,290.32,3,True,Medium,14.0,False,7,5,6,2024-06-29,1,2,2,4,2,0,1,0
2024-06-29 07:49:51.219037,Delhi,-70.7,562.47,63.16,19.7,1.75,4G,Pixel 7,Vi,n258,68,44.6,40,3,369.07,2,True,Low,13.5,False,7,5,6,2024-06-29,2,0,6,0,1,3,1,0
2024-06-29 07:59:51.219035,New York,-83.6,219.37,84.93,3.6,4.91,5G SA,iPhone 14,Verizon,n260,41,20.2,21,1,184.86,1,False,High,77.9,True,7,5,6,2024-06-29,5,2,5,1,0,4,0,1
2024-06-29 08:09:51.219032,Delhi,-76.9,432.42,95.35,17.3,2.39,4G,Pixel 7,BSNL,n28,59,26.6,35,3,163.95,1,False,High,74.8,True,8,5,6,2024-06-29,2,0,2,2,0,3,0,1
2024-06-29 08:19:51.219029,San Francisco,-77.3,888.97,72.95,14.2,4.23,5G SA,iPhone 14,T-Mobile,n41,90,30.2,3,2,472.82,5,True,High,56.2,True,8,5,6,2024-06-29,6,2,4,3,0,4,1,1
2024-06-29 08:29:51.219027,Chennai,-95.7,162.11,29.63,17.0,1.58,5G NSA,Galaxy S23,Vi,n78,21,40.1,47,3,397.38,1,True,High,12.7,False,8,5,6,2024-06-29,1,1,6,4,0,1,1,0
2024-06-29 08:39:51.219024,San Francisco,-102.8,768.01,136.61,3.9,2.11,4G,Galaxy S23,T-Mobile,n41,46,22.1,7,0,67.94,4,False,Medium,17.0,False,8,5,6,2024-06-29,6,0,4,3,2,1,0,0
2024-06-29 08:49:51.219021,Kolkata,-61.7,630.19,37.18,7.7,4.14,4G,iPhone 14,Vi,n78,96,20.3,49,0,467.49,5,False,Low,92.4,True,8,5,6,2024-06-29,3,0,6,4,1,4,0,1
2024-06-29 08:59:51.219019,Delhi,-86.1,568.09,29.37,1.9,4.11,4G,Galaxy S23,Airtel,n258,25,40.2,17,3,425.94,3,True,High,93.1,False,8,5,6,2024-06-29,2,0,1,0,0,1,1,0
2024-06-29 09:09:51.219017,San Francisco,-103.6,562.95,109.17,16.0,2.91,5G NSA,Pixel 7,AT&T,n41,58,34.1,4,2,250.36,4,False,Medium,21.1,True,9,5,6,2024-06-29,6,1,0,3,2,3,0,1
2024-06-29 09:19:51.219014,Berlin,-60.0,745.43,100.66,18.1,4.99,4G,GT 7,Verizon,n260,88,21.7,43,2,459.72,3,False,High,18.5,False,9,5,6,2024-06-29,0,0,5,1,0,0,0,0
2024-06-29 09:29:51.219011,Mumbai,-67.4,898.75,126.33,14.6,2.08,5G SA,iPhone 14,Vi,n258,75,33.1,21,3,445.7,4,False,Medium,98.6,True,9,5,6,2024-06-29,4,2,6,0,2,4,0,1
2024-06-29 09:39:51.219009,New York,-63.9,400.69,60.11,15.0,2.93,4G,Galaxy S23,AT&T,n41,19,27.2,37,0,193.46,5,False,Medium,10.8,True,9,5,6,2024-06-29,5,0,0,3,2,1,0,1
2024-06-29 09:49:51.219006,Delhi,-71.6,825.41,47.74,16.0,0.12,5G SA,Galaxy S23,Jio,n28,28,33.5,41,3,436.77,4,True,Medium,10.9,True,9,5,6,2024-06-29,2,2,3,2,2,1,1,1
2024-06-29 09:59:51.219004,New York,-91.7,228.38,76.34,11.0,4.25,4G,GT 7,AT&T,n78,41,24.0,32,2,437.37,3,False,Low,82.5,True,9,5,6,2024-06-29,5,0,0,4,1,0,0,1
2024-06-29 10:09:51.219001,Berlin,-69.7,258.22,86.47,11.4,1.76,5G SA,GT 7,AT&T,n41,67,42.8,45,2,174.66,2,False,Medium,15.4,True,10,5,6,2024-06-29,0,2,0,3,2,0,0,1
2024-06-29 10:19:51.218999,Kolkata,-98.3,503.4,116.67,9.4,0.23,5G SA,Galaxy S23,Airtel,n78,12,40.4,32,1,189.93,4,False,Low,26.6,True,10,5,6,2024-06-29,3,2,1,4,1,1,0,1
2024-06-29 10:29:51.218996,San Francisco,-104.9,229.96,63.69,5.0,1.72,5G NSA,GT 7,AT&T,n78,85,25.8,51,1,251.33,1,True,Low,16.9,True,10,5,6,2024-06-29,6,1,0,4,1,0,1,1
2024-06-29 10:39:51.218993,San Francisco,-95.3,480.44,21.74,19.1,4.59,5G SA,Nord 4,T-Mobile,n260,93,20.3,35,3,173.03,5,True,Low,54.9,True,10,5,6,2024-06-29,6,2,4,1,1,2,1,1
2024-06-29 10:49:51.218991,Delhi,-90.3,915.02,102.96,6.9,4.47,5G NSA,iPhone 14,Vi,n28,69,44.3,25,0,287.11,3,True,High,71.5,True,10,5,6,2024-06-29,2,1,6,2,0,4,1,1
2024-06-29 10:59:51.218988,Delhi,-71.9,575.72,50.57,11.7,0.53,5G NSA,iPhone 14,Jio,n258,39,30.8,41,2,348.8,2,True,Medium,93.4,True,10,5,6,2024-06-29,2,1,3,0,2,4,1,1
2024-06-29 11:09:51.218983,Mumbai,-86.6,566.53,63.09,11.1,3.6,4G,GT 7,Jio,n78,15,20.9,44,4,87.89,5,False,High,17.6,True,11,5,6,2024-06-29,4,0,3,4,0,0,0,1
2024-06-29 11:19:51.218980,San Francisco,-110.0,208.03,84.32,1.9,3.56,5G NSA,iPhone 14,AT&T,n260,43,35.4,20,2,270.97,5,False,Medium,63.5,False,11,5,6,2024-06-29,6,1,0,1,2,4,0,0
2024-06-29 11:29:51.218978,Mumbai,-101.4,192.07,77.01,11.5,2.57,4G,iPhone 14,Airtel,n28,94,29.9,8,1,289.29,1,False,Low,15.0,False,11,5,6,2024-06-29,4,0,1,2,1,4,0,0
2024-06-29 11:39:51.218975,Tokyo,-82.8,246.12,146.22,1.8,0.53,5G SA,Galaxy S23,Verizon,n260,14,30.0,11,4,258.13,2,False,Low,38.4,False,11,5,6,2024-06-29,7,2,5,1,1,1,0,0
2024-06-29 11:49:51.218972,Mumbai,-83.2,399.31,130.83,18.8,2.01,5G SA,GT 7,BSNL,n78,12,27.0,6,0,10.69,1,True,Medium,71.4,True,11,5,6,2024-06-29,4,2,2,4,2,0,1,1
2024-06-29 11:59:51.218970,New York,-101.4,226.64,93.71,6.8,3.86,5G NSA,Nord 4,T-Mobile,n260,66,23.1,7,3,344.47,4,False,High,96.5,False,11,5,6,2024-06-29,5,1,4,1,0,2,0,0
2024-06-29 12:09:51.218967,New York,-74.9,829.05,147.31,17.8,0.85,5G SA,Pixel 7,T-Mobile,n78,37,34.5,41,3,41.95,2,False,High,63.1,False,12,5,6,2024-06-29,5,2,4,4,0,3,0,0
2024-06-29 12:19:51.218965,New York,-62.6,445.23,147.26,9.8,3.61,5G SA,Nord 4,AT&T,n78,10,25.9,17,1,362.28,5,True,Low,21.6,False,12,5,6,2024-06-29,5,2,0,4,1,2,1,0
2024-06-29 12:29:51.218962,Mumbai,-85.1,262.33,43.04,10.8,3.05,4G,Nord 4,Vi,n28,61,34.9,26,0,369.76,2,True,High,41.1,True,12,5,6,2024-06-29,4,0,6,2,0,2,1,1
2024-06-29 12:39:51.218959,San Francisco,-68.4,990.57,36.77,10.3,4.45,5G SA,Galaxy S23,AT&T,n78,88,42.8,18,2,164.07,5,False,Medium,53.2,False,12,5,6,2024-06-29,6,2,0,4,2,1,0,0
2024-06-29 12:49:51.218957,Tokyo,-67.8,835.09,80.68,16.9,3.74,5G NSA,Galaxy S23,AT&T,n41,72,40.4,2,4,184.22,4,False,Low,39.6,False,12,5,6,2024-06-29,7,1,0,3,1,1,0,0
2024-06-29 12:59:51.218954,Berlin,-91.9,948.08,84.84,19.8,3.22,5G SA,GT 7,Verizon,n260,10,20.6,6,4,494.53,2,True,Medium,30.7,False,12,5,6,2024-06-29,0,2,5,1,2,0,1,0
2024-06-29 13:09:51.218952,San Francisco,-85.4,269.51,50.56,8.9,1.1,5G NSA,GT 7,T-Mobile,n41,85,38.9,22,0,495.34,2,False,High,70.6,False,13,5,6,2024-06-29,6,1,4,3,0,0,0,0
2024-06-29 13:19:51.218949,New York,-97.1,607.97,139.23,13.7,2.64,5G SA,iPhone 14,AT&T,n260,30,42.0,38,0,295.5,5,True,Low,11.1,False,13,5,6,2024-06-29,5,2,0,1,1,4,1,0
2024-06-29 13:29:51.218946,Berlin,-75.5,867.94,109.38,11.4,0.97,5G SA,Nord 4,T-Mobile,n41,70,37.8,31,2,197.53,1,True,Medium,56.3,True,13,5,6,2024-06-29,0,2,4,3,2,2,1,1
2024-06-29 13:39:51.218944,San Francisco,-91.7,136.17,149.3,16.5,1.91,4G,iPhone 14,T-Mobile,n41,35,42.0,37,3,190.74,2,True,High,90.9,False,13,5,6,2024-06-29,6,0,4,3,0,4,1,0
2024-06-29 13:49:51.218941,Kolkata,-107.0,334.61,28.34,17.0,2.89,4G,GT 7,Vi,n258,43,25.0,57,2,461.11,1,True,Low,47.8,False,13,5,6,2024-06-29,3,0,6,0,1,0,1,0
2024-06-29 13:59:51.218939,Mumbai,-69.2,619.12,113.55,10.2,2.49,5G NSA,Galaxy S23,Vi,n78,96,30.8,16,1,399.8,4,False,Medium,13.8,True,13,5,6,2024-06-29,4,1,6,4,2,1,0,1
2024-06-29 14:09:51.218936,Berlin,-97.7,128.75,97.1,4.3,4.79,5G NSA,iPhone 14,Verizon,n41,52,27.4,53,4,175.7,5,False,Low,40.5,False,14,5,6,2024-06-29,0,1,5,3,1,4,0,0
2024-06-29 14:19:51.218933,Delhi,-65.7,938.76,73.25,17.5,1.62,5G SA,Nord 4,Jio,n78,65,26.2,37,1,274.93,1,False,Low,52.6,True,14,5,6,2024-06-29,2,2,3,4,1,2,0,1
2024-06-29 14:29:51.218931,Tokyo,-87.4,811.98,102.1,19.1,3.74,5G NSA,Nord 4,T-Mobile,n41,79,30.6,56,1,115.34,5,False,High,17.1,False,14,5,6,2024-06-29,7,1,4,3,0,2,0,0
2024-06-29 14:39:51.218928,Berlin,-87.0,951.95,116.47,15.2,0.95,5G NSA,GT 7,T-Mobile,n78,23,44.0,18,4,343.2,4,True,High,22.9,False,14,5,6,2024-06-29,0,1,4,4,0,0,1,0
2024-06-29 14:49:51.218926,Mumbai,-78.7,596.18,96.12,11.3,1.84,4G,Galaxy S23,Airtel,n78,71,32.4,31,4,50.47,1,True,High,39.5,True,14,5,6,2024-06-29,4,0,1,4,0,1,1,1
2024-06-29 14:59:51.218923,New York,-70.9,885.46,46.82,15.0,3.38,5G SA,GT 7,Verizon,n260,13,26.5,10,0,32.42,3,False,Medium,19.5,False,14,5,6,2024-06-29,5,2,5,1,2,0,0,0
2024-06-29 15:09:51.218920,Tokyo,-104.7,391.19,96.12,13.9,0.18,4G,Pixel 7,Verizon,n78,40,38.6,21,1,56.09,4,False,High,35.0,False,15,5,6,2024-06-29,7,0,5,4,0,3,0,0
2024-06-29 15:19:51.218918,Mumbai,-87.1,176.21,63.32,3.1,0.68,5G SA,Pixel 7,Airtel,n258,87,33.4,26,3,85.71,2,False,Low,81.2,True,15,5,6,2024-06-29,4,2,1,0,1,3,0,1
2024-06-29 15:29:51.218915,Tokyo,-110.0,343.01,24.66,10.4,3.55,5G NSA,GT 7,Verizon,n260,33,27.6,55,3,331.25,3,False,Medium,42.9,True,15,5,6,2024-06-29,7,1,5,1,2,0,0,1
2024-06-29 15:39:51.218913,New York,-99.0,141.96,67.67,7.0,2.53,5G SA,Galaxy S23,T-Mobile,n41,51,30.3,59,3,223.29,2,True,High,62.7,False,15,5,6,2024-06-29,5,2,4,3,0,1,1,0
2024-06-29 15:49:51.218910,Kolkata,-107.9,259.05,85.95,2.4,3.63,5G NSA,Galaxy S23,Vi,n28,76,23.7,28,2,263.73,2,False,High,90.2,True,15,5,6,2024-06-29,3,1,6,2,0,1,0,1
2024-06-29 15:59:51.218907,Delhi,-108.4,215.83,131.28,1.1,1.67,5G SA,Galaxy S23,Airtel,n28,32,24.5,59,3,309.5,4,False,Low,35.5,False,15,5,6,2024-06-29,2,2,1,2,1,1,0,0
2024-06-29 16:09:51.218905,Kolkata,-62.2,962.93,107.0,18.9,3.87,5G SA,Nord 4,BSNL,n78,81,33.0,3,4,462.03,4,False,High,65.8,False,16,5,6,2024-06-29,3,2,2,4,0,2,0,0
2024-06-29 16:19:51.218902,New York,-68.8,887.56,27.68,5.4,2.09,5G SA,GT 7,Verizon,n260,44,20.7,25,4,466.96,3,False,Low,95.5,True,16,5,6,2024-06-29,5,2,5,1,1,0,0,1
2024-06-29 16:29:51.218900,Mumbai,-92.6,277.23,125.82,10.4,0.62,5G SA,Galaxy S23,BSNL,n78,66,35.3,24,4,422.15,3,False,Low,89.5,False,16,5,6,2024-06-29,4,2,2,4,1,1,0,0
2024-06-29 16:39:51.218897,San Francisco,-85.7,758.62,90.32,15.5,1.2,4G,Pixel 7,T-Mobile,n41,70,37.9,46,1,338.05,3,False,Low,20.4,True,16,5,6,2024-06-29,6,0,4,3,1,3,0,1
2024-06-29 16:49:51.218894,Mumbai,-86.4,812.33,36.67,9.2,3.17,4G,iPhone 14,BSNL,n78,40,26.1,28,3,86.88,4,False,Low,23.9,True,16,5,6,2024-06-29,4,0,2,4,1,4,0,1
2024-06-29 16:59:51.218892,San Francisco,-102.0,641.42,72.08,2.7,2.52,4G,iPhone 14,Verizon,n260,31,22.1,38,3,44.41,2,True,High,56.9,False,16,5,6,2024-06-29,6,0,5,1,0,4,1,0
2024-06-29 17:09:51.218889,Kolkata,-63.2,468.52,103.75,7.0,3.83,5G NSA,Nord 4,BSNL,n28,95,21.8,41,3,36.9,5,False,Medium,81.9,True,17,5,6,2024-06-29,3,1,2,2,2,2,0,1
2024-06-29 17:19:51.218886,Tokyo,-64.1,118.5,145.75,14.2,2.23,5G SA,Pixel 7,AT&T,n41,35,20.8,43,2,43.37,5,False,Medium,49.1,True,17,5,6,2024-06-29,7,2,0,3,2,3,0,1
2024-06-29 17:29:51.218884,Kolkata,-90.7,510.52,77.82,6.2,1.63,5G SA,Nord 4,Vi,n28,25,32.3,29,2,386.18,2,True,High,41.5,False,17,5,6,2024-06-29,3,2,6,2,0,2,1,0
2024-06-29 17:39:51.218881,New York,-104.1,568.55,142.43,19.7,4.16,5G SA,Nord 4,Verizon,n41,92,23.8,27,0,156.56,2,False,Medium,74.8,False,17,5,6,2024-06-29,5,2,5,3,2,2,0,0
2024-06-29 17:49:51.218879,Mumbai,-69.5,903.94,146.6,13.0,0.97,4G,Galaxy S23,Vi,n258,36,31.3,15,0,369.17,5,True,High,11.3,False,17,5,6,2024-06-29,4,0,6,0,0,1,1,0
2024-06-29 17:59:51.218876,Kolkata,-64.9,618.25,118.57,9.7,3.57,4G,Galaxy S23,BSNL,n258,36,26.0,46,4,62.73,5,True,Medium,72.8,False,17,5,6,2024-06-29,3,0,2,0,2,1,1,0
2024-06-29 18:09:51.218873,New York,-91.8,682.5,71.39,11.5,1.76,5G NSA,Galaxy S23,T-Mobile,n41,40,38.5,10,2,291.88,1,False,Low,20.2,True,18,5,6,2024-06-29,5,1,4,3,1,1,0,1
2024-06-29 18:19:51.218871,New York,-85.6,925.2,91.46,2.4,1.2,5G SA,iPhone 14,AT&T,n260,25,22.7,6,0,406.97,4,True,Low,55.6,True,18,5,6,2024-06-29,5,2,0,1,1,4,1,1
2024-06-29 18:29:51.218868,San Francisco,-93.1,685.08,120.61,13.2,2.7,5G SA,iPhone 14,AT&T,n78,64,23.1,32,0,24.75,5,True,Low,17.5,True,18,5,6,2024-06-29,6,2,0,4,1,4,1,1
2024-06-29 18:39:51.218866,Berlin,-92.5,359.69,102.67,10.0,4.48,4G,Galaxy S23,T-Mobile,n260,98,24.3,17,4,117.71,2,True,Medium,70.5,False,18,5,6,2024-06-29,0,0,4,1,2,1,1,0
2024-06-29 18:49:51.218863,Mumbai,-69.2,293.38,49.22,16.3,4.1,5G SA,GT 7,Vi,n78,74,20.7,8,3,449.73,3,False,Medium,74.1,False,18,5,6,2024-06-29,4,2,6,4,2,0,0,0
2024-06-29 18:59:51.218860,Kolkata,-83.2,756.43,61.28,10.8,1.63,5G SA,iPhone 14,BSNL,n78,74,28.4,23,3,192.24,5,False,Low,83.1,False,18,5,6,2024-06-29,3,2,2,4,1,4,0,0
2024-06-29 19:09:51.218858,Mumbai,-64.7,130.18,66.11,2.3,3.48,5G SA,Pixel 7,BSNL,n258,13,36.5,49,0,405.36,3,False,High,13.8,False,19,5,6,2024-06-29,4,2,2,0,0,3,0,0
2024-06-29 19:19:51.218855,Kolkata,-86.6,792.0,87.02,17.4,2.68,5G SA,GT 7,Jio,n28,68,35.0,8,1,295.61,2,True,Medium,87.1,True,19,5,6,2024-06-29,3,2,3,2,2,0,1,1
2024-06-29 19:29:51.218853,Tokyo,-88.5,495.52,81.26,11.3,3.06,5G NSA,Pixel 7,Verizon,n41,77,33.0,35,4,310.41,4,True,Low,89.6,False,19,5,6,2024-06-29,7,1,5,3,1,3,1,0
2024-06-29 19:39:51.218850,Kolkata,-102.7,349.36,100.14,10.6,2.83,4G,iPhone 14,Airtel,n258,89,44.4,41,0,45.46,2,True,Low,95.4,True,19,5,6,2024-06-29,3,0,1,0,1,4,1,1
2024-06-29 19:49:51.218847,Chennai,-83.2,791.21,140.92,8.0,0.65,4G,Nord 4,Vi,n258,48,40.0,42,2,311.39,5,True,High,48.9,True,19,5,6,2024-06-29,1,0,6,0,0,2,1,1
2024-06-29 19:59:51.218845,Tokyo,-67.7,723.22,124.37,17.6,1.03,4G,GT 7,Verizon,n78,72,28.0,39,1,461.88,5,False,Medium,22.9,False,19,5,6,2024-06-29,7,0,5,4,2,0,0,0
2024-06-29 20:09:51.218842,San Francisco,-104.1,265.75,115.57,3.4,4.4,5G SA,iPhone 14,T-Mobile,n41,52,35.4,19,3,388.39,2,False,Low,75.3,True,20,5,6,2024-06-29,6,2,4,3,1,4,0,1
2024-06-29 20:19:51.218840,New York,-86.9,163.27,131.53,18.9,2.8,5G NSA,Galaxy S23,Verizon,n260,46,37.9,3,4,286.43,1,True,Low,80.0,False,20,5,6,2024-06-29,5,1,5,1,1,1,1,0
2024-06-29 20:29:51.218837,Chennai,-64.9,356.86,142.28,2.9,3.99,4G,Nord 4,Airtel,n78,17,44.6,59,1,396.87,3,True,High,54.8,True,20,5,6,2024-06-29,1,0,1,4,0,2,1,1
2024-06-29 20:39:51.218835,Berlin,-72.1,961.45,73.76,2.7,0.55,5G SA,Galaxy S23,T-Mobile,n78,46,44.7,27,4,365.25,3,True,High,86.0,True,20,5,6,2024-06-29,0,2,4,4,0,1,1,1
2024-06-29 20:49:51.218832,San Francisco,-72.6,752.73,26.07,16.4,3.69,5G NSA,iPhone 14,T-Mobile,n78,68,23.6,49,4,135.53,3,True,Medium,68.3,False,20,5,6,2024-06-29,6,1,4,4,2,4,1,0
2024-06-29 20:59:51.218829,Chennai,-74.5,278.32,94.09,18.7,2.14,5G SA,Pixel 7,Vi,n78,82,27.7,29,1,478.72,4,True,Low,29.2,False,20,5,6,2024-06-29,1,2,6,4,1,3,1,0
2024-06-29 21:09:51.218827,Berlin,-93.3,239.86,23.66,4.3,1.18,4G,GT 7,Verizon,n41,76,37.9,21,2,365.52,4,False,Low,51.3,True,21,5,6,2024-06-29,0,0,5,3,1,0,0,1
2024-06-29 21:19:51.218824,Delhi,-64.8,870.27,68.34,3.1,2.93,5G NSA,Pixel 7,Vi,n258,70,28.5,8,2,274.07,2,False,High,55.3,False,21,5,6,2024-06-29,2,1,6,0,0,3,0,0
2024-06-29 21:29:51.218822,San Francisco,-103.5,566.68,77.1,16.6,2.65,4G,GT 7,AT&T,n78,44,22.4,29,3,188.55,2,True,High,63.9,False,21,5,6,2024-06-29,6,0,0,4,0,0,1,0
2024-06-29 21:39:51.218819,Berlin,-80.5,845.83,126.35,6.5,2.12,5G NSA,Pixel 7,T-Mobile,n260,99,40.8,45,2,123.9,2,False,High,35.6,True,21,5,6,2024-06-29,0,1,4,1,0,3,0,1
2024-06-29 21:49:51.218816,Kolkata,-102.9,756.65,106.0,15.5,1.73,4G,Nord 4,BSNL,n258,92,35.7,35,2,291.7,3,True,High,60.0,True,21,5,6,2024-06-29,3,0,2,0,0,2,1,1
2024-06-29 21:59:51.218814,Chennai,-95.7,412.83,135.86,4.0,0.47,5G SA,Nord 4,Airtel,n258,39,29.5,34,3,114.67,4,False,High,87.9,True,21,5,6,2024-06-29,1,2,1,0,0,2,0,1
2024-06-29 22:09:51.218811,Chennai,-84.3,879.74,89.51,9.8,2.63,5G NSA,Galaxy S23,BSNL,n78,43,27.4,40,0,115.93,5,True,High,17.3,True,22,5,6,2024-06-29,1,1,2,4,0,1,1,1
2024-06-29 22:19:51.218809,Berlin,-105.9,278.44,77.21,10.6,0.47,4G,Pixel 7,T-Mobile,n41,39,24.7,56,4,279.44,1,False,Low,58.1,False,22,5,6,2024-06-29,0,0,4,3,1,3,0,0
2024-06-29 22:29:51.218806,New York,-88.9,792.6,141.41,15.4,2.19,5G NSA,Galaxy S23,AT&T,n260,39,20.5,30,0,215.01,1,False,Low,95.0,True,22,5,6,2024-06-29,5,1,0,1,1,1,0,1
2024-06-29 22:39:51.218803,Berlin,-98.4,549.89,35.71,13.1,0.9,5G SA,Galaxy S23,Verizon,n260,23,26.4,23,1,112.5,2,False,High,98.2,True,22,5,6,2024-06-29,0,2,5,1,0,1,0,1
2024-06-29 22:49:51.218801,New York,-78.2,281.29,81.9,2.8,3.86,5G NSA,Galaxy S23,AT&T,n78,49,43.3,9,3,74.19,3,False,Medium,99.7,True,22,5,6,2024-06-29,5,1,0,4,2,1,0,1
2024-06-29 22:59:51.218798,Delhi,-107.1,444.9,110.38,11.6,1.33,5G SA,Galaxy S23,Vi,n258,29,21.5,9,1,300.98,4,False,Low,44.4,True,22,5,6,2024-06-29,2,2,6,0,1,1,0,1
2024-06-29 23:09:51.218796,Chennai,-107.0,291.39,23.62,1.4,3.0,5G SA,iPhone 14,Vi,n28,44,20.2,58,2,444.39,3,False,High,71.8,True,23,5,6,2024-06-29,1,2,6,2,0,4,0,1
2024-06-29 23:19:51.218793,Delhi,-100.8,232.44,137.49,6.2,0.15,4G,Pixel 7,BSNL,n28,35,24.8,54,0,459.51,5,True,High,63.8,True,23,5,6,2024-06-29,2,0,2,2,0,3,1,1
2024-06-29 23:29:51.218790,Tokyo,-100.5,533.85,90.87,8.2,3.46,4G,Galaxy S23,Verizon,n41,28,26.6,7,0,79.09,2,False,Medium,24.1,True,23,5,6,2024-06-29,7,0,5,3,2,1,0,1
2024-06-29 23:39:51.218788,Tokyo,-92.1,605.39,95.19,6.0,2.69,5G SA,iPhone 14,Verizon,n78,78,25.9,32,4,317.64,1,False,Medium,18.9,True,23,5,6,2024-06-29,7,2,5,4,2,4,0,1
2024-06-29 23:49:51.218785,Kolkata,-64.6,877.5,98.93,19.8,1.66,4G,GT 7,Airtel,n78,41,24.9,56,3,122.98,1,False,Low,57.9,False,23,5,6,2024-06-29,3,0,1,4,1,0,0,0
2024-06-29 23:59:51.218783,New York,-86.7,570.35,104.96,17.5,4.56,5G NSA,Galaxy S23,AT&T,n260,50,41.3,26,2,364.31,1,True,High,55.8,True,23,5,6,2024-06-29,5,1,0,1,0,1,1,1
2024-06-30 00:09:51.218780,Berlin,-77.4,481.36,55.97,15.8,0.11,5G NSA,Nord 4,Verizon,n78,89,44.6,29,3,441.87,5,False,Low,44.4,False,0,6,6,2024-06-30,0,1,5,4,1,2,0,0
2024-06-30 00:19:51.218777,Kolkata,-104.8,834.01,148.2,6.5,3.6,5G NSA,GT 7,Jio,n78,21,36.2,4,1,53.15,3,False,High,67.0,False,0,6,6,2024-06-30,3,1,3,4,0,0,0,0
2024-06-30 00:29:51.218775,Mumbai,-95.9,503.22,40.45,12.8,3.22,4G,GT 7,Airtel,n28,66,39.9,41,4,413.08,1,True,High,74.6,False,0,6,6,2024-06-30,4,0,1,2,0,0,1,0
2024-06-30 00:39:51.218772,San Francisco,-92.6,247.97,107.86,3.4,3.2,5G SA,GT 7,Verizon,n78,92,22.5,47,3,147.42,2,True,Low,65.0,True,0,6,6,2024-06-30,6,2,5,4,1,0,1,1
2024-06-30 00:49:51.218770,Chennai,-63.9,981.11,65.09,19.6,2.75,5G NSA,iPhone 14,Vi,n258,65,30.0,45,1,432.99,4,False,Medium,67.3,False,0,6,6,2024-06-30,1,1,6,0,2,4,0,0
2024-06-30 00:59:51.218767,Kolkata,-92.8,684.52,23.24,15.3,3.74,5G SA,GT 7,Vi,n258,52,42.9,46,4,106.69,3,True,Low,93.8,False,0,6,6,2024-06-30,3,2,6,0,1,0,1,0
2024-06-30 01:09:51.218764,New York,-64.4,379.07,88.2,6.2,2.94,4G,Nord 4,Verizon,n78,30,26.4,9,2,77.3,2,False,High,39.6,False,1,6,6,2024-06-30,5,0,5,4,0,2,0,0
2024-06-30 01:19:51.218762,San Francisco,-77.8,240.21,140.24,4.3,3.52,5G NSA,Nord 4,T-Mobile,n78,53,27.9,2,0,324.17,1,True,Low,86.9,False,1,6,6,2024-06-30,6,1,4,4,1,2,1,0
2024-06-30 01:29:51.218757,Tokyo,-89.1,846.75,103.9,11.9,0.34,4G,Nord 4,T-Mobile,n41,86,26.2,10,3,249.62,4,False,Medium,40.9,False,1,6,6,2024-06-30,7,0,4,3,2,2,0,0
2024-06-30 01:39:51.218754,New York,-86.2,644.12,85.46,3.4,2.23,5G NSA,iPhone 14,Verizon,n78,10,31.8,26,2,358.98,2,False,Medium,72.9,False,1,6,6,2024-06-30,5,1,5,4,2,4,0,0
2024-06-30 01:49:51.218751,Kolkata,-78.3,930.73,26.67,2.8,3.9,5G NSA,Nord 4,Vi,n78,15,29.9,11,0,98.17,2,False,Medium,33.7,True,1,6,6,2024-06-30,3,1,6,4,2,2,0,1
2024-06-30 01:59:51.218749,Berlin,-101.7,149.51,106.72,19.0,2.3,5G SA,GT 7,AT&T,n260,80,26.8,35,2,67.29,4,True,Medium,45.5,True,1,6,6,2024-06-30,0,2,0,1,2,0,1,1
2024-06-30 02:09:51.218746,New York,-69.6,867.31,148.9,15.8,1.36,4G,iPhone 14,Verizon,n260,57,36.7,34,0,152.33,5,False,High,97.8,False,2,6,6,2024-06-30,5,0,5,1,0,4,0,0
2024-06-30 02:19:51.218744,Mumbai,-109.4,133.79,143.06,15.5,2.33,5G SA,GT 7,Vi,n78,32,34.1,57,0,469.92,5,False,Low,11.3,False,2,6,6,2024-06-30,4,2,6,4,1,0,0,0
2024-06-30 02:29:51.218741,Kolkata,-60.4,461.69,128.01,1.7,0.91,5G SA,GT 7,BSNL,n28,96,23.6,31,0,122.34,4,True,Medium,17.2,True,2,6,6,2024-06-30,3,2,2,2,2,0,1,1
2024-06-30 02:39:51.218739,Tokyo,-88.1,565.52,25.41,1.7,3.08,4G,Pixel 7,Verizon,n260,36,36.7,29,1,361.01,1,False,Low,16.0,False,2,6,6,2024-06-30,7,0,5,1,1,3,0,0
2024-06-30 02:49:51.218736,Mumbai,-76.8,527.04,104.15,7.1,0.77,5G NSA,iPhone 14,Jio,n28,77,24.4,11,3,361.71,2,False,High,96.8,False,2,6,6,2024-06-30,4,1,3,2,0,4,0,0
2024-06-30 02:59:51.218733,Delhi,-108.3,503.89,73.9,13.3,4.78,4G,Pixel 7,Jio,n258,95,30.6,48,2,379.69,1,True,Low,25.0,False,2,6,6,2024-06-30,2,0,3,0,1,3,1,0
2024-06-30 03:09:51.218731,Mumbai,-67.5,329.25,87.38,7.8,1.6,5G SA,GT 7,Vi,n258,11,27.1,45,2,426.56,4,False,Low,69.1,True,3,6,6,2024-06-30,4,2,6,0,1,0,0,1
2024-06-30 03:19:51.218728,Mumbai,-94.8,339.76,22.71,11.6,4.41,5G SA,iPhone 14,BSNL,n28,33,26.3,54,0,444.82,1,True,High,16.7,True,3,6,6,2024-06-30,4,2,2,2,0,4,1,1
2024-06-30 03:29:51.218726,Delhi,-91.0,894.43,106.23,4.2,3.97,5G NSA,Nord 4,Jio,n28,29,32.7,57,0,359.57,5,True,Medium,75.9,False,3,6,6,2024-06-30,2,1,3,2,2,2,1,0
2024-06-30 03:39:51.218723,Chennai,-91.6,366.46,53.48,18.8,0.95,5G SA,Galaxy S23,Airtel,n258,31,38.0,32,2,278.83,3,False,High,33.3,True,3,6,6,2024-06-30,1,2,1,0,0,1,0,1
2024-06-30 03:49:51.218720,New York,-101.5,450.64,145.83,12.1,0.21,4G,Pixel 7,AT&T,n41,47,37.5,23,4,466.83,1,False,High,31.3,True,3,6,6,2024-06-30,5,0,0,3,0,3,0,1
2024-06-30 03:59:51.218718,New York,-94.5,924.83,23.73,6.4,2.05,4G,Nord 4,T-Mobile,n78,62,25.8,45,1,158.1,1,True,Medium,11.5,True,3,6,6,2024-06-30,5,0,4,4,2,2,1,1
2024-06-30 04:09:51.218715,Mumbai,-83.6,441.28,59.66,6.7,0.61,5G SA,iPhone 14,Jio,n258,58,20.0,24,0,239.96,5,True,Low,46.5,True,4,6,6,2024-06-30,4,2,3,0,1,4,1,1
2024-06-30 04:19:51.218713,New York,-101.2,630.18,47.89,8.9,1.02,5G SA,iPhone 14,T-Mobile,n260,85,40.2,15,4,75.85,5,True,Low,63.3,True,4,6,6,2024-06-30,5,2,4,1,1,4,1,1
2024-06-30 04:29:51.218710,Mumbai,-102.7,229.43,60.38,1.8,0.82,5G NSA,GT 7,Vi,n78,84,38.6,54,0,437.69,3,True,Low,16.2,True,4,6,6,2024-06-30,4,1,6,4,1,0,1,1
2024-06-30 04:39:51.218708,Delhi,-86.2,688.29,23.38,4.1,3.11,4G,Nord 4,Airtel,n258,54,35.6,25,4,26.03,1,True,Low,42.3,False,4,6,6,2024-06-30,2,0,1,0,1,2,1,0
2024-06-30 04:49:51.218705,Mumbai,-66.8,488.24,115.25,14.6,0.86,5G NSA,iPhone 14,BSNL,n78,42,31.0,10,3,353.55,2,True,High,81.2,True,4,6,6,2024-06-30,4,1,2,4,0,4,1,1
2024-06-30 04:59:51.218702,San Francisco,-91.0,881.59,114.82,11.1,4.82,5G SA,Nord 4,Verizon,n41,96,38.8,39,2,413.32,2,False,Low,88.9,False,4,6,6,2024-06-30,6,2,5,3,1,2,0,0
2024-06-30 05:09:51.218700,Berlin,-75.6,248.4,74.08,15.0,0.25,5G SA,iPhone 14,AT&T,n78,60,29.7,19,1,136.63,3,False,High,62.3,False,5,6,6,2024-06-30,0,2,0,4,0,4,0,0
2024-06-30 05:19:51.218697,San Francisco,-99.7,571.87,122.19,11.2,1.07,5G NSA,Galaxy S23,Verizon,n78,25,35.3,35,0,26.65,1,True,Low,76.9,True,5,6,6,2024-06-30,6,1,5,4,1,1,1,1
2024-06-30 05:29:51.218695,Berlin,-92.1,789.92,127.67,16.2,0.63,4G,Galaxy S23,Verizon,n260,30,35.7,23,1,154.81,4,True,High,64.3,True,5,6,6,2024-06-30,0,0,5,1,0,1,1,1
2024-06-30 05:39:51.218692,Delhi,-87.8,425.4,50.84,10.6,2.79,5G SA,Nord 4,BSNL,n78,12,42.9,10,2,146.39,1,False,Medium,67.5,True,5,6,6,2024-06-30,2,2,2,4,2,2,0,1
2024-06-30 05:49:51.218690,Chennai,-79.7,200.1,45.0,15.4,1.1,4G,Nord 4,Vi,n78,50,38.6,34,3,446.99,3,True,Low,25.4,False,5,6,6,2024-06-30,1,0,6,4,1,2,1,0
2024-06-30 05:59:51.218687,San Francisco,-108.0,774.44,58.35,14.7,3.0,5G NSA,Nord 4,AT&T,n260,20,29.5,47,1,416.94,1,True,High,45.6,True,5,6,6,2024-06-30,6,1,0,1,0,2,1,1
2024-06-30 06:09:51.218684,New York,-100.1,929.37,63.68,16.9,0.89,5G NSA,GT 7,T-Mobile,n41,78,41.7,18,1,470.46,3,True,Low,43.8,True,6,6,6,2024-06-30,5,1,4,3,1,0,1,1
2024-06-30 06:19:51.218682,San Francisco,-72.6,532.83,143.44,7.5,0.89,4G,iPhone 14,AT&T,n41,25,25.5,21,4,351.43,3,False,Medium,54.6,False,6,6,6,2024-06-30,6,0,0,3,2,4,0,0
2024-06-30 06:29:51.218679,Delhi,-95.7,265.38,134.03,16.4,2.12,5G SA,Galaxy S23,Jio,n258,27,29.0,34,4,12.08,5,False,High,70.1,False,6,6,6,2024-06-30,2,2,3,0,0,1,0,0
2024-06-30 06:39:51.218676,Chennai,-100.7,530.19,109.49,5.4,4.26,4G,Nord 4,BSNL,n258,83,42.2,56,2,47.64,1,False,Low,29.4,False,6,6,6,2024-06-30,1,0,2,0,1,2,0,0
2024-06-30 06:49:51.218674,Mumbai,-103.8,560.53,87.32,8.8,4.41,5G SA,iPhone 14,Jio,n258,40,21.8,18,0,54.0,5,True,Low,16.2,True,6,6,6,2024-06-30,4,2,3,0,1,4,1,1
2024-06-30 06:59:51.218671,Mumbai,-97.0,640.46,72.42,9.9,1.51,4G,Nord 4,Jio,n78,23,29.7,8,1,415.7,2,True,High,78.3,False,6,6,6,2024-06-30,4,0,3,4,0,2,1,0
2024-06-30 07:09:51.218669,Chennai,-74.7,807.82,139.39,12.6,1.18,5G SA,Pixel 7,BSNL,n28,11,21.7,9,4,267.07,2,True,Low,89.1,True,7,6,6,2024-06-30,1,2,2,2,1,3,1,1
2024-06-30 07:19:51.218666,San Francisco,-104.1,477.29,24.38,15.1,2.55,4G,Nord 4,Verizon,n78,92,33.1,52,2,175.8,2,True,High,82.6,True,7,6,6,2024-06-30,6,0,5,4,0,2,1,1
2024-06-30 07:29:51.218663,New York,-77.6,732.84,74.6,4.4,1.74,5G NSA,Pixel 7,Verizon,n260,77,22.2,38,1,255.09,2,False,High,58.8,False,7,6,6,2024-06-30,5,1,5,1,0,3,0,0
2024-06-30 07:39:51.218661,Mumbai,-79.0,921.36,86.59,16.3,0.35,5G SA,iPhone 14,BSNL,n258,56,23.4,16,2,126.95,5,True,High,48.2,False,7,6,6,2024-06-30,4,2,2,0,0,4,1,0
2024-06-30 07:49:51.218658,San Francisco,-89.0,604.18,141.45,19.0,4.77,5G SA,GT 7,Verizon,n260,16,22.7,57,0,398.14,1,True,Low,34.7,False,7,6,6,2024-06-30,6,2,5,1,1,0,1,0
2024-06-30 07:59:51.218656,San Francisco,-88.9,390.34,110.5,19.9,0.81,5G NSA,iPhone 14,Verizon,n260,66,33.2,17,3,175.77,1,True,High,30.2,True,7,6,6,2024-06-30,6,1,5,1,0,4,1,1
2024-06-30 08:09:51.218653,Mumbai,-71.3,466.77,66.78,2.5,2.18,5G SA,Pixel 7,Vi,n258,30,38.9,3,0,170.58,4,True,Medium,44.7,False,8,6,6,2024-06-30,4,2,6,0,2,3,1,0
2024-06-30 08:19:51.218650,Mumbai,-105.6,439.9,102.11,5.1,2.97,5G NSA,Galaxy S23,Vi,n78,53,24.3,30,2,237.62,4,True,High,11.6,True,8,6,6,2024-06-30,4,1,6,4,0,1,1,1
2024-06-30 08:29:51.218648,Tokyo,-104.0,632.23,28.4,9.2,4.88,5G SA,iPhone 14,T-Mobile,n78,40,31.5,50,4,353.93,4,True,Medium,28.6,False,8,6,6,2024-06-30,7,2,4,4,2,4,1,0
2024-06-30 08:39:51.218646,New York,-99.5,995.37,87.79,4.4,4.58,5G NSA,iPhone 14,T-Mobile,n260,20,44.9,15,1,145.69,5,False,High,31.2,True,8,6,6,2024-06-30,5,1,4,1,0,4,0,1
2024-06-30 08:49:51.218643,Delhi,-83.9,955.14,104.72,18.2,2.39,5G NSA,GT 7,Jio,n28,11,26.4,51,2,356.7,4,True,High,38.8,False,8,6,6,2024-06-30,2,1,3,2,0,0,1,0
2024-06-30 08:59:51.218641,New York,-103.0,460.85,143.83,4.1,1.88,4G,Pixel 7,T-Mobile,n41,64,35.1,48,3,496.54,3,False,High,54.7,True,8,6,6,2024-06-30,5,0,4,3,0,3,0,1
2024-06-30 09:09:51.218638,Chennai,-90.9,701.26,105.72,2.2,2.02,4G,GT 7,Vi,n78,68,22.7,40,3,253.56,5,True,Low,17.8,False,9,6,6,2024-06-30,1,0,6,4,1,0,1,0
2024-06-30 09:19:51.218636,New York,-70.2,243.97,27.23,6.9,2.23,4G,GT 7,Verizon,n260,44,44.4,5,3,439.18,1,False,Low,67.2,False,9,6,6,2024-06-30,5,0,5,1,1,0,0,0
2024-06-30 09:29:51.218633,Chennai,-71.7,599.56,58.77,19.4,1.01,5G SA,Pixel 7,BSNL,n78,41,42.7,29,4,139.81,1,True,High,62.8,False,9,6,6,2024-06-30,1,2,2,4,0,3,1,0
2024-06-30 09:39:51.218630,Delhi,-74.8,724.65,33.02,18.7,4.97,5G SA,Nord 4,BSNL,n28,59,21.5,54,1,24.38,4,True,High,11.4,True,9,6,6,2024-06-30,2,2,2,2,0,2,1,1
2024-06-30 09:49:51.218628,Berlin,-62.7,610.32,138.24,4.0,0.23,5G SA,GT 7,Verizon,n41,79,33.3,20,2,85.79,1,True,High,80.6,True,9,6,6,2024-06-30,0,2,5,3,0,0,1,1
2024-06-30 09:59:51.218623,Mumbai,-78.0,858.11,100.48,3.7,2.95,4G,Galaxy S23,BSNL,n28,18,42.2,10,2,187.75,4,False,High,76.5,True,9,6,6,2024-06-30,4,0,2,2,0,1,0,1
2024-06-30 10:09:51.218620,Tokyo,-98.0,828.98,41.85,9.5,2.35,5G NSA,Nord 4,Verizon,n78,96,21.4,31,2,376.14,4,True,High,89.2,False,10,6,6,2024-06-30,7,1,5,4,0,2,1,0
2024-06-30 10:19:51.218617,Berlin,-105.7,300.46,124.66,16.4,2.74,4G,Galaxy S23,Verizon,n260,73,31.9,38,3,53.38,4,False,Medium,69.8,False,10,6,6,2024-06-30,0,0,5,1,2,1,0,0
2024-06-30 10:29:51.218615,Tokyo,-79.2,457.58,118.7,17.5,0.66,5G NSA,Nord 4,Verizon,n260,34,25.5,1,4,30.58,1,True,Low,81.3,False,10,6,6,2024-06-30,7,1,5,1,1,2,1,0
2024-06-30 10:39:51.218612,New York,-94.4,936.33,142.08,14.5,3.57,5G NSA,GT 7,Verizon,n41,44,29.2,26,2,50.12,2,True,High,25.2,False,10,6,6,2024-06-30,5,1,5,3,0,0,1,0
2024-06-30 10:49:51.218610,Berlin,-96.8,916.51,135.73,10.4,1.08,5G SA,Pixel 7,AT&T,n78,34,33.7,16,4,425.45,5,False,Low,89.7,True,10,6,6,2024-06-30,0,2,0,4,1,3,0,1
2024-06-30 10:59:51.218607,Chennai,-94.8,867.97,45.94,12.4,0.81,5G SA,iPhone 14,Vi,n28,33,30.9,47,2,495.02,4,False,High,28.4,False,10,6,6,2024-06-30,1,2,6,2,0,4,0,0
2024-06-30 11:09:51.218604,New York,-108.8,944.49,101.69,7.7,2.54,5G NSA,iPhone 14,AT&T,n41,89,23.2,31,3,77.63,1,True,Medium,31.3,True,11,6,6,2024-06-30,5,1,0,3,2,4,1,1
2024-06-30 11:19:51.218602,Delhi,-91.4,832.06,126.4,13.8,2.07,5G SA,GT 7,BSNL,n28,42,23.3,37,1,381.56,1,False,High,19.1,False,11,6,6,2024-06-30,2,2,2,2,0,0,0,0
2024-06-30 11:29:51.218599,New York,-77.7,994.83,99.82,12.3,4.27,5G NSA,Nord 4,T-Mobile,n260,92,23.2,37,0,91.14,4,False,Medium,89.9,True,11,6,6,2024-06-30,5,1,4,1,2,2,0,1
2024-06-30 11:39:51.218597,Mumbai,-75.8,449.56,25.19,19.2,2.63,5G NSA,Nord 4,Vi,n78,14,24.7,35,3,329.41,2,False,Low,81.4,True,11,6,6,2024-06-30,4,1,6,4,1,2,0,1
2024-06-30 11:49:51.218594,New York,-94.9,521.3,67.7,9.2,1.38,5G NSA,GT 7,T-Mobile,n260,91,44.0,6,0,235.5,5,False,Medium,33.9,False,11,6,6,2024-06-30,5,1,4,1,2,0,0,0
2024-06-30 11:59:51.218591,Kolkata,-107.1,442.62,36.17,13.7,0.98,5G NSA,iPhone 14,BSNL,n78,36,40.7,57,0,213.75,5,True,High,35.9,True,11,6,6,2024-06-30,3,1,2,4,0,4,1,1
2024-06-30 12:09:51.218589,Chennai,-64.1,112.26,55.83,19.1,0.44,5G NSA,Galaxy S23,Vi,n258,52,44.4,51,0,233.61,3,False,High,51.0,True,12,6,6,2024-06-30,1,1,6,0,0,1,0,1
2024-06-30 12:19:51.218586,New York,-106.2,352.55,85.57,4.3,4.26,5G NSA,Galaxy S23,Verizon,n260,78,41.7,15,0,262.1,3,True,Low,34.6,False,12,6,6,2024-06-30,5,1,5,1,1,1,1,0
2024-06-30 12:29:51.218584,Delhi,-78.0,732.24,74.79,14.8,2.34,5G SA,Pixel 7,Jio,n78,10,29.0,5,4,417.73,2,False,High,60.7,False,12,6,6,2024-06-30,2,2,3,4,0,3,0,0
2024-06-30 12:39:51.218581,New York,-72.0,334.75,131.4,11.0,3.22,5G NSA,Nord 4,T-Mobile,n41,83,35.7,39,1,300.22,3,False,Low,51.2,False,12,6,6,2024-06-30,5,1,4,3,1,2,0,0
2024-06-30 12:49:51.218579,Mumbai,-62.3,969.1,90.54,9.0,3.66,5G SA,Nord 4,Jio,n258,92,27.6,48,0,349.42,1,False,High,24.6,True,12,6,6,2024-06-30,4,2,3,0,0,2,0,1
2024-06-30 12:59:51.218576,Kolkata,-100.5,195.35,47.47,8.6,0.13,4G,GT 7,Jio,n258,30,23.7,22,3,81.1,1,False,Medium,37.3,True,12,6,6,2024-06-30,3,0,3,0,2,0,0,1
2024-06-30 13:09:51.218573,Kolkata,-103.8,290.44,84.91,15.7,1.86,5G SA,Pixel 7,Airtel,n258,69,29.1,34,0,100.71,2,False,Low,14.5,True,13,6,6,2024-06-30,3,2,1,0,1,3,0,1
2024-06-30 13:19:51.218571,Delhi,-104.8,578.03,48.08,14.7,3.66,5G NSA,iPhone 14,Airtel,n78,83,25.6,27,4,173.57,2,True,High,60.1,False,13,6,6,2024-06-30,2,1,1,4,0,4,1,0
2024-06-30 13:29:51.218568,New York,-103.6,916.26,119.81,3.6,4.94,5G SA,GT 7,T-Mobile,n41,69,35.3,4,4,35.05,5,False,Medium,37.9,True,13,6,6,2024-06-30,5,2,4,3,2,0,0,1
2024-06-30 13:39:51.218566,Berlin,-102.6,242.97,118.89,13.1,3.01,5G NSA,Nord 4,T-Mobile,n260,79,36.6,54,1,272.02,1,True,Medium,22.1,True,13,6,6,2024-06-30,0,1,4,1,2,2,1,1
2024-06-30 13:49:51.218563,New York,-83.6,444.09,84.41,11.6,0.32,5G SA,Galaxy S23,Verizon,n41,63,31.3,16,3,16.92,2,False,Medium,81.0,False,13,6,6,2024-06-30,5,2,5,3,2,1,0,0
2024-06-30 13:59:51.218560,San Francisco,-88.0,813.71,56.54,8.1,1.73,5G NSA,Pixel 7,T-Mobile,n260,24,34.6,17,4,355.79,4,False,Medium,95.3,True,13,6,6,2024-06-30,6,1,4,1,2,3,0,1
2024-06-30 14:09:51.218558,Berlin,-67.6,775.93,123.01,12.6,4.14,5G NSA,GT 7,AT&T,n41,25,44.8,14,3,408.59,2,False,High,59.0,False,14,6,6,2024-06-30,0,1,0,3,0,0,0,0
2024-06-30 14:19:51.218555,Delhi,-77.5,435.23,44.06,5.5,3.44,4G,Pixel 7,BSNL,n28,79,43.7,42,4,159.53,3,False,Medium,58.4,False,14,6,6,2024-06-30,2,0,2,2,2,3,0,0
2024-06-30 14:29:51.218553,Berlin,-84.3,776.78,101.2,10.5,0.97,5G NSA,Nord 4,AT&T,n260,73,21.1,41,3,132.28,1,False,High,39.1,False,14,6,6,2024-06-30,0,1,0,1,0,2,0,0
2024-06-30 14:39:51.218550,Berlin,-91.6,745.44,144.76,16.4,2.19,4G,GT 7,AT&T,n78,83,23.2,55,0,292.17,1,True,Low,95.6,False,14,6,6,2024-06-30,0,0,0,4,1,0,1,0
2024-06-30 14:49:51.218547,Tokyo,-75.0,853.16,21.53,7.7,3.73,4G,Nord 4,AT&T,n41,18,32.6,39,1,415.09,5,False,Medium,54.6,True,14,6,6,2024-06-30,7,0,0,3,2,2,0,1
2024-06-30 14:59:51.218545,Berlin,-89.9,247.58,22.81,13.6,2.84,4G,iPhone 14,Verizon,n41,60,37.3,45,0,41.52,4,False,High,66.8,True,14,6,6,2024-06-30,0,0,5,3,0,4,0,1
2024-06-30 15:09:51.218542,Tokyo,-91.7,718.21,106.17,17.8,0.47,5G NSA,GT 7,AT&T,n41,77,33.2,1,2,178.5,5,False,Medium,58.9,True,15,6,6,2024-06-30,7,1,0,3,2,0,0,1
2024-06-30 15:19:51.218540,Kolkata,-105.8,559.46,140.08,7.3,2.3,5G NSA,Galaxy S23,Vi,n28,80,43.5,12,3,79.95,5,False,Medium,66.7,True,15,6,6,2024-06-30,3,1,6,2,2,1,0,1
2024-06-30 15:29:51.218537,Chennai,-100.6,211.16,36.53,3.4,2.3,4G,iPhone 14,BSNL,n258,32,37.3,28,3,355.34,1,True,Medium,19.2,True,15,6,6,2024-06-30,1,0,2,0,2,4,1,1
2024-06-30 15:39:51.218532,Delhi,-76.7,917.49,100.79,11.2,3.93,5G SA,GT 7,Jio,n78,47,21.7,41,3,12.06,3,False,High,36.3,True,15,6,6,2024-06-30,2,2,3,4,0,0,0,1
2024-06-30 15:49:51.218529,San Francisco,-79.6,398.54,147.31,20.0,1.09,5G SA,Nord 4,Verizon,n78,54,32.6,21,0,405.92,3,False,Low,99.5,False,15,6,6,2024-06-30,6,2,5,4,1,2,0,0
2024-06-30 15:59:51.218526,Berlin,-98.7,542.56,73.34,8.6,0.27,4G,Pixel 7,Verizon,n78,50,42.1,50,1,178.09,4,False,Low,97.3,False,15,6,6,2024-06-30,0,0,5,4,1,3,0,0
2024-06-30 16:09:51.218524,San Francisco,-90.7,247.46,131.72,3.7,3.59,4G,Pixel 7,AT&T,n260,43,21.5,36,4,275.73,4,True,High,66.8,True,16,6,6,2024-06-30,6,0,0,1,0,3,1,1
2024-06-30 16:19:51.218521,Kolkata,-82.3,143.9,73.76,11.6,4.31,5G NSA,GT 7,Airtel,n258,49,26.3,39,4,21.18,5,False,Medium,66.0,False,16,6,6,2024-06-30,3,1,1,0,2,0,0,0
2024-06-30 16:29:51.218519,Chennai,-97.6,497.37,126.91,13.8,0.85,4G,Pixel 7,Jio,n78,73,22.0,20,1,351.05,1,True,Medium,28.8,False,16,6,6,2024-06-30,1,0,3,4,2,3,1,0
2024-06-30 16:39:51.218516,Tokyo,-103.2,217.96,68.18,8.1,3.96,5G SA,iPhone 14,T-Mobile,n41,95,20.7,52,0,480.83,1,False,Low,73.9,True,16,6,6,2024-06-30,7,2,4,3,1,4,0,1
2024-06-30 16:49:51.218513,New York,-82.9,802.35,43.2,11.7,3.63,5G NSA,iPhone 14,Verizon,n41,70,25.9,22,1,295.13,3,True,Medium,11.6,True,16,6,6,2024-06-30,5,1,5,3,2,4,1,1
2024-06-30 16:59:51.218511,San Francisco,-100.7,736.45,70.25,15.8,0.55,5G NSA,iPhone 14,T-Mobile,n41,41,44.5,25,2,462.82,1,False,Medium,52.7,False,16,6,6,2024-06-30,6,1,4,3,2,4,0,0
2024-06-30 17:09:51.218508,Chennai,-100.2,558.94,138.13,4.3,2.25,5G SA,GT 7,BSNL,n78,46,40.3,32,2,32.61,2,False,Medium,51.9,False,17,6,6,2024-06-30,1,2,2,4,2,0,0,0
2024-06-30 17:19:51.218506,New York,-65.6,939.12,35.87,14.4,4.43,4G,Pixel 7,AT&T,n78,57,33.5,6,3,158.83,3,True,Medium,66.2,True,17,6,6,2024-06-30,5,0,0,4,2,3,1,1
2024-06-30 17:29:51.218503,Kolkata,-78.1,253.74,133.05,1.8,1.02,4G,iPhone 14,BSNL,n258,47,25.9,12,4,284.78,2,True,High,22.4,True,17,6,6,2024-06-30,3,0,2,0,0,4,1,1
2024-06-30 17:39:51.218500,Berlin,-85.2,909.24,141.49,17.5,4.15,5G NSA,Galaxy S23,Verizon,n260,78,25.8,29,0,364.75,2,True,High,69.8,True,17,6,6,2024-06-30,0,1,5,1,0,1,1,1
2024-06-30 17:49:51.218498,Chennai,-71.0,267.5,70.24,2.1,0.77,4G,Galaxy S23,Jio,n78,20,37.0,58,4,330.08,3,False,Low,83.5,False,17,6,6,2024-06-30,1,0,3,4,1,1,0,0
2024-06-30 17:59:51.218495,Delhi,-101.7,861.77,27.4,2.5,4.89,4G,Nord 4,Vi,n78,95,20.6,31,1,101.2,1,False,Low,14.0,False,17,6,6,2024-06-30,2,0,6,4,1,2,0,0
2024-06-30 18:09:51.218493,Mumbai,-82.1,974.81,79.16,3.2,4.41,4G,Galaxy S23,Airtel,n258,55,43.3,24,4,312.67,3,True,Low,12.3,True,18,6,6,2024-06-30,4,0,1,0,1,1,1,1
2024-06-30 18:19:51.218490,Chennai,-94.1,794.91,73.3,8.9,3.28,5G SA,iPhone 14,Jio,n28,88,32.7,25,4,82.98,3,True,Low,99.2,True,18,6,6,2024-06-30,1,2,3,2,1,4,1,1
2024-06-30 18:29:51.218487,San Francisco,-108.2,554.73,22.01,2.6,2.4,5G NSA,GT 7,Verizon,n260,11,31.1,26,1,192.76,3,False,Medium,29.7,False,18,6,6,2024-06-30,6,1,5,1,2,0,0,0
2024-06-30 18:39:51.218485,New York,-95.2,293.15,146.52,2.1,1.72,5G NSA,iPhone 14,T-Mobile,n41,35,21.8,16,4,262.42,4,False,Medium,80.3,True,18,6,6,2024-06-30,5,1,4,3,2,4,0,1
2024-06-30 18:49:51.218482,Tokyo,-95.5,989.42,140.14,12.8,2.56,5G NSA,Nord 4,T-Mobile,n260,39,42.8,28,1,349.62,1,True,Medium,85.3,True,18,6,6,2024-06-30,7,1,4,1,2,2,1,1
2024-06-30 18:59:51.218480,Mumbai,-90.0,311.49,111.18,18.0,2.78,5G SA,Pixel 7,Vi,n258,56,42.9,4,2,347.29,5,False,Medium,75.7,False,18,6,6,2024-06-30,4,2,6,0,2,3,0,0
2024-06-30 19:09:51.218477,San Francisco,-82.1,429.01,33.04,3.1,4.81,5G NSA,GT 7,T-Mobile,n260,34,37.0,21,1,345.12,5,True,Medium,41.1,False,19,6,6,2024-06-30,6,1,4,1,2,0,1,0
2024-06-30 19:19:51.218474,San Francisco,-82.1,608.11,143.71,12.2,0.93,4G,iPhone 14,AT&T,n260,86,41.5,30,1,119.51,1,False,Low,72.3,False,19,6,6,2024-06-30,6,0,0,1,1,4,0,0
2024-06-30 19:29:51.218472,Mumbai,-109.2,402.66,85.18,10.2,4.4,5G NSA,iPhone 14,BSNL,n258,95,42.8,57,3,60.78,2,True,Medium,24.5,True,19,6,6,2024-06-30,4,1,2,0,2,4,1,1
2024-06-30 19:39:51.218468,Berlin,-105.7,460.87,71.29,8.5,4.75,5G SA,GT 7,Verizon,n78,88,25.2,30,2,423.72,2,True,High,73.2,False,19,6,6,2024-06-30,0,2,5,4,0,0,1,0
2024-06-30 19:49:51.218467,Berlin,-68.0,592.1,50.06,12.9,3.02,5G NSA,Galaxy S23,AT&T,n260,79,29.5,20,4,200.96,3,False,Low,32.1,False,19,6,6,2024-06-30,0,1,0,1,1,1,0,0
2024-06-30 19:59:51.218464,Mumbai,-68.0,608.94,136.79,12.9,0.31,5G NSA,Nord 4,Jio,n28,36,28.8,34,2,83.0,1,True,Medium,72.3,True,19,6,6,2024-06-30,4,1,3,2,2,2,1,1
2024-06-30 20:09:51.218462,Kolkata,-70.2,375.92,84.44,1.4,2.27,5G NSA,iPhone 14,Vi,n258,45,24.5,36,3,277.36,3,True,Medium,86.5,False,20,6,6,2024-06-30,3,1,6,0,2,4,1,0
2024-06-30 20:19:51.218460,Delhi,-90.0,601.15,141.33,19.4,2.1,5G NSA,Pixel 7,Vi,n258,67,25.3,57,1,84.21,3,False,Medium,15.4,False,20,6,6,2024-06-30,2,1,6,0,2,3,0,0
2024-06-30 20:29:51.218457,Kolkata,-66.9,896.72,34.61,10.5,2.0,5G SA,Pixel 7,BSNL,n78,56,33.7,54,2,279.28,2,True,Low,95.9,False,20,6,6,2024-06-30,3,2,2,4,1,3,1,0
2024-06-30 20:39:51.218455,Tokyo,-65.0,313.53,109.76,6.1,1.44,5G SA,GT 7,Verizon,n41,86,21.7,31,0,246.97,1,False,High,16.5,True,20,6,6,2024-06-30,7,2,5,3,0,0,0,1
2024-06-30 20:49:51.218452,New York,-104.2,195.32,47.97,16.2,1.86,5G NSA,Pixel 7,T-Mobile,n78,62,44.1,20,4,274.93,2,False,Medium,59.6,False,20,6,6,2024-06-30,5,1,4,4,2,3,0,0
2024-06-30 20:59:51.218449,Delhi,-100.4,277.56,25.53,12.2,0.14,4G,iPhone 14,BSNL,n258,87,36.2,53,2,78.98,3,True,Medium,81.4,True,20,6,6,2024-06-30,2,0,2,0,2,4,1,1
2024-06-30 21:09:51.218447,Delhi,-97.5,989.3,75.73,16.5,4.78,5G NSA,GT 7,Jio,n78,54,27.2,18,1,92.08,4,False,Low,23.5,True,21,6,6,2024-06-30,2,1,3,4,1,0,0,1
2024-06-30 21:19:51.218444,Chennai,-101.8,153.97,107.85,7.4,2.16,4G,GT 7,Vi,n28,62,38.1,52,0,244.16,4,False,High,39.1,True,21,6,6,2024-06-30,1,0,6,2,0,0,0,1
2024-06-30 21:29:51.218442,Kolkata,-92.0,612.65,131.33,15.1,4.33,5G SA,GT 7,BSNL,n258,66,40.5,33,1,54.35,2,True,Medium,33.9,False,21,6,6,2024-06-30,3,2,2,0,2,0,1,0
2024-06-30 21:39:51.218439,Chennai,-95.0,778.33,65.41,18.5,2.89,4G,Nord 4,Vi,n258,27,38.9,40,3,261.52,1,True,Medium,56.9,False,21,6,6,2024-06-30,1,0,6,0,2,2,1,0
2024-06-30 21:49:51.218436,Chennai,-74.0,466.56,41.23,10.3,1.05,4G,iPhone 14,Vi,n78,19,30.7,48,0,460.96,2,True,High,30.4,True,21,6,6,2024-06-30,1,0,6,4,0,4,1,1
2024-06-30 21:59:51.218434,Mumbai,-82.6,251.47,60.21,6.1,0.43,4G,iPhone 14,BSNL,n28,37,42.9,12,2,477.09,4,True,Low,49.0,False,21,6,6,2024-06-30,4,0,2,2,1,4,1,0
2024-06-30 22:09:51.218431,Tokyo,-88.7,537.12,148.99,15.4,4.9,5G NSA,Nord 4,AT&T,n41,43,32.5,23,1,219.29,4,False,High,26.7,False,22,6,6,2024-06-30,7,1,0,3,0,2,0,0
2024-06-30 22:19:51.218429,Mumbai,-73.7,881.47,101.61,2.0,4.99,5G SA,iPhone 14,Jio,n78,45,26.4,29,1,311.62,2,True,Medium,28.2,False,22,6,6,2024-06-30,4,2,3,4,2,4,1,0
2024-06-30 22:29:51.218426,New York,-95.7,945.56,120.37,18.3,0.13,5G NSA,Pixel 7,T-Mobile,n41,88,25.1,48,1,94.24,1,True,High,78.8,False,22,6,6,2024-06-30,5,1,4,3,0,3,1,0
2024-06-30 22:39:51.218423,Kolkata,-103.5,916.03,104.41,16.5,4.21,5G SA,iPhone 14,Airtel,n28,57,38.4,9,1,253.63,1,False,High,55.3,True,22,6,6,2024-06-30,3,2,1,2,0,4,0,1
2024-06-30 22:49:51.218421,Tokyo,-96.1,292.38,68.15,7.2,4.63,4G,Galaxy S23,Verizon,n41,72,34.5,10,3,35.39,1,False,Medium,58.1,False,22,6,6,2024-06-30,7,0,5,3,2,1,0,0
2024-06-30 22:59:51.218418,Berlin,-87.7,752.14,59.87,3.7,0.69,5G SA,Nord 4,Verizon,n260,96,35.1,11,4,349.74,5,True,Medium,24.0,True,22,6,6,2024-06-30,0,2,5,1,2,2,1,1
2024-06-30 23:09:51.218416,Delhi,-96.3,432.82,95.64,11.0,1.51,5G SA,iPhone 14,BSNL,n78,44,26.0,48,0,320.59,3,True,Low,57.5,False,23,6,6,2024-06-30,2,2,2,4,1,4,1,0
2024-06-30 23:19:51.218413,Tokyo,-64.2,756.22,85.43,5.8,3.32,5G NSA,Galaxy S23,AT&T,n78,28,39.2,43,1,190.68,1,False,Low,98.9,True,23,6,6,2024-06-30,7,1,0,4,1,1,0,1
2024-06-30 23:29:51.218410,Kolkata,-66.8,534.88,108.54,17.2,2.47,5G NSA,GT 7,BSNL,n28,73,38.9,22,4,42.63,3,True,Low,37.6,True,23,6,6,2024-06-30,3,1,2,2,1,0,1,1
2024-06-30 23:39:51.218408,New York,-72.0,574.94,102.36,12.7,0.77,5G NSA,iPhone 14,AT&T,n260,44,40.6,27,0,423.17,2,False,High,90.5,True,23,6,6,2024-06-30,5,1,0,1,0,4,0,1
2024-06-30 23:49:51.218405,San Francisco,-71.7,426.66,86.46,1.2,1.18,5G SA,Pixel 7,AT&T,n78,41,33.1,35,4,158.19,1,True,Medium,13.6,False,23,6,6,2024-06-30,6,2,0,4,2,3,1,0
2024-06-30 23:59:51.218402,Tokyo,-76.3,101.16,59.23,11.1,1.51,4G,Pixel 7,AT&T,n41,60,26.2,46,0,390.6,2,False,Low,51.7,True,23,6,6,2024-06-30,7,0,0,3,1,3,0,1
2024-07-01 00:09:51.218400,Berlin,-93.0,307.2,147.01,18.8,4.86,5G SA,GT 7,T-Mobile,n41,49,29.6,29,4,476.2,4,False,High,96.8,False,0,0,7,2024-07-01,0,2,4,3,0,0,0,0
2024-07-01 00:19:51.218397,Berlin,-80.7,589.03,144.04,2.6,1.65,5G NSA,GT 7,T-Mobile,n260,77,22.3,34,4,160.76,3,False,Medium,23.2,True,0,0,7,2024-07-01,0,1,4,1,2,0,0,1
2024-07-01 00:29:51.218395,New York,-76.1,802.63,145.75,19.1,2.18,4G,Nord 4,Verizon,n260,22,44.0,7,4,28.06,1,False,High,53.9,False,0,0,7,2024-07-01,5,0,5,1,0,2,0,0
2024-07-01 00:39:51.218392,San Francisco,-61.3,932.25,102.74,10.5,2.87,4G,iPhone 14,Verizon,n78,84,38.0,49,1,144.04,5,True,Low,18.2,True,0,0,7,2024-07-01,6,0,5,4,1,4,1,1
2024-07-01 00:49:51.218390,New York,-68.6,849.65,109.14,8.4,0.64,5G NSA,Nord 4,Verizon,n78,36,26.6,27,1,339.43,1,False,Low,28.2,True,0,0,7,2024-07-01,5,1,5,4,1,2,0,1
2024-07-01 00:59:51.218387,Berlin,-69.1,852.23,67.36,4.0,3.12,5G NSA,iPhone 14,Verizon,n41,49,39.9,27,1,246.21,4,False,High,61.3,True,0,0,7,2024-07-01,0,1,5,3,0,4,0,1
2024-07-01 01:09:51.218384,San Francisco,-97.6,515.04,37.18,4.9,3.35,5G NSA,Nord 4,Verizon,n260,47,28.8,45,1,283.0,2,True,Medium,92.0,True,1,0,7,2024-07-01,6,1,5,1,2,2,1,1
2024-07-01 01:19:51.218382,Delhi,-80.7,440.59,111.01,18.8,4.61,5G NSA,Galaxy S23,Vi,n28,48,44.8,18,1,30.36,5,True,Low,80.7,True,1,0,7,2024-07-01,2,1,6,2,1,1,1,1
2024-07-01 01:29:51.218379,Delhi,-84.0,204.36,118.83,11.7,3.14,4G,Nord 4,Airtel,n28,51,20.8,56,2,92.23,1,False,High,70.8,False,1,0,7,2024-07-01,2,0,1,2,0,2,0,0
2024-07-01 01:39:51.218377,Mumbai,-82.9,237.04,20.88,4.0,4.63,5G NSA,iPhone 14,Airtel,n28,68,35.2,50,3,303.98,1,False,Medium,80.1,True,1,0,7,2024-07-01,4,1,1,2,2,4,0,1
2024-07-01 01:49:51.218374,Tokyo,-69.0,855.03,68.16,11.6,1.71,5G SA,GT 7,T-Mobile,n260,74,21.3,33,4,192.28,3,True,Low,16.0,False,1,0,7,2024-07-01,7,2,4,1,1,0,1,0
2024-07-01 01:59:51.218371,San Francisco,-79.5,593.85,145.27,6.0,2.62,4G,Nord 4,T-Mobile,n41,57,29.6,39,3,55.23,4,True,Low,39.6,True,1,0,7,2024-07-01,6,0,4,3,1,2,1,1
2024-07-01 02:09:51.218369,Berlin,-77.2,958.07,86.29,17.8,2.17,4G,Nord 4,AT&T,n41,79,40.9,33,3,124.25,2,True,Medium,66.5,False,2,0,7,2024-07-01,0,0,0,3,2,2,1,0
2024-07-01 02:19:51.218366,Kolkata,-102.7,492.29,117.68,19.5,0.23,4G,iPhone 14,Vi,n28,79,30.1,40,1,404.51,2,False,High,78.8,True,2,0,7,2024-07-01,3,0,6,2,0,4,0,1
2024-07-01 02:29:51.218364,Delhi,-99.3,521.35,28.71,16.9,3.51,5G SA,Galaxy S23,Vi,n28,76,44.9,54,0,272.94,4,True,Medium,51.5,False,2,0,7,2024-07-01,2,2,6,2,2,1,1,0
2024-07-01 02:39:51.218361,Delhi,-104.0,578.09,70.87,12.5,3.2,4G,GT 7,BSNL,n28,81,41.7,46,4,11.83,3,True,Low,75.4,True,2,0,7,2024-07-01,2,0,2,2,1,0,1,1
2024-07-01 02:49:51.218359,New York,-79.2,438.88,85.87,18.4,0.7,5G SA,Pixel 7,AT&T,n260,63,40.4,30,3,38.27,5,True,Low,12.9,False,2,0,7,2024-07-01,5,2,0,1,1,3,1,0
2024-07-01 02:59:51.218356,Kolkata,-99.5,781.9,38.52,13.9,0.43,5G SA,iPhone 14,BSNL,n78,65,35.5,15,2,395.69,1,False,Low,55.5,False,2,0,7,2024-07-01,3,2,2,4,1,4,0,0
2024-07-01 03:09:51.218353,Chennai,-91.2,176.89,30.39,8.1,1.34,4G,iPhone 14,Vi,n258,62,30.3,12,2,58.92,2,True,Low,94.9,True,3,0,7,2024-07-01,1,0,6,0,1,4,1,1
2024-07-01 03:19:51.218351,Tokyo,-74.8,913.15,95.64,6.4,3.34,5G SA,iPhone 14,Verizon,n78,99,42.5,43,2,206.75,4,False,High,39.0,False,3,0,7,2024-07-01,7,2,5,4,0,4,0,0
2024-07-01 03:29:51.218348,Kolkata,-96.4,299.72,46.42,2.0,3.22,5G NSA,iPhone 14,Airtel,n28,17,36.8,55,0,324.13,1,False,High,91.0,False,3,0,7,2024-07-01,3,1,1,2,0,4,0,0
2024-07-01 03:39:51.218346,Tokyo,-99.8,350.25,100.77,7.6,2.99,5G SA,iPhone 14,T-Mobile,n41,83,27.6,16,1,132.49,5,False,Medium,75.6,False,3,0,7,2024-07-01,7,2,4,3,2,4,0,0
2024-07-01 03:49:51.218343,Berlin,-96.2,143.16,126.29,5.3,4.46,5G SA,iPhone 14,AT&T,n78,53,45.0,4,0,298.49,5,True,Medium,81.9,True,3,0,7,2024-07-01,0,2,0,4,2,4,1,1
2024-07-01 03:59:51.218340,Chennai,-88.0,817.32,63.8,10.5,2.47,4G,Nord 4,Vi,n258,18,26.7,59,1,133.32,1,True,Low,62.1,False,3,0,7,2024-07-01,1,0,6,0,1,2,1,0
2024-07-01 04:09:51.218338,Tokyo,-77.5,223.79,56.89,9.2,1.34,5G SA,GT 7,Verizon,n78,35,24.9,14,3,292.27,4,True,Medium,76.6,False,4,0,7,2024-07-01,7,2,5,4,2,0,1,0
2024-07-01 04:19:51.218335,Delhi,-64.1,299.87,115.1,10.1,4.35,5G SA,GT 7,Airtel,n28,95,43.8,43,1,110.96,2,True,High,33.1,False,4,0,7,2024-07-01,2,2,1,2,0,0,1,0
2024-07-01 04:29:51.218333,Berlin,-80.0,142.17,141.0,11.8,2.35,5G SA,Nord 4,T-Mobile,n78,92,29.5,2,3,456.97,2,True,High,15.2,False,4,0,7,2024-07-01,0,2,4,4,0,2,1,0
2024-07-01 04:39:51.218330,Chennai,-78.2,449.83,21.05,2.2,3.65,5G NSA,Nord 4,Vi,n78,18,36.4,30,2,242.5,4,False,High,78.6,True,4,0,7,2024-07-01,1,1,6,4,0,2,0,1
2024-07-01 04:49:51.218327,Delhi,-75.1,580.49,61.49,11.9,3.95,5G SA,Nord 4,Jio,n258,30,28.5,36,0,259.69,4,True,Medium,68.4,False,4,0,7,2024-07-01,2,2,3,0,2,2,1,0
2024-07-01 04:59:51.218325,Kolkata,-82.7,237.78,110.8,6.0,1.39,5G SA,iPhone 14,Jio,n78,76,40.4,9,3,372.54,1,False,Medium,27.9,True,4,0,7,2024-07-01,3,2,3,4,2,4,0,1
2024-07-01 05:09:51.218322,Berlin,-93.7,709.55,58.48,2.2,4.62,5G SA,GT 7,AT&T,n78,51,38.2,30,1,374.37,3,True,Medium,54.7,False,5,0,7,2024-07-01,0,2,0,4,2,0,1,0
2024-07-01 05:19:51.218320,San Francisco,-76.6,887.23,57.15,7.6,2.09,4G,Nord 4,Verizon,n78,26,24.1,42,1,306.34,2,True,Low,74.8,False,5,0,7,2024-07-01,6,0,5,4,1,2,1,0
2024-07-01 05:29:51.218317,Delhi,-85.4,350.87,118.18,9.3,3.02,5G SA,iPhone 14,Jio,n78,87,32.9,52,1,324.95,5,False,High,62.1,False,5,0,7,2024-07-01,2,2,3,4,0,4,0,0
2024-07-01 05:39:51.218314,Mumbai,-78.5,516.53,107.57,9.9,2.2,4G,Nord 4,Jio,n28,14,34.7,40,3,384.28,1,False,Low,37.3,False,5,0,7,2024-07-01,4,0,3,2,1,2,0,0
2024-07-01 05:49:51.218309,New York,-66.5,822.15,67.43,18.5,1.06,5G NSA,Galaxy S23,T-Mobile,n260,10,37.8,32,2,215.62,1,False,Medium,51.8,True,5,0,7,2024-07-01,5,1,4,1,2,1,0,1
2024-07-01 05:59:51.218306,Kolkata,-88.3,144.2,27.4,9.8,3.1,5G NSA,iPhone 14,Airtel,n258,13,40.8,30,0,429.0,2,False,Low,10.6,True,5,0,7,2024-07-01,3,1,1,0,1,4,0,1
2024-07-01 06:09:51.218304,Tokyo,-78.6,688.53,41.19,1.8,0.23,5G SA,Nord 4,Verizon,n260,83,25.2,50,3,463.49,1,True,High,49.1,True,6,0,7,2024-07-01,7,2,5,1,0,2,1,1
2024-07-01 06:19:51.218301,Berlin,-100.9,162.27,65.98,4.9,2.93,4G,GT 7,AT&T,n78,30,26.0,32,2,170.04,3,False,Medium,55.9,False,6,0,7,2024-07-01,0,0,0,4,2,0,0,0
2024-07-01 06:29:51.218299,Kolkata,-69.0,972.43,106.91,9.8,2.8,4G,iPhone 14,BSNL,n28,56,29.0,42,2,11.47,5,True,High,96.7,True,6,0,7,2024-07-01,3,0,2,2,0,4,1,1
2024-07-01 06:39:51.218296,Kolkata,-64.4,410.11,50.75,15.7,2.7,5G SA,Nord 4,Airtel,n28,44,29.5,17,1,133.88,2,False,Low,39.9,False,6,0,7,2024-07-01,3,2,1,2,1,2,0,0
2024-07-01 06:49:51.218293,Berlin,-78.4,551.44,131.42,10.9,2.22,5G SA,GT 7,T-Mobile,n41,17,41.7,8,3,491.16,3,True,Low,49.6,False,6,0,7,2024-07-01,0,2,4,3,1,0,1,0
2024-07-01 06:59:51.218291,Berlin,-73.6,213.01,38.44,9.7,2.66,5G NSA,Galaxy S23,Verizon,n260,72,41.5,45,4,306.68,2,True,High,34.9,False,6,0,7,2024-07-01,0,1,5,1,0,1,1,0
2024-07-01 07:09:51.218288,Kolkata,-72.4,651.23,52.42,8.6,2.61,5G NSA,Pixel 7,BSNL,n258,14,25.6,48,3,37.4,1,True,High,39.0,False,7,0,7,2024-07-01,3,1,2,0,0,3,1,0
2024-07-01 07:19:51.218286,Tokyo,-65.9,342.28,31.08,4.8,2.4,5G NSA,Pixel 7,AT&T,n260,60,44.2,38,4,49.87,3,False,Medium,40.4,True,7,0,7,2024-07-01,7,1,0,1,2,3,0,1
2024-07-01 07:29:51.218283,Mumbai,-86.6,441.07,123.18,2.4,1.12,4G,GT 7,Jio,n258,91,23.5,10,2,409.76,1,True,Low,98.3,False,7,0,7,2024-07-01,4,0,3,0,1,0,1,0
2024-07-01 07:39:51.218280,Mumbai,-105.0,787.8,94.44,1.8,1.19,5G SA,Galaxy S23,Jio,n258,86,36.0,52,2,176.74,4,True,Medium,48.0,True,7,0,7,2024-07-01,4,2,3,0,2,1,1,1
2024-07-01 07:49:51.218278,Delhi,-64.1,834.79,135.79,6.1,0.81,5G SA,Pixel 7,Jio,n78,22,38.4,21,0,425.96,2,True,High,86.6,False,7,0,7,2024-07-01,2,2,3,4,0,3,1,0
2024-07-01 07:59:51.218275,Delhi,-62.1,907.98,57.41,1.2,2.44,5G SA,Nord 4,Jio,n78,36,40.2,49,3,239.7,2,False,Low,69.5,True,7,0,7,2024-07-01,2,2,3,4,1,2,0,1
2024-07-01 08:09:51.218273,Chennai,-63.2,480.38,127.88,2.0,1.36,5G SA,GT 7,Airtel,n78,71,42.2,55,3,482.19,5,True,High,43.4,True,8,0,7,2024-07-01,1,2,1,4,0,0,1,1
2024-07-01 08:19:51.218270,New York,-66.5,941.28,32.21,15.8,2.41,4G,Galaxy S23,T-Mobile,n260,31,22.9,45,1,207.69,2,False,Medium,10.1,False,8,0,7,2024-07-01,5,0,4,1,2,1,0,0
2024-07-01 08:29:51.218268,Delhi,-105.5,908.37,110.21,5.1,3.47,5G SA,Pixel 7,BSNL,n28,81,33.6,43,2,91.74,5,False,Low,74.7,True,8,0,7,2024-07-01,2,2,2,2,1,3,0,1
2024-07-01 08:39:51.218265,Delhi,-78.1,167.26,33.51,2.3,2.87,4G,GT 7,Jio,n258,65,31.2,39,2,252.42,3,True,Medium,13.6,False,8,0,7,2024-07-01,2,0,3,0,2,0,1,0
2024-07-01 08:49:51.218263,Mumbai,-100.3,173.85,60.69,1.7,3.68,5G NSA,GT 7,BSNL,n28,99,38.3,45,3,178.38,1,False,Low,53.2,False,8,0,7,2024-07-01,4,1,2,2,1,0,0,0
2024-07-01 08:59:51.218260,Berlin,-100.5,828.12,80.31,9.1,0.51,4G,iPhone 14,T-Mobile,n260,66,23.1,26,1,381.33,2,False,High,34.3,False,8,0,7,2024-07-01,0,0,4,1,0,4,0,0
2024-07-01 09:09:51.218258,Tokyo,-92.4,796.82,115.36,8.1,2.28,4G,Pixel 7,AT&T,n41,64,21.0,54,4,159.04,3,True,Medium,46.8,False,9,0,7,2024-07-01,7,0,0,3,2,3,1,0
2024-07-01 09:19:51.218255,Mumbai,-78.1,521.1,38.3,10.5,0.37,4G,Galaxy S23,BSNL,n258,95,36.7,45,4,347.91,2,False,Medium,61.4,True,9,0,7,2024-07-01,4,0,2,0,2,1,0,1
2024-07-01 09:29:51.218252,New York,-89.8,532.76,105.21,9.3,2.29,5G SA,iPhone 14,AT&T,n41,41,20.5,43,3,202.37,3,False,Medium,65.1,False,9,0,7,2024-07-01,5,2,0,3,2,4,0,0
2024-07-01 09:39:51.218250,Kolkata,-102.7,458.41,140.86,16.2,4.78,5G SA,GT 7,BSNL,n78,31,25.6,42,2,35.33,4,True,High,38.1,False,9,0,7,2024-07-01,3,2,2,4,0,0,1,0
2024-07-01 09:49:51.218247,Tokyo,-88.7,171.26,137.58,10.8,3.61,5G SA,Pixel 7,T-Mobile,n78,38,41.6,26,3,374.59,3,False,Low,71.9,True,9,0,7,2024-07-01,7,2,4,4,1,3,0,1
2024-07-01 09:59:51.218245,Berlin,-70.4,909.02,84.89,14.2,0.68,5G SA,Pixel 7,T-Mobile,n260,61,32.9,40,0,98.14,2,False,High,20.3,False,9,0,7,2024-07-01,0,2,4,1,0,3,0,0
2024-07-01 10:09:51.218242,Tokyo,-81.6,735.57,99.91,5.1,2.96,5G SA,Pixel 7,T-Mobile,n78,12,36.6,35,1,135.13,4,True,High,13.4,False,10,0,7,2024-07-01,7,2,4,4,0,3,1,0
2024-07-01 10:19:51.218239,Delhi,-93.2,844.18,134.49,15.6,4.43,4G,GT 7,Airtel,n78,24,32.7,58,0,486.91,3,False,High,14.5,True,10,0,7,2024-07-01,2,0,1,4,0,0,0,1
2024-07-01 10:29:51.218237,Berlin,-107.5,847.61,32.43,9.9,3.19,5G SA,Nord 4,Verizon,n260,31,32.4,39,2,14.73,3,False,Low,30.2,True,10,0,7,2024-07-01,0,2,5,1,1,2,0,1
2024-07-01 10:39:51.218234,Chennai,-65.1,575.51,113.39,19.6,1.85,5G NSA,Pixel 7,BSNL,n78,11,40.8,43,0,404.93,5,False,Medium,76.7,False,10,0,7,2024-07-01,1,1,2,4,2,3,0,0
2024-07-01 10:49:51.218232,Mumbai,-76.2,553.58,55.28,5.8,1.81,4G,Nord 4,Airtel,n258,22,34.2,31,0,161.03,2,False,High,78.6,True,10,0,7,2024-07-01,4,0,1,0,0,2,0,1
2024-07-01 10:59:51.218229,Kolkata,-68.9,401.26,93.23,1.9,1.23,4G,GT 7,BSNL,n258,10,25.7,35,4,342.36,2,True,Medium,79.4,False,10,0,7,2024-07-01,3,0,2,0,2,0,1,0
2024-07-01 11:09:51.218226,Mumbai,-96.5,557.75,37.89,8.6,1.93,5G SA,iPhone 14,Jio,n28,89,37.5,4,2,245.89,5,False,High,86.7,True,11,0,7,2024-07-01,4,2,3,2,0,4,0,1
2024-07-01 11:19:51.218211,Delhi,-109.7,392.12,90.64,1.0,3.86,5G SA,Galaxy S23,Airtel,n78,17,41.3,34,3,236.05,1,True,High,85.0,True,11,0,7,2024-07-01,2,2,1,4,0,1,1,1
2024-07-01 11:29:51.218209,Kolkata,-79.1,595.31,93.58,5.6,1.28,5G SA,Galaxy S23,BSNL,n78,40,40.4,5,1,169.2,5,False,High,46.6,True,11,0,7,2024-07-01,3,2,2,4,0,1,0,1
2024-07-01 11:39:51.218206,Delhi,-73.8,260.38,37.79,7.0,2.86,4G,Nord 4,Vi,n258,62,44.0,36,4,471.69,2,True,Low,17.1,False,11,0,7,2024-07-01,2,0,6,0,1,2,1,0
2024-07-01 11:49:51.218203,Mumbai,-81.6,718.62,144.24,7.5,1.19,4G,Galaxy S23,Vi,n258,80,41.2,9,3,284.59,3,True,Low,73.4,False,11,0,7,2024-07-01,4,0,6,0,1,1,1,0
2024-07-01 11:59:51.218201,Berlin,-99.8,839.15,59.85,10.7,1.39,5G NSA,Nord 4,Verizon,n78,21,32.6,6,3,328.07,3,False,Medium,79.0,True,11,0,7,2024-07-01,0,1,5,4,2,2,0,1
2024-07-01 12:09:51.218198,Tokyo,-69.9,256.04,59.58,7.4,4.47,5G SA,Pixel 7,Verizon,n41,41,26.2,34,3,353.98,5,False,Low,41.6,False,12,0,7,2024-07-01,7,2,5,3,1,3,0,0
2024-07-01 12:19:51.218196,Chennai,-74.6,474.52,30.6,6.9,1.35,5G SA,Nord 4,Vi,n28,86,35.4,38,4,242.08,1,True,Medium,17.5,True,12,0,7,2024-07-01,1,2,6,2,2,2,1,1
2024-07-01 12:29:51.218193,New York,-95.1,913.21,101.1,12.8,3.15,5G SA,Galaxy S23,T-Mobile,n41,83,31.8,55,1,422.79,1,True,Medium,15.8,False,12,0,7,2024-07-01,5,2,4,3,2,1,1,0
2024-07-01 12:39:51.218190,Berlin,-63.7,613.7,149.04,18.7,4.05,5G NSA,Pixel 7,AT&T,n41,75,23.1,18,0,356.29,3,True,Medium,26.5,False,12,0,7,2024-07-01,0,1,0,3,2,3,1,0
2024-07-01 12:49:51.218188,Mumbai,-64.7,463.37,82.54,17.8,3.79,4G,Nord 4,Airtel,n258,54,21.2,50,1,313.13,3,False,Low,62.4,True,12,0,7,2024-07-01,4,0,1,0,1,2,0,1
2024-07-01 12:59:51.218185,Berlin,-107.3,404.1,137.02,9.3,1.65,4G,Nord 4,Verizon,n41,52,20.6,1,1,205.26,3,True,High,12.6,True,12,0,7,2024-07-01,0,0,5,3,0,2,1,1
2024-07-01 13:09:51.218183,New York,-67.9,479.91,79.46,16.7,2.49,5G SA,Galaxy S23,AT&T,n78,45,42.9,19,0,149.23,4,True,Medium,56.1,False,13,0,7,2024-07-01,5,2,0,4,2,1,1,0
2024-07-01 13:19:51.218180,Berlin,-72.3,856.99,143.16,3.9,0.26,4G,Galaxy S23,T-Mobile,n41,99,25.0,45,3,119.02,2,True,Low,92.1,False,13,0,7,2024-07-01,0,0,4,3,1,1,1,0
2024-07-01 13:29:51.218178,Tokyo,-60.5,880.6,146.37,19.0,4.78,4G,GT 7,Verizon,n41,98,37.4,24,4,206.44,3,False,Medium,43.5,False,13,0,7,2024-07-01,7,0,5,3,2,0,0,0
2024-07-01 13:39:51.218175,Tokyo,-99.1,562.36,118.78,16.8,0.21,5G SA,Pixel 7,T-Mobile,n41,81,25.3,25,0,315.43,1,False,Medium,41.1,True,13,0,7,2024-07-01,7,2,4,3,2,3,0,1
2024-07-01 13:49:51.218172,Tokyo,-79.0,220.57,127.16,18.8,0.59,4G,Pixel 7,Verizon,n260,21,44.9,32,0,426.46,4,True,High,44.7,True,13,0,7,2024-07-01,7,0,5,1,0,3,1,1
2024-07-01 13:59:51.218170,New York,-96.1,235.88,136.23,1.5,2.18,5G NSA,iPhone 14,T-Mobile,n78,36,36.6,51,3,302.35,1,False,Low,85.5,False,13,0,7,2024-07-01,5,1,4,4,1,4,0,0
2024-07-01 14:09:51.218167,Chennai,-97.1,119.5,63.9,10.5,4.09,4G,Pixel 7,Vi,n28,41,32.7,45,3,52.26,4,False,Medium,94.6,False,14,0,7,2024-07-01,1,0,6,2,2,3,0,0
2024-07-01 14:19:51.218165,Kolkata,-108.0,632.04,23.1,9.0,1.79,5G SA,GT 7,Vi,n258,77,40.8,10,4,150.92,3,False,Low,16.6,True,14,0,7,2024-07-01,3,2,6,0,1,0,0,1
2024-07-01 14:29:51.218162,Mumbai,-69.6,957.33,97.21,3.0,2.58,5G NSA,Galaxy S23,Airtel,n78,58,37.6,9,1,380.24,2,True,High,14.8,False,14,0,7,2024-07-01,4,1,1,4,0,1,1,0
2024-07-01 14:39:51.218160,Delhi,-102.1,519.42,104.09,8.7,4.7,4G,Pixel 7,BSNL,n28,77,38.7,31,1,264.78,3,False,Medium,85.9,False,14,0,7,2024-07-01,2,0,2,2,2,3,0,0
2024-07-01 14:49:51.218157,New York,-85.3,120.63,64.59,1.1,3.99,4G,iPhone 14,AT&T,n41,72,23.7,33,0,452.15,5,True,Medium,93.2,True,14,0,7,2024-07-01,5,0,0,3,2,4,1,1
2024-07-01 14:59:51.218154,Tokyo,-78.2,227.61,33.34,4.6,4.76,4G,Nord 4,AT&T,n78,50,34.8,41,2,120.97,2,False,High,22.2,False,14,0,7,2024-07-01,7,0,0,4,0,2,0,0
2024-07-01 15:09:51.218152,San Francisco,-63.5,299.52,115.06,6.9,4.13,5G NSA,Galaxy S23,AT&T,n41,69,29.1,6,2,73.45,1,True,Medium,56.1,False,15,0,7,2024-07-01,6,1,0,3,2,1,1,0
2024-07-01 15:19:51.218149,Chennai,-94.3,596.04,29.95,16.2,0.96,4G,Nord 4,Jio,n258,74,38.8,51,4,259.74,2,False,Low,62.2,False,15,0,7,2024-07-01,1,0,3,0,1,2,0,0
2024-07-01 15:29:51.218147,Tokyo,-93.3,254.27,148.5,19.1,1.16,4G,iPhone 14,Verizon,n260,75,32.8,3,2,194.17,3,True,High,73.9,False,15,0,7,2024-07-01,7,0,5,1,0,4,1,0
2024-07-01 15:39:51.218144,Delhi,-80.1,155.23,120.13,6.1,3.62,4G,Pixel 7,Vi,n28,44,23.5,1,4,56.43,1,False,Low,75.6,False,15,0,7,2024-07-01,2,0,6,2,1,3,0,0
2024-07-01 15:49:51.218142,San Francisco,-71.2,584.86,56.98,4.9,0.7,4G,Galaxy S23,T-Mobile,n260,14,41.3,3,4,49.44,2,False,Low,91.2,True,15,0,7,2024-07-01,6,0,4,1,1,1,0,1
2024-07-01 15:59:51.218139,Mumbai,-103.9,657.13,66.05,9.9,2.71,5G SA,Nord 4,Vi,n78,34,20.7,31,4,100.54,4,False,High,35.5,False,15,0,7,2024-07-01,4,2,6,4,0,2,0,0
2024-07-01 16:09:51.218136,Berlin,-98.7,800.99,134.21,17.0,0.3,5G SA,Galaxy S23,AT&T,n260,97,41.3,47,1,108.56,1,False,Low,84.6,True,16,0,7,2024-07-01,0,2,0,1,1,1,0,1
2024-07-01 16:19:51.218134,Chennai,-105.6,175.13,145.18,8.5,3.24,4G,Nord 4,Jio,n78,19,34.5,40,2,282.12,1,True,Low,27.5,False,16,0,7,2024-07-01,1,0,3,4,1,2,1,0
2024-07-01 16:29:51.218131,Tokyo,-80.3,471.54,127.85,6.7,3.86,4G,Nord 4,AT&T,n260,12,38.6,22,1,277.48,5,False,Medium,60.6,False,16,0,7,2024-07-01,7,0,0,1,2,2,0,0
2024-07-01 16:39:51.218129,Chennai,-80.5,683.23,136.36,2.8,3.43,5G NSA,Galaxy S23,Jio,n258,49,27.0,19,4,342.53,5,False,Low,36.0,True,16,0,7,2024-07-01,1,1,3,0,1,1,0,1
2024-07-01 16:49:51.218126,San Francisco,-61.7,658.5,136.52,2.1,3.14,5G NSA,GT 7,AT&T,n41,42,29.9,1,0,171.15,1,False,Low,71.4,True,16,0,7,2024-07-01,6,1,0,3,1,0,0,1
2024-07-01 16:59:51.218123,San Francisco,-79.5,143.29,63.77,2.5,3.86,5G NSA,Pixel 7,T-Mobile,n78,57,34.8,50,4,12.95,3,True,Low,47.5,False,16,0,7,2024-07-01,6,1,4,4,1,3,1,0
2024-07-01 17:09:51.218121,Berlin,-86.8,830.7,67.96,15.5,3.37,5G SA,Pixel 7,AT&T,n260,74,30.8,46,4,271.37,1,False,High,36.6,True,17,0,7,2024-07-01,0,2,0,1,0,3,0,1
2024-07-01 17:19:51.218118,Chennai,-92.9,624.24,123.09,9.4,1.28,5G NSA,iPhone 14,BSNL,n258,84,24.4,58,0,419.87,4,True,Medium,57.5,False,17,0,7,2024-07-01,1,1,2,0,2,4,1,0
2024-07-01 17:29:51.218116,Tokyo,-78.5,607.99,143.97,5.9,4.07,5G SA,Pixel 7,Verizon,n260,87,39.3,27,4,275.24,1,True,Low,42.3,False,17,0,7,2024-07-01,7,2,5,1,1,3,1,0
2024-07-01 17:39:51.218113,Delhi,-88.6,812.71,76.72,13.1,2.68,5G NSA,Galaxy S23,Jio,n258,36,32.7,22,3,103.0,4,False,Medium,24.5,False,17,0,7,2024-07-01,2,1,3,0,2,1,0,0
2024-07-01 17:49:51.218111,Mumbai,-63.6,490.79,81.41,9.5,1.66,5G NSA,iPhone 14,Vi,n28,80,22.3,7,2,380.25,3,False,Medium,61.7,True,17,0,7,2024-07-01,4,1,6,2,2,4,0,1
2024-07-01 17:59:51.218108,Mumbai,-88.7,102.46,52.42,17.5,0.17,5G NSA,iPhone 14,Vi,n28,31,34.2,56,0,492.17,1,False,High,41.7,True,17,0,7,2024-07-01,4,1,6,2,0,4,0,1
2024-07-01 18:09:51.218105,Chennai,-96.1,747.57,115.68,18.6,3.28,5G SA,Pixel 7,Vi,n28,99,23.0,51,0,169.53,2,False,Medium,60.0,True,18,0,7,2024-07-01,1,2,6,2,2,3,0,1
2024-07-01 18:19:51.218103,Berlin,-86.5,937.67,132.35,15.1,4.46,5G NSA,Galaxy S23,T-Mobile,n78,70,23.5,19,3,328.18,4,False,High,11.2,False,18,0,7,2024-07-01,0,1,4,4,0,1,0,0
2024-07-01 18:29:51.218100,Delhi,-99.4,436.3,25.68,2.9,0.92,5G NSA,Galaxy S23,Airtel,n78,30,33.7,6,3,89.98,4,True,Low,93.8,True,18,0,7,2024-07-01,2,1,1,4,1,1,1,1
2024-07-01 18:39:51.218098,Mumbai,-99.3,987.04,127.26,17.9,0.61,5G SA,Pixel 7,Vi,n28,39,22.2,45,4,465.36,5,True,Medium,41.5,True,18,0,7,2024-07-01,4,2,6,2,2,3,1,1
2024-07-01 18:49:51.218095,San Francisco,-87.1,110.53,41.57,6.0,0.66,5G NSA,Galaxy S23,T-Mobile,n78,82,43.1,54,3,333.62,1,False,Medium,68.7,False,18,0,7,2024-07-01,6,1,4,4,2,1,0,0
2024-07-01 18:59:51.218092,Berlin,-68.5,706.85,111.52,6.6,3.8,5G SA,Pixel 7,AT&T,n78,84,24.7,57,0,244.9,1,True,High,26.7,True,18,0,7,2024-07-01,0,2,0,4,0,3,1,1
2024-07-01 19:09:51.218090,San Francisco,-74.4,851.41,83.85,15.2,0.97,5G SA,iPhone 14,Verizon,n260,56,44.2,23,0,250.17,2,True,Low,62.9,False,19,0,7,2024-07-01,6,2,5,1,1,4,1,0
2024-07-01 19:19:51.218087,Kolkata,-107.0,908.97,98.56,16.1,2.83,5G NSA,Galaxy S23,Jio,n78,29,23.8,35,3,224.17,1,True,Medium,51.2,True,19,0,7,2024-07-01,3,1,3,4,2,1,1,1
2024-07-01 19:29:51.218085,Chennai,-99.5,899.67,62.93,9.4,0.42,5G NSA,Pixel 7,BSNL,n28,52,23.8,55,3,37.41,5,True,High,89.9,True,19,0,7,2024-07-01,1,1,2,2,0,3,1,1
2024-07-01 19:39:51.218082,Delhi,-87.2,246.94,145.87,4.6,1.76,4G,GT 7,Airtel,n258,31,26.5,39,2,193.04,3,False,Medium,14.2,False,19,0,7,2024-07-01,2,0,1,0,2,0,0,0
2024-07-01 19:49:51.218077,Delhi,-95.3,941.3,114.57,19.4,1.44,5G SA,GT 7,Vi,n28,45,22.8,32,0,266.93,4,False,Medium,17.5,False,19,0,7,2024-07-01,2,2,6,2,2,0,0,0
2024-07-01 19:59:51.218074,Chennai,-69.1,220.31,20.93,7.0,0.55,4G,Nord 4,Jio,n78,69,35.5,23,1,247.41,4,True,High,56.1,False,19,0,7,2024-07-01,1,0,3,4,0,2,1,0
2024-07-01 20:09:51.218071,New York,-93.1,280.99,36.06,11.0,2.58,5G NSA,GT 7,Verizon,n260,28,28.0,31,2,435.31,2,False,Low,73.3,False,20,0,7,2024-07-01,5,1,5,1,1,0,0,0
2024-07-01 20:19:51.218069,Tokyo,-78.3,698.87,71.42,11.9,0.27,4G,Galaxy S23,Verizon,n260,88,43.1,18,0,299.21,5,False,High,69.2,True,20,0,7,2024-07-01,7,0,5,1,0,1,0,1
2024-07-01 20:29:51.218066,Tokyo,-104.9,729.6,36.83,17.7,2.5,5G SA,Galaxy S23,Verizon,n78,56,29.5,13,2,374.01,4,True,Low,14.1,True,20,0,7,2024-07-01,7,2,5,4,1,1,1,1
2024-07-01 20:39:51.218064,Delhi,-107.4,308.13,49.92,11.5,3.17,5G NSA,Pixel 7,Jio,n258,63,24.5,13,0,338.49,4,False,High,16.1,True,20,0,7,2024-07-01,2,1,3,0,0,3,0,1
2024-07-01 20:49:51.218061,Tokyo,-96.9,513.41,81.02,15.9,0.18,4G,GT 7,Verizon,n41,28,41.4,19,1,92.07,3,False,Medium,15.6,True,20,0,7,2024-07-01,7,0,5,3,2,0,0,1
2024-07-01 20:59:51.218058,Mumbai,-65.8,315.04,82.22,15.9,3.36,5G NSA,Galaxy S23,Airtel,n258,69,28.0,32,2,332.39,1,True,Low,55.4,True,20,0,7,2024-07-01,4,1,1,0,1,1,1,1
2024-07-01 21:09:51.218056,Mumbai,-107.1,670.29,127.3,3.8,1.04,5G NSA,GT 7,BSNL,n28,20,35.1,27,2,223.25,5,True,Medium,63.1,False,21,0,7,2024-07-01,4,1,2,2,2,0,1,0
2024-07-01 21:19:51.218053,Chennai,-95.7,564.63,109.67,13.5,1.77,5G SA,Galaxy S23,Vi,n258,56,22.9,10,2,456.67,1,False,Medium,15.1,False,21,0,7,2024-07-01,1,2,6,0,2,1,0,0
2024-07-01 21:29:51.218051,Berlin,-106.2,184.08,41.51,9.6,3.75,5G SA,Nord 4,T-Mobile,n260,10,43.6,15,1,347.03,3,False,Medium,66.9,False,21,0,7,2024-07-01,0,2,4,1,2,2,0,0
2024-07-01 21:39:51.218048,Berlin,-90.0,751.66,55.7,12.9,0.16,5G NSA,GT 7,Verizon,n78,10,36.4,32,2,59.59,4,False,High,58.9,False,21,0,7,2024-07-01,0,1,5,4,0,0,0,0
2024-07-01 21:49:51.218045,Mumbai,-76.6,609.94,60.59,5.0,0.9,4G,Galaxy S23,BSNL,n258,55,25.4,41,0,331.3,3,False,Low,47.6,True,21,0,7,2024-07-01,4,0,2,0,1,1,0,1
2024-07-01 21:59:51.218043,New York,-109.6,410.46,143.85,1.4,0.94,5G SA,iPhone 14,AT&T,n260,50,42.3,8,2,12.54,5,True,High,12.4,False,21,0,7,2024-07-01,5,2,0,1,0,4,1,0
2024-07-01 22:09:51.218040,Chennai,-105.8,433.29,22.95,6.3,0.26,5G NSA,Galaxy S23,Jio,n28,56,25.1,27,3,82.2,1,False,Low,33.2,True,22,0,7,2024-07-01,1,1,3,2,1,1,0,1
2024-07-01 22:19:51.218038,Delhi,-67.5,563.79,43.83,5.1,0.19,5G NSA,Pixel 7,Vi,n258,67,39.9,43,3,340.04,4,False,Medium,65.7,True,22,0,7,2024-07-01,2,1,6,0,2,3,0,1
2024-07-01 22:29:51.218035,Kolkata,-72.1,996.31,83.94,14.5,1.95,5G SA,Nord 4,Jio,n28,80,30.6,34,2,456.43,1,False,Medium,19.8,False,22,0,7,2024-07-01,3,2,3,2,2,2,0,0
2024-07-01 22:39:51.218032,Tokyo,-101.0,227.99,76.61,2.2,4.4,5G SA,Pixel 7,AT&T,n78,79,42.8,39,2,464.18,3,True,High,90.1,False,22,0,7,2024-07-01,7,2,0,4,0,3,1,0
2024-07-01 22:49:51.218030,Kolkata,-91.2,960.31,23.64,15.5,3.8,4G,Pixel 7,BSNL,n28,34,22.6,51,2,385.44,1,True,High,81.8,False,22,0,7,2024-07-01,3,0,2,2,0,3,1,0
2024-07-01 22:59:51.218027,Delhi,-101.3,669.43,101.93,9.8,2.12,5G NSA,GT 7,Airtel,n28,30,21.2,49,1,260.78,5,True,Low,21.0,True,22,0,7,2024-07-01,2,1,1,2,1,0,1,1
2024-07-01 23:09:51.218025,Delhi,-84.2,648.27,116.26,2.0,3.8,5G NSA,Pixel 7,Vi,n78,19,34.4,15,1,329.73,2,False,Low,76.7,True,23,0,7,2024-07-01,2,1,6,4,1,3,0,1
2024-07-01 23:19:51.218022,Chennai,-79.5,555.31,122.61,1.6,4.73,5G NSA,iPhone 14,BSNL,n28,60,22.7,34,3,413.07,1,True,Medium,69.2,False,23,0,7,2024-07-01,1,1,2,2,2,4,1,0
2024-07-01 23:29:51.218019,Tokyo,-104.8,930.68,81.7,7.6,3.63,4G,Nord 4,T-Mobile,n260,39,23.0,40,3,464.12,2,True,Low,57.5,True,23,0,7,2024-07-01,7,0,4,1,1,2,1,1
2024-07-01 23:39:51.218017,Berlin,-106.9,683.92,146.43,3.1,0.95,4G,GT 7,Verizon,n260,45,28.8,56,0,330.28,5,True,Low,45.6,False,23,0,7,2024-07-01,0,0,5,1,1,0,1,0
2024-07-01 23:49:51.218014,Kolkata,-105.8,967.55,97.9,3.9,1.87,5G NSA,Pixel 7,Airtel,n78,62,34.7,44,0,357.98,3,False,High,27.3,False,23,0,7,2024-07-01,3,1,1,4,0,3,0,0
2024-07-01 23:59:51.218012,Berlin,-106.2,548.34,119.31,9.4,2.19,5G SA,GT 7,AT&T,n260,52,30.5,40,2,11.18,2,True,Low,68.4,False,23,0,7,2024-07-01,0,2,0,1,1,0,1,0
2024-07-02 00:09:51.218009,New York,-82.1,533.95,140.13,3.2,4.66,5G NSA,Galaxy S23,T-Mobile,n41,80,32.3,9,3,465.57,3,True,High,19.4,True,0,1,7,2024-07-02,5,1,4,3,0,1,1,1
2024-07-02 00:19:51.218006,Kolkata,-103.8,832.33,94.39,10.7,3.66,4G,Pixel 7,BSNL,n258,65,28.7,48,0,252.01,3,False,Low,54.9,True,0,1,7,2024-07-02,3,0,2,0,1,3,0,1
2024-07-02 00:29:51.218004,Chennai,-68.9,512.69,93.01,4.0,0.47,5G SA,Galaxy S23,BSNL,n28,68,34.9,9,3,305.47,4,False,Medium,21.5,True,0,1,7,2024-07-02,1,2,2,2,2,1,0,1
2024-07-02 00:39:51.218001,Chennai,-65.6,503.08,104.64,11.2,1.53,4G,Galaxy S23,Jio,n78,87,27.8,22,0,465.52,2,False,Low,91.8,True,0,1,7,2024-07-02,1,0,3,4,1,1,0,1
2024-07-02 00:49:51.217999,New York,-81.6,175.05,93.09,11.6,1.58,5G NSA,Nord 4,T-Mobile,n78,94,24.2,5,4,410.5,3,True,Low,87.5,False,0,1,7,2024-07-02,5,1,4,4,1,2,1,0
2024-07-02 00:59:51.217996,Mumbai,-86.5,670.33,130.07,8.6,1.69,5G SA,Pixel 7,Jio,n78,56,33.6,35,1,112.4,3,False,Low,57.8,False,0,1,7,2024-07-02,4,2,3,4,1,3,0,0
2024-07-02 01:09:51.217993,Mumbai,-62.2,324.82,123.66,2.5,4.61,5G NSA,Pixel 7,Airtel,n78,65,30.0,30,0,298.8,1,True,High,43.8,True,1,1,7,2024-07-02,4,1,1,4,0,3,1,1
2024-07-02 01:19:51.217991,Tokyo,-75.3,410.49,88.35,18.6,1.75,4G,Pixel 7,T-Mobile,n260,28,29.5,10,3,163.98,1,False,High,55.5,True,1,1,7,2024-07-02,7,0,4,1,0,3,0,1
2024-07-02 01:29:51.217988,Chennai,-108.6,774.04,85.69,12.5,3.11,4G,iPhone 14,Jio,n78,13,25.2,10,3,409.56,3,False,Medium,77.1,False,1,1,7,2024-07-02,1,0,3,4,2,4,0,0
2024-07-02 01:39:51.217986,Chennai,-97.4,709.52,98.27,12.2,0.25,5G SA,GT 7,Airtel,n258,61,23.7,38,3,184.02,1,False,Low,14.5,True,1,1,7,2024-07-02,1,2,1,0,1,0,0,1
2024-07-02 01:49:51.217983,New York,-71.5,598.36,135.95,9.7,2.69,5G SA,iPhone 14,AT&T,n41,91,38.0,4,1,473.12,5,False,Medium,34.9,False,1,1,7,2024-07-02,5,2,0,3,2,4,0,0
2024-07-02 01:59:51.217980,Mumbai,-63.8,681.05,118.87,10.3,4.77,5G NSA,iPhone 14,Jio,n78,79,32.2,4,3,395.85,3,True,High,30.5,False,1,1,7,2024-07-02,4,1,3,4,0,4,1,0
2024-07-02 02:09:51.217978,Berlin,-94.6,519.35,82.23,17.2,0.6,4G,iPhone 14,T-Mobile,n78,61,38.6,2,3,144.4,5,False,Low,79.4,False,2,1,7,2024-07-02,0,0,4,4,1,4,0,0
2024-07-02 02:19:51.217975,Delhi,-69.6,603.18,87.51,5.1,0.4,4G,Nord 4,BSNL,n258,44,43.0,10,0,244.26,2,False,High,95.5,False,2,1,7,2024-07-02,2,0,2,0,0,2,0,0
2024-07-02 02:29:51.217973,Kolkata,-78.9,689.0,81.72,10.3,3.01,5G NSA,Galaxy S23,BSNL,n78,65,39.7,1,2,58.32,2,True,Low,35.7,True,2,1,7,2024-07-02,3,1,2,4,1,1,1,1
2024-07-02 02:39:51.217970,Delhi,-79.3,552.52,76.58,3.7,1.84,4G,Nord 4,Airtel,n28,26,25.1,43,4,65.13,1,True,High,82.4,True,2,1,7,2024-07-02,2,0,1,2,0,2,1,1
2024-07-02 02:49:51.217968,Chennai,-66.5,619.21,123.82,8.7,0.53,4G,Pixel 7,Jio,n258,70,42.2,54,4,107.58,2,False,Medium,86.9,False,2,1,7,2024-07-02,1,0,3,0,2,3,0,0
2024-07-02 02:59:51.217965,Berlin,-67.2,917.5,136.21,17.8,0.65,4G,Nord 4,AT&T,n78,42,21.0,38,2,178.54,4,False,High,62.8,True,2,1,7,2024-07-02,0,0,0,4,0,2,0,1
2024-07-02 03:09:51.217962,Tokyo,-62.1,818.4,29.15,20.0,1.36,5G SA,Galaxy S23,Verizon,n260,85,33.1,53,0,406.88,2,False,Medium,35.3,True,3,1,7,2024-07-02,7,2,5,1,2,1,0,1
2024-07-02 03:19:51.217960,Tokyo,-86.7,980.6,20.05,2.3,1.15,5G NSA,GT 7,Verizon,n78,60,27.7,51,4,265.77,3,True,High,73.4,True,3,1,7,2024-07-02,7,1,5,4,0,0,1,1
2024-07-02 03:29:51.217957,Chennai,-94.9,472.29,123.67,11.1,1.51,4G,Nord 4,Airtel,n28,74,27.9,36,1,41.2,5,True,Medium,35.0,True,3,1,7,2024-07-02,1,0,1,2,2,2,1,1
2024-07-02 03:39:51.217955,Berlin,-88.8,551.9,27.07,12.1,1.56,4G,Pixel 7,AT&T,n78,49,41.7,15,1,186.16,1,False,High,45.5,True,3,1,7,2024-07-02,0,0,0,4,0,3,0,1
2024-07-02 03:49:51.217952,Berlin,-99.7,266.33,126.69,3.3,2.93,4G,GT 7,T-Mobile,n78,73,30.7,44,0,326.79,4,False,Low,47.5,True,3,1,7,2024-07-02,0,0,4,4,1,0,0,1
2024-07-02 03:59:51.217949,Delhi,-75.3,366.25,33.27,6.6,2.24,5G NSA,GT 7,Airtel,n78,50,29.3,19,2,64.87,2,True,Low,80.0,False,3,1,7,2024-07-02,2,1,1,4,1,0,1,0
2024-07-02 04:09:51.217947,Delhi,-78.7,421.94,125.7,13.6,4.5,4G,iPhone 14,Vi,n258,84,30.3,42,3,297.63,3,False,High,65.5,False,4,1,7,2024-07-02,2,0,6,0,0,4,0,0
2024-07-02 04:19:51.217944,Delhi,-70.8,891.98,117.5,2.7,2.72,4G,GT 7,Airtel,n78,95,28.7,55,1,499.04,4,True,High,16.9,False,4,1,7,2024-07-02,2,0,1,4,0,0,1,0
2024-07-02 04:29:51.217942,Berlin,-99.9,420.33,71.19,9.0,0.95,5G NSA,GT 7,T-Mobile,n260,14,29.7,13,0,445.8,5,False,Medium,51.0,False,4,1,7,2024-07-02,0,1,4,1,2,0,0,0
2024-07-02 04:39:51.217939,Chennai,-66.5,539.31,103.75,4.8,1.88,5G SA,Nord 4,Airtel,n28,22,20.6,14,1,148.37,2,False,High,51.2,True,4,1,7,2024-07-02,1,2,1,2,0,2,0,1
2024-07-02 04:49:51.217937,Chennai,-61.9,419.06,115.15,3.4,0.58,5G SA,Galaxy S23,Jio,n78,44,23.7,34,2,392.36,4,False,High,20.6,True,4,1,7,2024-07-02,1,2,3,4,0,1,0,1
2024-07-02 04:59:51.217934,New York,-99.6,531.16,53.89,13.7,1.51,5G NSA,Nord 4,T-Mobile,n41,94,42.0,23,0,315.33,3,True,Low,37.5,False,4,1,7,2024-07-02,5,1,4,3,1,2,1,0
2024-07-02 05:09:51.217931,Berlin,-93.3,641.56,83.55,10.6,1.31,4G,Galaxy S23,Verizon,n78,34,29.7,15,4,289.8,4,False,Low,91.1,False,5,1,7,2024-07-02,0,0,5,4,1,1,0,0
2024-07-02 05:19:51.217929,Delhi,-104.4,204.48,145.6,15.4,2.09,5G NSA,Pixel 7,Vi,n28,80,33.9,57,4,193.27,2,False,Low,74.8,False,5,1,7,2024-07-02,2,1,6,2,1,3,0,0
2024-07-02 05:29:51.217926,Kolkata,-71.2,846.99,40.81,1.9,3.93,4G,Nord 4,Airtel,n28,12,31.8,12,1,298.14,5,True,High,13.4,True,5,1,7,2024-07-02,3,0,1,2,0,2,1,1
2024-07-02 05:39:51.217924,Tokyo,-74.7,154.12,127.8,5.1,1.46,5G SA,iPhone 14,Verizon,n41,78,20.6,37,2,85.56,2,True,Low,19.5,True,5,1,7,2024-07-02,7,2,5,3,1,4,1,1
2024-07-02 05:49:51.217921,Delhi,-81.9,722.64,85.18,1.3,0.55,4G,Galaxy S23,Jio,n28,51,44.4,22,2,316.05,2,True,High,66.4,True,5,1,7,2024-07-02,2,0,3,2,0,1,1,1
2024-07-02 05:59:51.217918,Mumbai,-61.6,469.13,21.28,8.5,4.2,5G NSA,Pixel 7,Airtel,n78,72,37.6,3,3,456.56,5,False,Medium,96.3,False,5,1,7,2024-07-02,4,1,1,4,2,3,0,0
2024-07-02 06:09:51.217916,Chennai,-76.6,772.68,139.84,14.6,4.1,5G SA,GT 7,Vi,n28,56,28.7,2,2,434.92,3,True,High,73.1,False,6,1,7,2024-07-02,1,2,6,2,0,0,1,0
2024-07-02 06:19:51.217913,New York,-67.2,997.26,133.39,17.3,3.6,5G SA,Galaxy S23,T-Mobile,n78,32,29.6,5,4,466.15,3,False,High,96.7,False,6,1,7,2024-07-02,5,2,4,4,0,1,0,0
2024-07-02 06:29:51.217911,Kolkata,-64.2,774.65,95.24,4.9,4.32,4G,iPhone 14,BSNL,n78,52,33.0,21,0,18.66,5,False,High,42.5,False,6,1,7,2024-07-02,3,0,2,4,0,4,0,0
2024-07-02 06:39:51.217908,Kolkata,-72.2,622.7,101.84,4.2,2.86,5G NSA,iPhone 14,BSNL,n28,10,42.1,22,4,228.04,1,False,High,72.7,False,6,1,7,2024-07-02,3,1,2,2,0,4,0,0
2024-07-02 06:49:51.217905,Berlin,-84.6,230.76,44.62,3.0,4.83,5G SA,Nord 4,Verizon,n260,69,31.9,42,4,197.11,5,True,High,59.3,False,6,1,7,2024-07-02,0,2,5,1,0,2,1,0
2024-07-02 06:59:51.217903,Delhi,-91.7,480.02,42.42,3.3,0.36,4G,Nord 4,BSNL,n78,39,38.5,29,2,175.63,3,False,Low,38.9,True,6,1,7,2024-07-02,2,0,2,4,1,2,0,1
2024-07-02 07:09:51.217900,Tokyo,-74.2,565.91,86.23,5.7,0.58,4G,iPhone 14,AT&T,n260,16,40.5,35,4,14.35,5,False,Medium,50.7,False,7,1,7,2024-07-02,7,0,0,1,2,4,0,0
2024-07-02 07:19:51.217898,Berlin,-78.7,442.72,90.63,13.7,0.46,5G SA,Nord 4,AT&T,n78,10,34.2,43,2,182.19,4,True,Low,40.6,False,7,1,7,2024-07-02,0,2,0,4,1,2,1,0
2024-07-02 07:29:51.217895,New York,-73.1,962.15,95.77,1.7,3.11,5G SA,GT 7,T-Mobile,n41,37,40.3,54,2,198.38,5,True,High,44.8,False,7,1,7,2024-07-02,5,2,4,3,0,0,1,0
2024-07-02 07:39:51.217892,San Francisco,-68.9,732.98,43.87,17.8,0.19,5G SA,GT 7,Verizon,n260,69,40.8,49,0,186.32,1,True,Low,99.0,True,7,1,7,2024-07-02,6,2,5,1,1,0,1,1
2024-07-02 07:49:51.217890,Mumbai,-99.3,936.86,68.85,6.2,4.27,4G,iPhone 14,Jio,n78,76,33.8,37,4,64.1,5,False,Low,78.7,False,7,1,7,2024-07-02,4,0,3,4,1,4,0,0
2024-07-02 07:59:51.217887,Berlin,-108.9,880.8,127.45,4.5,1.35,5G NSA,Galaxy S23,Verizon,n260,95,40.2,34,2,52.68,5,False,Medium,38.1,False,7,1,7,2024-07-02,0,1,5,1,2,1,0,0
2024-07-02 08:09:51.217885,San Francisco,-99.1,884.44,46.15,2.4,1.45,5G SA,GT 7,Verizon,n78,58,25.8,49,1,328.59,1,False,Low,38.9,True,8,1,7,2024-07-02,6,2,5,4,1,0,0,1
2024-07-02 08:19:51.217882,Tokyo,-88.0,148.67,63.76,16.4,3.73,5G NSA,Pixel 7,Verizon,n260,32,24.6,27,4,30.61,2,True,High,24.4,True,8,1,7,2024-07-02,7,1,5,1,0,3,1,1
2024-07-02 08:29:51.217879,Chennai,-83.3,546.68,56.84,5.1,4.24,5G SA,iPhone 14,Jio,n258,33,21.2,58,2,63.44,2,False,High,57.0,True,8,1,7,2024-07-02,1,2,3,0,0,4,0,1
2024-07-02 08:39:51.217877,Chennai,-68.0,122.5,64.1,16.3,4.47,5G SA,GT 7,Vi,n78,93,43.0,45,3,98.88,4,False,Medium,65.3,False,8,1,7,2024-07-02,1,2,6,4,2,0,0,0
2024-07-02 08:49:51.217874,Tokyo,-109.7,778.39,100.97,14.9,4.56,5G SA,Pixel 7,T-Mobile,n260,39,42.5,38,3,438.7,4,True,Low,81.0,True,8,1,7,2024-07-02,7,2,4,1,1,3,1,1
2024-07-02 08:59:51.217872,Berlin,-70.7,584.63,88.58,16.0,1.22,5G SA,iPhone 14,T-Mobile,n260,20,35.6,57,0,458.84,5,False,Medium,47.7,False,8,1,7,2024-07-02,0,2,4,1,2,4,0,0
2024-07-02 09:09:51.217869,Tokyo,-78.2,535.26,74.43,19.3,2.39,5G SA,Galaxy S23,AT&T,n41,62,28.1,28,2,481.24,3,False,Low,59.0,False,9,1,7,2024-07-02,7,2,0,3,1,1,0,0
2024-07-02 09:19:51.217867,Mumbai,-65.3,667.06,134.04,17.7,3.06,5G SA,Pixel 7,Vi,n258,56,25.3,39,2,303.97,5,False,Low,62.2,True,9,1,7,2024-07-02,4,2,6,0,1,3,0,1
2024-07-02 09:29:51.217864,Kolkata,-96.6,239.7,56.32,17.4,2.02,4G,iPhone 14,Vi,n258,22,20.0,39,3,472.46,4,True,High,70.1,True,9,1,7,2024-07-02,3,0,6,0,0,4,1,1
2024-07-02 09:39:51.217861,Berlin,-109.4,594.76,89.56,10.0,3.01,4G,Nord 4,Verizon,n41,27,33.4,2,0,432.73,3,False,Low,88.2,True,9,1,7,2024-07-02,0,0,5,3,1,2,0,1
2024-07-02 09:49:51.217859,New York,-87.9,166.39,121.09,18.7,2.97,5G NSA,Pixel 7,Verizon,n260,31,29.6,36,3,489.55,4,True,Low,98.2,True,9,1,7,2024-07-02,5,1,5,1,1,3,1,1
2024-07-02 09:59:51.217856,Kolkata,-93.1,761.59,96.0,12.7,0.33,5G NSA,iPhone 14,Jio,n258,19,45.0,49,1,74.9,1,True,Low,91.5,False,9,1,7,2024-07-02,3,1,3,0,1,4,1,0
2024-07-02 10:09:51.217851,Tokyo,-101.0,135.34,81.83,10.4,3.73,5G SA,iPhone 14,T-Mobile,n41,12,39.3,57,1,424.13,1,True,Medium,10.8,True,10,1,7,2024-07-02,7,2,4,3,2,4,1,1
2024-07-02 10:19:51.217849,San Francisco,-76.8,216.68,97.17,3.2,4.31,5G NSA,Pixel 7,AT&T,n41,30,34.5,54,1,326.59,1,False,High,97.0,False,10,1,7,2024-07-02,6,1,0,3,0,3,0,0
2024-07-02 10:29:51.217846,Kolkata,-73.5,467.23,144.14,4.0,4.38,5G SA,Galaxy S23,Vi,n28,32,36.0,14,1,379.2,2,True,Medium,45.9,True,10,1,7,2024-07-02,3,2,6,2,2,1,1,1
2024-07-02 10:39:51.217843,Tokyo,-109.9,613.95,74.05,11.6,4.31,5G SA,Pixel 7,T-Mobile,n78,89,33.2,11,1,409.88,5,False,Medium,81.8,False,10,1,7,2024-07-02,7,2,4,4,2,3,0,0
2024-07-02 10:49:51.217841,New York,-66.2,571.45,22.7,7.1,2.19,5G NSA,GT 7,Verizon,n260,42,36.3,34,3,18.97,5,True,Medium,73.9,False,10,1,7,2024-07-02,5,1,5,1,2,0,1,0
2024-07-02 10:59:51.217838,San Francisco,-75.4,448.65,78.35,9.3,0.36,5G SA,Pixel 7,T-Mobile,n78,52,29.6,25,4,248.38,1,True,Medium,73.1,False,10,1,7,2024-07-02,6,2,4,4,2,3,1,0
2024-07-02 11:09:51.217836,Mumbai,-60.2,168.06,131.86,9.6,3.24,4G,GT 7,Vi,n258,98,41.5,25,1,132.07,2,False,Medium,93.5,False,11,1,7,2024-07-02,4,0,6,0,2,0,0,0
2024-07-02 11:19:51.217833,Berlin,-70.5,306.88,69.72,4.1,4.48,5G SA,iPhone 14,T-Mobile,n78,25,36.2,3,4,417.04,2,True,Medium,93.0,False,11,1,7,2024-07-02,0,2,4,4,2,4,1,0
2024-07-02 11:29:51.217830,Mumbai,-70.0,470.95,71.96,12.7,3.1,5G NSA,GT 7,BSNL,n78,25,35.3,1,0,333.03,5,True,High,94.9,True,11,1,7,2024-07-02,4,1,2,4,0,0,1,1
2024-07-02 11:39:51.217828,Mumbai,-75.8,243.09,48.95,10.9,3.23,5G SA,Galaxy S23,Airtel,n28,25,41.4,32,1,309.9,5,False,High,21.7,False,11,1,7,2024-07-02,4,2,1,2,0,1,0,0
2024-07-02 11:49:51.217825,Chennai,-94.3,988.91,87.46,14.4,1.79,5G NSA,GT 7,Vi,n28,31,39.2,20,0,450.0,3,True,Low,49.6,True,11,1,7,2024-07-02,1,1,6,2,1,0,1,1
2024-07-02 11:59:51.217823,San Francisco,-91.2,761.39,59.36,16.8,4.09,5G NSA,GT 7,AT&T,n78,59,25.1,23,1,197.33,5,True,Medium,75.3,True,11,1,7,2024-07-02,6,1,0,4,2,0,1,1
2024-07-02 12:09:51.217820,New York,-98.6,647.65,33.47,4.6,2.56,5G NSA,Pixel 7,T-Mobile,n78,89,20.6,21,4,239.61,4,True,Low,10.7,True,12,1,7,2024-07-02,5,1,4,4,1,3,1,1
2024-07-02 12:19:51.217817,Berlin,-70.3,189.74,85.42,19.9,4.89,5G NSA,Nord 4,AT&T,n41,92,24.1,46,4,469.36,5,False,Medium,37.1,True,12,1,7,2024-07-02,0,1,0,3,2,2,0,1
2024-07-02 12:29:51.217815,Chennai,-85.7,539.02,131.0,16.3,1.47,5G NSA,GT 7,Airtel,n258,87,23.8,55,0,377.45,4,False,Low,22.0,False,12,1,7,2024-07-02,1,1,1,0,1,0,0,0
2024-07-02 12:39:51.217812,Kolkata,-76.0,353.67,145.49,8.4,1.7,4G,Pixel 7,Airtel,n28,77,26.3,2,3,449.42,5,False,Medium,53.9,False,12,1,7,2024-07-02,3,0,1,2,2,3,0,0
2024-07-02 12:49:51.217810,Chennai,-93.1,195.88,126.14,19.6,0.58,5G SA,GT 7,Airtel,n78,73,21.1,49,4,127.13,1,True,Low,18.6,False,12,1,7,2024-07-02,1,2,1,4,1,0,1,0
2024-07-02 12:59:51.217807,Tokyo,-98.1,111.95,46.67,11.4,2.21,5G NSA,Galaxy S23,Verizon,n41,91,31.1,16,4,302.0,2,False,Medium,33.1,False,12,1,7,2024-07-02,7,1,5,3,2,1,0,0
2024-07-02 13:09:51.217805,Kolkata,-89.3,890.55,134.43,13.2,1.3,5G NSA,iPhone 14,Vi,n28,36,41.0,34,1,437.93,4,True,Medium,60.9,True,13,1,7,2024-07-02,3,1,6,2,2,4,1,1
2024-07-02 13:19:51.217802,New York,-66.3,671.15,112.02,4.5,2.92,4G,Nord 4,AT&T,n78,67,30.7,7,2,225.32,1,True,High,15.2,False,13,1,7,2024-07-02,5,0,0,4,0,2,1,0
2024-07-02 13:29:51.217799,Mumbai,-66.8,183.02,101.41,18.7,4.02,5G NSA,Nord 4,Vi,n258,85,26.1,17,0,124.6,4,False,Medium,79.1,True,13,1,7,2024-07-02,4,1,6,0,2,2,0,1
2024-07-02 13:39:51.217797,Delhi,-80.3,404.03,65.3,4.1,4.07,5G NSA,Pixel 7,BSNL,n78,45,28.8,34,1,49.52,5,False,High,14.3,True,13,1,7,2024-07-02,2,1,2,4,0,3,0,1
2024-07-02 13:49:51.217794,Mumbai,-74.8,782.92,55.8,13.6,2.3,4G,Galaxy S23,Airtel,n28,82,31.0,52,1,354.36,1,False,High,29.9,False,13,1,7,2024-07-02,4,0,1,2,0,1,0,0
2024-07-02 13:59:51.217792,Delhi,-62.7,319.56,91.54,14.0,4.48,4G,iPhone 14,Vi,n78,43,42.7,27,1,438.24,1,True,Medium,79.9,True,13,1,7,2024-07-02,2,0,6,4,2,4,1,1
2024-07-02 14:09:51.217789,Mumbai,-107.3,887.59,87.36,11.7,3.61,4G,iPhone 14,Vi,n258,10,23.4,14,1,295.54,4,False,Low,11.9,False,14,1,7,2024-07-02,4,0,6,0,1,4,0,0
2024-07-02 14:19:51.217786,Berlin,-108.4,857.23,123.13,2.3,4.25,5G NSA,Pixel 7,Verizon,n41,27,44.2,22,4,131.17,5,True,Medium,15.6,False,14,1,7,2024-07-02,0,1,5,3,2,3,1,0
2024-07-02 14:29:51.217784,San Francisco,-100.6,546.49,97.66,4.2,2.63,5G SA,Pixel 7,Verizon,n41,71,21.8,8,4,494.4,1,True,Low,56.1,True,14,1,7,2024-07-02,6,2,5,3,1,3,1,1
2024-07-02 14:39:51.217781,Tokyo,-88.8,331.67,78.84,3.6,3.53,4G,Nord 4,Verizon,n78,90,24.5,34,3,247.11,3,True,Medium,23.8,True,14,1,7,2024-07-02,7,0,5,4,2,2,1,1
2024-07-02 14:49:51.217779,Chennai,-68.6,253.37,63.02,15.7,0.89,5G NSA,Nord 4,Airtel,n78,26,26.0,10,2,484.25,1,True,Medium,13.3,False,14,1,7,2024-07-02,1,1,1,4,2,2,1,0
2024-07-02 14:59:51.217776,Kolkata,-70.3,411.44,40.5,6.3,3.05,4G,Nord 4,BSNL,n78,19,37.9,7,0,334.37,1,False,Low,98.8,False,14,1,7,2024-07-02,3,0,2,4,1,2,0,0
2024-07-02 15:09:51.217773,Tokyo,-69.7,973.75,101.8,9.7,0.62,4G,Nord 4,AT&T,n78,75,20.5,25,2,495.33,5,True,Medium,39.2,False,15,1,7,2024-07-02,7,0,0,4,2,2,1,0
2024-07-02 15:19:51.217771,Delhi,-87.7,941.2,34.29,8.8,0.62,5G NSA,Nord 4,Jio,n258,25,22.6,44,0,47.22,1,False,High,35.3,False,15,1,7,2024-07-02,2,1,3,0,0,2,0,0
2024-07-02 15:29:51.217768,New York,-102.2,572.89,97.37,15.7,0.44,4G,GT 7,AT&T,n78,67,25.4,54,2,173.71,3,True,Low,68.8,False,15,1,7,2024-07-02,5,0,0,4,1,0,1,0
2024-07-02 15:39:51.217765,Kolkata,-64.7,761.73,139.82,2.5,4.97,5G NSA,iPhone 14,BSNL,n258,46,22.2,31,0,239.85,2,True,High,15.9,True,15,1,7,2024-07-02,3,1,2,0,0,4,1,1
2024-07-02 15:49:51.217763,Berlin,-104.9,372.08,32.4,5.5,3.97,4G,Galaxy S23,T-Mobile,n41,48,26.0,12,3,329.41,3,False,High,39.6,False,15,1,7,2024-07-02,0,0,4,3,0,1,0,0
2024-07-02 15:59:51.217760,New York,-94.3,772.5,107.24,15.3,3.11,4G,Pixel 7,AT&T,n260,21,31.6,31,0,229.86,4,False,Medium,75.7,True,15,1,7,2024-07-02,5,0,0,1,2,3,0,1
2024-07-02 16:09:51.217758,Tokyo,-78.7,581.16,100.38,20.0,1.76,4G,Nord 4,T-Mobile,n78,18,38.6,32,2,379.85,5,True,High,96.6,True,16,1,7,2024-07-02,7,0,4,4,0,2,1,1
2024-07-02 16:19:51.217755,Mumbai,-100.0,152.43,61.22,15.1,4.73,5G SA,iPhone 14,Vi,n78,60,37.6,29,1,376.17,1,True,Low,58.5,False,16,1,7,2024-07-02,4,2,6,4,1,4,1,0
2024-07-02 16:29:51.217753,San Francisco,-98.9,930.39,38.88,1.1,1.19,5G NSA,iPhone 14,AT&T,n78,11,22.8,21,3,168.82,2,True,Medium,18.6,True,16,1,7,2024-07-02,6,1,0,4,2,4,1,1
2024-07-02 16:39:51.217750,Delhi,-69.0,585.79,90.53,4.6,3.92,5G NSA,iPhone 14,Jio,n78,15,25.0,47,1,228.96,3,True,Low,35.1,False,16,1,7,2024-07-02,2,1,3,4,1,4,1,0
2024-07-02 16:49:51.217747,Mumbai,-88.9,718.34,76.94,1.9,4.74,5G NSA,Galaxy S23,BSNL,n78,30,29.1,2,4,373.43,1,True,Low,89.2,True,16,1,7,2024-07-02,4,1,2,4,1,1,1,1
2024-07-02 16:59:51.217745,Chennai,-105.7,551.34,46.06,10.9,3.76,5G NSA,GT 7,BSNL,n78,35,34.7,45,0,204.85,1,False,Low,49.1,False,16,1,7,2024-07-02,1,1,2,4,1,0,0,0
2024-07-02 17:09:51.217742,Mumbai,-61.6,815.15,31.58,1.2,4.02,5G SA,Nord 4,BSNL,n28,78,27.9,25,1,497.13,5,False,High,94.1,True,17,1,7,2024-07-02,4,2,2,2,0,2,0,1
2024-07-02 17:19:51.217740,Kolkata,-101.6,953.86,64.09,15.6,2.04,5G SA,Galaxy S23,Vi,n78,63,35.3,19,2,305.84,4,False,High,66.2,True,17,1,7,2024-07-02,3,2,6,4,0,1,0,1
2024-07-02 17:29:51.217737,Kolkata,-61.9,508.82,142.96,7.7,4.64,4G,GT 7,Airtel,n78,58,38.1,1,0,484.04,1,True,Medium,42.8,False,17,1,7,2024-07-02,3,0,1,4,2,0,1,0
2024-07-02 17:39:51.217734,Chennai,-66.1,311.71,127.99,14.2,1.74,4G,Pixel 7,Vi,n78,77,39.6,48,2,256.25,3,True,Medium,65.6,True,17,1,7,2024-07-02,1,0,6,4,2,3,1,1
2024-07-02 17:49:51.217732,Berlin,-105.9,616.52,96.9,10.7,2.79,4G,iPhone 14,AT&T,n78,61,43.7,28,0,213.63,4,False,Medium,22.2,True,17,1,7,2024-07-02,0,0,0,4,2,4,0,1
2024-07-02 17:59:51.217729,Berlin,-75.9,464.4,121.88,17.2,2.91,5G SA,GT 7,Verizon,n78,92,28.1,59,4,123.3,5,False,Low,72.1,True,17,1,7,2024-07-02,0,2,5,4,1,0,0,1
2024-07-02 18:09:51.217727,Kolkata,-65.8,913.33,118.73,13.5,3.53,5G NSA,Pixel 7,Vi,n258,62,22.2,30,4,332.31,3,True,Medium,58.0,False,18,1,7,2024-07-02,3,1,6,0,2,3,1,0
2024-07-02 18:19:51.217724,Berlin,-65.6,315.89,61.11,12.9,1.15,5G NSA,iPhone 14,Verizon,n260,70,21.7,13,4,26.31,1,True,Medium,99.5,True,18,1,7,2024-07-02,0,1,5,1,2,4,1,1
2024-07-02 18:29:51.217722,Mumbai,-73.5,152.75,59.59,8.3,1.27,5G NSA,iPhone 14,BSNL,n258,58,36.2,24,0,37.8,5,False,Low,56.1,True,18,1,7,2024-07-02,4,1,2,0,1,4,0,1
2024-07-02 18:39:51.217719,San Francisco,-83.0,349.58,80.93,1.1,3.21,4G,Nord 4,Verizon,n78,43,29.3,56,3,145.12,1,False,High,94.7,False,18,1,7,2024-07-02,6,0,5,4,0,2,0,0
2024-07-02 18:49:51.217717,Tokyo,-68.2,935.02,41.51,11.2,2.05,4G,Pixel 7,T-Mobile,n260,70,34.7,45,2,394.2,3,True,Medium,80.8,False,18,1,7,2024-07-02,7,0,4,1,2,3,1,0
2024-07-02 18:59:51.217714,Chennai,-71.4,273.13,46.15,10.6,0.56,5G NSA,GT 7,Airtel,n78,30,43.3,34,3,298.12,3,True,High,65.8,True,18,1,7,2024-07-02,1,1,1,4,0,0,1,1
2024-07-02 19:09:51.217712,Chennai,-80.7,275.26,24.34,8.7,3.14,5G SA,GT 7,BSNL,n28,67,29.1,47,0,57.74,2,True,Low,45.5,True,19,1,7,2024-07-02,1,2,2,2,1,0,1,1
2024-07-02 19:19:51.217709,Berlin,-89.7,920.43,92.99,12.1,1.39,5G SA,Nord 4,AT&T,n260,50,42.7,47,3,437.47,5,False,Medium,84.3,True,19,1,7,2024-07-02,0,2,0,1,2,2,0,1
2024-07-02 19:29:51.217706,Berlin,-101.4,795.16,141.26,2.4,2.1,5G SA,iPhone 14,T-Mobile,n78,78,44.8,12,2,323.94,3,False,Low,89.1,True,19,1,7,2024-07-02,0,2,4,4,1,4,0,1
2024-07-02 19:39:51.217704,Kolkata,-89.1,994.44,96.07,15.9,0.36,4G,GT 7,BSNL,n28,38,24.5,3,0,50.84,4,True,Medium,89.1,True,19,1,7,2024-07-02,3,0,2,2,2,0,1,1
2024-07-02 19:49:51.217701,Mumbai,-66.1,950.23,70.29,9.4,0.36,5G NSA,Galaxy S23,Airtel,n258,48,42.3,14,0,209.29,1,False,Low,23.4,False,19,1,7,2024-07-02,4,1,1,0,1,1,0,0
2024-07-02 19:59:51.217699,Kolkata,-88.1,896.67,40.32,8.5,4.17,5G NSA,Galaxy S23,Airtel,n28,11,44.7,58,4,42.56,4,True,High,30.9,False,19,1,7,2024-07-02,3,1,1,2,0,1,1,0
2024-07-02 20:09:51.217696,Delhi,-80.7,850.48,108.1,16.1,4.89,5G SA,Nord 4,Vi,n258,99,20.7,10,1,37.58,1,True,High,76.5,False,20,1,7,2024-07-02,2,2,6,0,0,2,1,0
2024-07-02 20:19:51.217693,Delhi,-78.8,447.73,89.33,6.9,3.68,5G NSA,GT 7,Airtel,n258,66,28.6,17,1,463.86,1,True,Low,97.9,False,20,1,7,2024-07-02,2,1,1,0,1,0,1,0
2024-07-02 20:29:51.217691,Chennai,-98.1,815.59,39.19,15.9,4.64,5G SA,Galaxy S23,Airtel,n258,27,42.1,39,4,107.91,5,True,Medium,91.3,True,20,1,7,2024-07-02,1,2,1,0,2,1,1,1
2024-07-02 20:39:51.217688,Mumbai,-108.6,948.41,126.57,14.7,0.64,5G NSA,Nord 4,BSNL,n28,71,27.8,58,2,334.56,2,False,Medium,50.1,True,20,1,7,2024-07-02,4,1,2,2,2,2,0,1
2024-07-02 20:49:51.217686,San Francisco,-103.7,748.86,116.1,14.7,0.26,5G SA,Galaxy S23,AT&T,n41,92,37.6,13,2,352.55,3,False,Low,94.6,True,20,1,7,2024-07-02,6,2,0,3,1,1,0,1
2024-07-02 20:59:51.217683,Tokyo,-103.0,972.71,122.66,19.0,1.75,5G NSA,Pixel 7,Verizon,n41,33,25.9,24,3,105.39,2,False,Low,49.1,False,20,1,7,2024-07-02,7,1,5,3,1,3,0,0
2024-07-02 21:09:51.217680,Tokyo,-79.0,989.92,62.04,10.9,0.6,4G,Nord 4,T-Mobile,n260,55,24.9,50,0,321.39,1,True,Medium,33.2,True,21,1,7,2024-07-02,7,0,4,1,2,2,1,1
2024-07-02 21:19:51.217678,Mumbai,-81.8,561.13,112.25,4.0,1.29,5G SA,Nord 4,BSNL,n258,10,31.3,35,2,462.23,3,True,Medium,13.0,True,21,1,7,2024-07-02,4,2,2,0,2,2,1,1
2024-07-02 21:29:51.217675,Tokyo,-89.7,227.91,67.7,10.5,0.75,5G SA,Galaxy S23,AT&T,n260,68,43.6,53,3,95.18,3,False,High,63.9,True,21,1,7,2024-07-02,7,2,0,1,0,1,0,1
2024-07-02 21:39:51.217673,Berlin,-80.8,955.25,32.94,18.2,1.16,5G NSA,Galaxy S23,AT&T,n78,55,38.5,37,4,433.62,2,True,Medium,81.4,False,21,1,7,2024-07-02,0,1,0,4,2,1,1,0
2024-07-02 21:49:51.217670,Mumbai,-79.1,512.95,142.99,16.0,4.87,5G NSA,GT 7,Vi,n258,95,40.7,47,3,78.45,4,True,High,82.5,True,21,1,7,2024-07-02,4,1,6,0,0,0,1,1
2024-07-02 21:59:51.217667,Delhi,-63.2,469.22,63.14,5.5,2.43,4G,GT 7,BSNL,n258,40,27.0,21,0,478.23,5,False,Low,82.1,False,21,1,7,2024-07-02,2,0,2,0,1,0,0,0
2024-07-02 22:09:51.217665,New York,-63.8,899.13,42.39,11.9,2.07,5G NSA,Nord 4,AT&T,n260,52,37.6,40,1,246.84,5,False,Low,92.1,False,22,1,7,2024-07-02,5,1,0,1,1,2,0,0
2024-07-02 22:19:51.217662,Kolkata,-66.6,125.93,37.5,15.1,4.08,5G NSA,Galaxy S23,Jio,n78,88,22.8,11,4,201.99,5,True,Medium,92.7,False,22,1,7,2024-07-02,3,1,3,4,2,1,1,0
2024-07-02 22:29:51.217660,Chennai,-64.2,746.85,75.6,1.1,1.64,5G NSA,GT 7,Airtel,n78,56,21.7,47,1,328.06,3,False,Medium,44.6,False,22,1,7,2024-07-02,1,1,1,4,2,0,0,0
2024-07-02 22:39:51.217657,Delhi,-73.5,544.1,121.63,15.1,1.25,5G NSA,Nord 4,Jio,n78,22,24.1,1,3,192.03,2,False,Medium,16.1,True,22,1,7,2024-07-02,2,1,3,4,2,2,0,1
2024-07-02 22:49:51.217654,Kolkata,-60.7,542.44,78.53,10.6,0.2,5G SA,Galaxy S23,Jio,n258,76,39.6,16,4,305.45,4,True,Medium,47.0,False,22,1,7,2024-07-02,3,2,3,0,2,1,1,0
2024-07-02 22:59:51.217652,Kolkata,-90.7,915.32,114.93,15.7,0.42,4G,Pixel 7,Airtel,n28,31,33.7,42,2,499.34,1,True,Medium,82.8,False,22,1,7,2024-07-02,3,0,1,2,2,3,1,0
2024-07-02 23:09:51.217649,New York,-102.6,453.36,122.4,15.2,1.44,5G NSA,iPhone 14,AT&T,n260,67,31.0,53,4,291.84,3,True,Low,90.7,False,23,1,7,2024-07-02,5,1,0,1,1,4,1,0
2024-07-02 23:19:51.217647,Kolkata,-90.8,110.49,70.58,19.4,2.65,4G,Galaxy S23,BSNL,n28,87,31.1,30,1,135.87,3,False,Medium,41.5,False,23,1,7,2024-07-02,3,0,2,2,2,1,0,0
2024-07-02 23:29:51.217644,Chennai,-70.9,669.98,117.07,12.0,2.77,4G,iPhone 14,BSNL,n28,18,38.8,50,4,451.07,5,True,Medium,84.9,True,23,1,7,2024-07-02,1,0,2,2,2,4,1,1
2024-07-02 23:39:51.217642,Chennai,-92.6,711.2,37.82,6.1,3.48,4G,GT 7,BSNL,n28,52,21.3,39,3,120.78,5,True,Low,49.9,True,23,1,7,2024-07-02,1,0,2,2,1,0,1,1
2024-07-02 23:49:51.217639,San Francisco,-71.9,420.84,38.41,3.3,2.19,5G SA,GT 7,T-Mobile,n41,30,33.9,52,1,90.89,4,False,Medium,91.1,False,23,1,7,2024-07-02,6,2,4,3,2,0,0,0
2024-07-02 23:59:51.217636,Berlin,-65.9,375.7,112.15,8.2,2.77,5G SA,Nord 4,Verizon,n41,94,26.1,34,1,54.53,5,True,Medium,70.8,False,23,1,7,2024-07-02,0,2,5,3,2,2,1,0
2024-07-03 00:09:51.217634,Berlin,-88.4,709.68,121.71,8.2,4.29,4G,Nord 4,AT&T,n78,63,30.2,38,4,222.72,4,False,Medium,65.6,False,0,2,7,2024-07-03,0,0,0,4,2,2,0,0
2024-07-03 00:19:51.217628,San Francisco,-101.2,193.49,92.21,9.8,0.25,5G NSA,Nord 4,Verizon,n260,77,24.1,38,3,498.74,5,True,High,57.2,True,0,2,7,2024-07-03,6,1,5,1,0,2,1,1
2024-07-03 00:29:51.217626,New York,-105.9,679.64,106.61,14.3,3.07,5G SA,GT 7,AT&T,n78,70,25.5,19,4,274.65,3,True,Medium,57.2,False,0,2,7,2024-07-03,5,2,0,4,2,0,1,0
2024-07-03 00:39:51.217623,New York,-105.9,371.55,86.93,2.3,3.64,5G NSA,Nord 4,AT&T,n260,64,42.7,57,4,28.99,1,True,Medium,29.7,True,0,2,7,2024-07-03,5,1,0,1,2,2,1,1
2024-07-03 00:49:51.217620,New York,-83.7,401.96,78.61,6.5,2.26,5G SA,Nord 4,T-Mobile,n260,92,42.9,27,4,280.82,2,False,High,61.4,False,0,2,7,2024-07-03,5,2,4,1,0,2,0,0
2024-07-03 00:59:51.217618,Tokyo,-94.6,854.2,93.52,7.1,2.7,5G SA,Galaxy S23,Verizon,n78,75,35.5,23,4,18.32,2,False,Medium,65.2,False,0,2,7,2024-07-03,7,2,5,4,2,1,0,0
2024-07-03 01:09:51.217615,New York,-82.9,507.15,93.42,4.7,1.16,5G SA,Galaxy S23,AT&T,n78,30,38.2,53,0,142.5,5,True,High,33.8,True,1,2,7,2024-07-03,5,2,0,4,0,1,1,1
2024-07-03 01:19:51.217613,Chennai,-104.9,567.03,140.21,3.6,0.64,5G NSA,GT 7,Airtel,n258,50,32.7,38,0,236.43,2,True,High,88.7,True,1,2,7,2024-07-03,1,1,1,0,0,0,1,1
2024-07-03 01:29:51.217610,Tokyo,-75.2,118.9,55.2,17.9,3.78,5G SA,Galaxy S23,T-Mobile,n41,30,28.1,32,3,87.77,5,False,High,58.3,False,1,2,7,2024-07-03,7,2,4,3,0,1,0,0
2024-07-03 01:39:51.217607,Berlin,-91.3,159.38,91.95,14.6,0.57,4G,iPhone 14,AT&T,n41,85,34.3,3,1,283.81,5,False,High,67.2,True,1,2,7,2024-07-03,0,0,0,3,0,4,0,1
2024-07-03 01:49:51.217605,Mumbai,-67.4,205.09,112.02,18.4,2.73,5G NSA,iPhone 14,Jio,n28,35,24.7,39,0,72.19,5,False,Low,76.7,True,1,2,7,2024-07-03,4,1,3,2,1,4,0,1
2024-07-03 01:59:51.217602,Kolkata,-105.6,764.53,144.87,10.8,2.07,5G SA,GT 7,BSNL,n78,78,39.5,21,2,282.19,3,False,Medium,63.8,False,1,2,7,2024-07-03,3,2,2,4,2,0,0,0
2024-07-03 02:09:51.217600,Delhi,-77.9,547.22,140.4,5.9,2.58,5G NSA,GT 7,Jio,n258,21,39.8,13,1,465.74,3,False,Medium,60.3,False,2,2,7,2024-07-03,2,1,3,0,2,0,0,0
2024-07-03 02:19:51.217597,Berlin,-63.8,572.61,79.88,5.1,1.88,5G NSA,Nord 4,Verizon,n78,74,36.8,34,2,389.73,1,True,High,29.4,False,2,2,7,2024-07-03,0,1,5,4,0,2,1,0
2024-07-03 02:29:51.217595,Tokyo,-82.5,958.38,128.01,18.9,0.13,4G,Nord 4,T-Mobile,n260,72,29.1,11,2,226.76,2,True,Low,71.8,True,2,2,7,2024-07-03,7,0,4,1,1,2,1,1
2024-07-03 02:39:51.217592,Kolkata,-67.2,359.07,102.36,12.0,4.08,4G,Galaxy S23,Jio,n258,61,26.4,41,1,335.13,1,False,Medium,66.0,False,2,2,7,2024-07-03,3,0,3,0,2,1,0,0
2024-07-03 02:49:51.217589,New York,-90.2,128.53,24.09,8.7,2.67,5G NSA,Nord 4,T-Mobile,n41,77,44.7,1,3,411.51,1,False,Low,13.1,False,2,2,7,2024-07-03,5,1,4,3,1,2,0,0
2024-07-03 02:59:51.217587,Berlin,-105.9,225.26,104.99,3.2,3.06,5G NSA,Nord 4,Verizon,n260,45,20.6,46,4,308.31,1,False,Medium,67.4,False,2,2,7,2024-07-03,0,1,5,1,2,2,0,0
2024-07-03 03:09:51.217584,Berlin,-80.8,829.77,65.63,3.8,0.42,5G SA,Nord 4,T-Mobile,n260,52,36.2,15,3,108.41,2,True,High,80.1,True,3,2,7,2024-07-03,0,2,4,1,0,2,1,1
2024-07-03 03:19:51.217582,Tokyo,-94.5,756.7,66.64,12.9,4.29,4G,Galaxy S23,Verizon,n260,27,37.5,42,2,462.53,3,False,Medium,71.5,True,3,2,7,2024-07-03,7,0,5,1,2,1,0,1
2024-07-03 03:29:51.217579,New York,-96.5,554.72,114.02,17.1,1.09,4G,Galaxy S23,Verizon,n260,48,33.0,26,2,34.68,3,False,High,35.1,True,3,2,7,2024-07-03,5,0,5,1,0,1,0,1
2024-07-03 03:39:51.217576,Berlin,-60.1,194.13,21.15,5.8,4.96,5G SA,Nord 4,T-Mobile,n78,81,37.8,24,2,177.14,3,False,High,81.2,True,3,2,7,2024-07-03,0,2,4,4,0,2,0,1
2024-07-03 03:49:51.217574,Delhi,-85.8,496.99,116.4,10.1,3.47,4G,Nord 4,Jio,n78,78,37.7,47,3,215.63,2,True,Medium,50.7,False,3,2,7,2024-07-03,2,0,3,4,2,2,1,0
2024-07-03 03:59:51.217571,Delhi,-63.2,887.95,44.96,18.8,3.29,5G NSA,Pixel 7,Jio,n28,91,29.2,52,4,26.29,5,True,Medium,51.9,False,3,2,7,2024-07-03,2,1,3,2,2,3,1,0
2024-07-03 04:09:51.217569,Chennai,-79.7,592.98,81.44,6.4,1.38,5G SA,iPhone 14,Vi,n78,83,23.8,35,3,145.86,1,False,High,29.6,False,4,2,7,2024-07-03,1,2,6,4,0,4,0,0
2024-07-03 04:19:51.217566,Berlin,-76.7,900.87,56.62,1.4,2.19,5G NSA,Nord 4,Verizon,n78,98,44.8,43,4,307.0,1,True,Medium,29.7,False,4,2,7,2024-07-03,0,1,5,4,2,2,1,0
2024-07-03 04:29:51.217563,New York,-100.4,411.43,82.07,9.8,4.62,4G,GT 7,T-Mobile,n78,63,36.7,23,2,268.21,2,False,Medium,39.1,True,4,2,7,2024-07-03,5,0,4,4,2,0,0,1
2024-07-03 04:39:51.217561,San Francisco,-80.2,392.34,67.45,11.8,4.43,4G,Galaxy S23,T-Mobile,n41,94,25.9,57,2,357.69,1,True,High,46.0,False,4,2,7,2024-07-03,6,0,4,3,0,1,1,0
2024-07-03 04:49:51.217558,Mumbai,-96.2,431.66,57.53,19.1,1.02,5G NSA,Nord 4,Jio,n258,42,44.3,44,2,309.24,4,True,High,13.4,False,4,2,7,2024-07-03,4,1,3,0,0,2,1,0
2024-07-03 04:59:51.217556,New York,-90.5,939.08,85.09,18.7,0.58,5G SA,iPhone 14,AT&T,n41,19,37.6,38,1,120.56,3,False,High,38.6,True,4,2,7,2024-07-03,5,2,0,3,0,4,0,1
2024-07-03 05:09:51.217553,Tokyo,-79.7,799.16,74.23,8.5,2.47,5G NSA,iPhone 14,T-Mobile,n78,78,29.8,49,1,313.64,1,False,High,72.2,True,5,2,7,2024-07-03,7,1,4,4,0,4,0,1
2024-07-03 05:19:51.217550,New York,-97.2,438.77,132.95,5.4,2.11,4G,GT 7,Verizon,n260,25,28.2,45,0,267.51,1,False,High,24.1,False,5,2,7,2024-07-03,5,0,5,1,0,0,0,0
2024-07-03 05:29:51.217548,Berlin,-78.1,998.01,126.79,15.8,2.48,5G NSA,Pixel 7,AT&T,n78,52,24.0,32,1,273.25,3,False,Low,73.3,True,5,2,7,2024-07-03,0,1,0,4,1,3,0,1
2024-07-03 05:39:51.217545,New York,-104.7,155.24,86.17,13.6,3.85,5G NSA,Galaxy S23,T-Mobile,n260,44,44.4,47,4,88.91,5,False,Medium,55.9,True,5,2,7,2024-07-03,5,1,4,1,2,1,0,1
2024-07-03 05:49:51.217543,Delhi,-95.4,505.15,56.48,8.6,3.66,5G NSA,GT 7,Airtel,n78,83,43.0,24,1,402.38,1,False,Medium,40.7,False,5,2,7,2024-07-03,2,1,1,4,2,0,0,0
2024-07-03 05:59:51.217540,Delhi,-60.9,918.93,129.5,4.0,3.45,4G,Nord 4,Airtel,n258,86,30.8,42,3,117.1,5,False,Low,67.6,True,5,2,7,2024-07-03,2,0,1,0,1,2,0,1
2024-07-03 06:09:51.217537,New York,-103.2,856.55,118.48,17.5,1.33,4G,Nord 4,AT&T,n41,90,34.7,26,2,91.14,3,False,High,70.6,True,6,2,7,2024-07-03,5,0,0,3,0,2,0,1
2024-07-03 06:19:51.217535,Chennai,-109.4,479.04,93.53,3.8,3.64,5G SA,Galaxy S23,BSNL,n258,97,43.0,6,2,263.46,4,True,Medium,37.8,False,6,2,7,2024-07-03,1,2,2,0,2,1,1,0
2024-07-03 06:29:51.217532,New York,-109.9,652.12,23.26,16.5,1.63,5G SA,iPhone 14,AT&T,n260,70,44.7,5,4,155.49,3,True,Low,35.7,False,6,2,7,2024-07-03,5,2,0,1,1,4,1,0
2024-07-03 06:39:51.217530,Berlin,-66.5,404.23,38.09,6.2,2.81,4G,iPhone 14,AT&T,n41,32,37.6,13,2,121.84,3,True,Medium,31.6,False,6,2,7,2024-07-03,0,0,0,3,2,4,1,0
2024-07-03 06:49:51.217527,San Francisco,-97.6,317.89,35.13,8.0,1.29,4G,Nord 4,Verizon,n41,16,24.4,5,1,261.46,5,False,Medium,89.8,True,6,2,7,2024-07-03,6,0,5,3,2,2,0,1
2024-07-03 06:59:51.217525,Berlin,-95.7,125.41,48.86,13.2,1.92,4G,Galaxy S23,T-Mobile,n260,66,40.7,28,0,327.56,1,True,High,16.5,True,6,2,7,2024-07-03,0,0,4,1,0,1,1,1
2024-07-03 07:09:51.217522,Chennai,-77.4,236.27,62.73,13.1,2.13,5G SA,Pixel 7,Vi,n28,87,28.1,14,0,160.53,1,True,Low,13.1,True,7,2,7,2024-07-03,1,2,6,2,1,3,1,1
2024-07-03 07:19:51.217520,Chennai,-82.8,777.93,24.89,13.2,0.77,5G NSA,Nord 4,Jio,n258,48,27.4,51,4,189.44,5,True,Low,80.3,True,7,2,7,2024-07-03,1,1,3,0,1,2,1,1
2024-07-03 07:29:51.217517,Kolkata,-74.1,501.55,78.29,1.6,1.6,4G,GT 7,Airtel,n78,77,42.5,49,3,53.96,3,False,Medium,27.9,False,7,2,7,2024-07-03,3,0,1,4,2,0,0,0
2024-07-03 07:39:51.217514,San Francisco,-92.4,562.54,70.47,13.8,4.77,4G,iPhone 14,Verizon,n78,25,38.3,40,4,462.0,2,False,Medium,13.5,True,7,2,7,2024-07-03,6,0,5,4,2,4,0,1
2024-07-03 07:49:51.217512,New York,-71.0,213.45,53.07,15.3,0.34,4G,GT 7,T-Mobile,n78,66,32.7,43,0,424.82,2,True,Medium,75.8,False,7,2,7,2024-07-03,5,0,4,4,2,0,1,0
2024-07-03 07:59:51.217509,San Francisco,-69.4,973.06,117.28,13.5,2.33,5G SA,iPhone 14,T-Mobile,n260,14,27.6,46,2,414.4,5,True,High,95.9,True,7,2,7,2024-07-03,6,2,4,1,0,4,1,1
2024-07-03 08:09:51.217507,Delhi,-90.7,845.97,81.45,9.2,2.53,5G SA,Nord 4,Airtel,n28,88,22.2,30,0,487.39,4,True,High,84.2,False,8,2,7,2024-07-03,2,2,1,2,0,2,1,0
2024-07-03 08:19:51.217504,Kolkata,-106.4,889.45,140.67,8.5,3.98,5G NSA,Galaxy S23,Jio,n258,24,35.8,14,3,103.07,2,True,Low,95.1,True,8,2,7,2024-07-03,3,1,3,0,1,1,1,1
2024-07-03 08:29:51.217501,San Francisco,-81.7,805.44,107.21,14.2,3.31,5G SA,Nord 4,AT&T,n78,93,34.0,56,0,124.57,3,True,Low,25.0,True,8,2,7,2024-07-03,6,2,0,4,1,2,1,1
2024-07-03 08:39:51.217499,Berlin,-87.6,267.74,71.93,14.7,0.65,5G NSA,Nord 4,T-Mobile,n78,75,30.9,2,1,211.11,5,True,High,71.5,False,8,2,7,2024-07-03,0,1,4,4,0,2,1,0
2024-07-03 08:49:51.217496,Berlin,-72.0,145.79,72.53,13.3,2.07,4G,GT 7,AT&T,n78,51,30.1,35,1,20.22,5,True,High,57.2,True,8,2,7,2024-07-03,0,0,0,4,0,0,1,1
2024-07-03 08:59:51.217494,Delhi,-92.4,172.77,39.54,4.6,0.12,5G NSA,GT 7,Airtel,n258,79,40.9,17,1,438.3,1,True,Low,55.3,False,8,2,7,2024-07-03,2,1,1,0,1,0,1,0
2024-07-03 09:09:51.217491,New York,-90.2,117.43,130.77,2.7,3.35,5G NSA,iPhone 14,Verizon,n41,63,20.4,43,4,322.14,4,True,High,46.8,True,9,2,7,2024-07-03,5,1,5,3,0,4,1,1
2024-07-03 09:19:51.217489,Mumbai,-63.2,310.22,126.0,16.8,3.17,5G NSA,iPhone 14,Jio,n258,34,24.0,8,0,65.73,2,True,Medium,41.6,False,9,2,7,2024-07-03,4,1,3,0,2,4,1,0
2024-07-03 09:29:51.217486,San Francisco,-62.8,620.7,53.86,16.8,4.9,5G SA,Pixel 7,AT&T,n41,67,42.6,37,2,403.9,3,False,Low,77.7,True,9,2,7,2024-07-03,6,2,0,3,1,3,0,1
2024-07-03 09:39:51.217483,Tokyo,-64.5,981.17,82.9,16.5,1.08,5G NSA,iPhone 14,AT&T,n260,77,23.5,22,3,337.62,3,True,High,46.1,False,9,2,7,2024-07-03,7,1,0,1,0,4,1,0
2024-07-03 09:49:51.217481,New York,-95.2,235.45,78.61,10.3,3.01,5G NSA,Galaxy S23,T-Mobile,n78,99,32.4,17,3,165.94,3,False,Low,48.4,False,9,2,7,2024-07-03,5,1,4,4,1,1,0,0
2024-07-03 09:59:51.217478,San Francisco,-104.4,205.87,35.77,11.9,0.47,5G NSA,Nord 4,Verizon,n41,15,20.0,17,2,143.16,5,True,High,48.2,True,9,2,7,2024-07-03,6,1,5,3,0,2,1,1
2024-07-03 10:09:51.217476,New York,-71.2,803.22,24.76,18.6,3.52,4G,Pixel 7,AT&T,n41,13,29.4,48,3,81.27,4,True,Low,23.6,True,10,2,7,2024-07-03,5,0,0,3,1,3,1,1
2024-07-03 10:19:51.217473,Kolkata,-84.6,923.87,60.28,4.9,0.75,5G NSA,GT 7,BSNL,n78,96,25.7,43,4,284.0,4,True,Medium,28.2,False,10,2,7,2024-07-03,3,1,2,4,2,0,1,0
2024-07-03 10:29:51.217470,Tokyo,-100.9,839.17,79.08,5.7,3.67,4G,Galaxy S23,AT&T,n78,51,33.9,7,0,122.34,2,True,Medium,37.2,False,10,2,7,2024-07-03,7,0,0,4,2,1,1,0
2024-07-03 10:39:51.217468,Chennai,-102.6,825.43,131.67,13.7,0.8,5G SA,Nord 4,Airtel,n78,20,43.5,41,3,193.29,1,False,Low,29.8,False,10,2,7,2024-07-03,1,2,1,4,1,2,0,0
2024-07-03 10:49:51.217465,Tokyo,-109.8,440.68,104.34,18.1,2.58,4G,Nord 4,AT&T,n41,56,28.7,22,1,370.22,5,True,High,32.4,True,10,2,7,2024-07-03,7,0,0,3,0,2,1,1
2024-07-03 10:59:51.217463,Chennai,-72.7,976.65,148.94,8.1,4.15,4G,Nord 4,Jio,n78,19,40.3,54,1,349.75,3,True,Low,83.7,False,10,2,7,2024-07-03,1,0,3,4,1,2,1,0
2024-07-03 11:09:51.217461,Tokyo,-76.8,761.1,144.59,15.1,4.88,4G,GT 7,Verizon,n78,80,29.1,41,2,462.38,5,False,Low,23.4,False,11,2,7,2024-07-03,7,0,5,4,1,0,0,0
2024-07-03 11:19:51.217458,Kolkata,-67.1,996.2,109.74,19.8,3.53,5G SA,iPhone 14,Jio,n28,52,37.1,40,4,134.63,1,False,High,36.1,False,11,2,7,2024-07-03,3,2,3,2,0,4,0,0
2024-07-03 11:29:51.217455,Tokyo,-60.7,867.49,53.88,1.3,1.78,4G,Nord 4,T-Mobile,n260,29,38.2,16,4,446.97,1,True,Medium,48.1,True,11,2,7,2024-07-03,7,0,4,1,2,2,1,1
2024-07-03 11:39:51.217453,Mumbai,-78.5,725.56,124.82,8.8,0.37,5G NSA,Nord 4,Airtel,n78,53,24.7,36,4,431.58,5,True,Medium,70.3,True,11,2,7,2024-07-03,4,1,1,4,2,2,1,1
2024-07-03 11:49:51.217450,Mumbai,-67.5,680.54,146.57,10.3,2.17,5G SA,GT 7,BSNL,n258,78,28.5,48,2,220.24,3,True,High,36.0,True,11,2,7,2024-07-03,4,2,2,0,0,0,1,1
2024-07-03 11:59:51.217448,Mumbai,-109.3,742.44,63.26,14.7,3.54,5G SA,Pixel 7,Airtel,n78,64,41.6,28,0,302.23,5,False,Low,90.2,True,11,2,7,2024-07-03,4,2,1,4,1,3,0,1
2024-07-03 12:09:51.217445,Tokyo,-97.3,489.44,54.58,13.9,4.46,5G SA,GT 7,T-Mobile,n41,18,43.2,58,4,361.2,3,False,High,63.2,False,12,2,7,2024-07-03,7,2,4,3,0,0,0,0
2024-07-03 12:19:51.217442,Kolkata,-100.5,392.1,74.22,9.3,1.73,5G SA,Galaxy S23,Vi,n78,79,44.0,26,2,242.66,2,False,Medium,87.4,True,12,2,7,2024-07-03,3,2,6,4,2,1,0,1
2024-07-03 12:29:51.217440,Mumbai,-91.5,949.28,91.42,11.4,1.58,5G SA,Nord 4,BSNL,n258,11,22.3,14,3,232.04,2,False,Low,61.9,True,12,2,7,2024-07-03,4,2,2,0,1,2,0,1
2024-07-03 12:39:51.217437,Kolkata,-68.8,424.61,69.03,5.9,2.37,5G SA,iPhone 14,Airtel,n28,72,43.6,54,0,217.25,5,True,High,94.2,False,12,2,7,2024-07-03,3,2,1,2,0,4,1,0
2024-07-03 12:49:51.217435,New York,-100.7,280.95,76.31,15.3,3.09,5G SA,Galaxy S23,Verizon,n260,17,36.0,8,1,259.04,3,False,Medium,33.5,False,12,2,7,2024-07-03,5,2,5,1,2,1,0,0
2024-07-03 12:59:51.217432,Kolkata,-78.0,475.01,99.88,13.5,4.29,5G SA,Nord 4,Vi,n78,44,21.8,47,0,50.92,5,True,Medium,50.5,True,12,2,7,2024-07-03,3,2,6,4,2,2,1,1
2024-07-03 13:09:51.217429,San Francisco,-63.7,544.5,86.66,9.2,2.56,5G SA,Nord 4,AT&T,n78,42,39.8,18,2,47.13,1,True,Medium,89.6,True,13,2,7,2024-07-03,6,2,0,4,2,2,1,1
2024-07-03 13:19:51.217427,Kolkata,-69.4,827.16,52.24,7.7,4.85,5G SA,Galaxy S23,BSNL,n258,92,28.3,57,0,180.77,3,True,Low,97.2,False,13,2,7,2024-07-03,3,2,2,0,1,1,1,0
2024-07-03 13:29:51.217424,Kolkata,-81.9,455.61,32.35,12.3,1.88,4G,GT 7,Airtel,n28,69,43.6,47,1,476.91,5,True,High,32.6,True,13,2,7,2024-07-03,3,0,1,2,0,0,1,1
2024-07-03 13:39:51.217422,San Francisco,-108.2,517.25,38.74,15.9,3.96,5G NSA,Nord 4,Verizon,n260,51,36.3,30,1,463.2,3,False,Medium,20.7,False,13,2,7,2024-07-03,6,1,5,1,2,2,0,0
2024-07-03 13:49:51.217419,Chennai,-102.7,613.79,40.43,11.8,4.59,5G SA,Galaxy S23,Airtel,n258,28,24.9,53,1,423.83,1,True,Low,91.3,True,13,2,7,2024-07-03,1,2,1,0,1,1,1,1
2024-07-03 13:59:51.217416,San Francisco,-73.8,143.99,127.54,3.8,0.7,5G NSA,Galaxy S23,T-Mobile,n78,50,41.4,34,1,251.97,3,False,High,25.2,True,13,2,7,2024-07-03,6,1,4,4,0,1,0,1
2024-07-03 14:09:51.217414,Kolkata,-64.6,574.52,129.6,6.8,4.56,4G,iPhone 14,BSNL,n258,97,41.6,36,1,230.68,5,False,Medium,33.4,False,14,2,7,2024-07-03,3,0,2,0,2,4,0,0
2024-07-03 14:19:51.217411,New York,-89.4,136.71,77.68,19.6,0.75,5G NSA,Nord 4,Verizon,n260,37,33.6,35,1,103.54,5,False,High,95.9,True,14,2,7,2024-07-03,5,1,5,1,0,2,0,1
2024-07-03 14:29:51.217406,Chennai,-93.4,619.03,126.12,2.5,2.42,5G SA,GT 7,BSNL,n258,87,38.8,10,0,356.36,4,False,Medium,35.5,True,14,2,7,2024-07-03,1,2,2,0,2,0,0,1
2024-07-03 14:39:51.217403,Chennai,-77.7,591.0,146.48,13.2,0.21,5G SA,GT 7,Vi,n28,83,28.2,34,4,153.79,1,True,Medium,96.6,False,14,2,7,2024-07-03,1,2,6,2,2,0,1,0
2024-07-03 14:49:51.217401,Tokyo,-102.1,704.99,140.86,5.3,3.45,5G SA,Nord 4,Verizon,n78,44,37.7,5,1,142.27,5,True,Low,45.5,True,14,2,7,2024-07-03,7,2,5,4,1,2,1,1
2024-07-03 14:59:51.217398,Mumbai,-97.3,677.88,42.9,3.5,4.84,4G,Galaxy S23,Vi,n78,41,42.2,33,2,494.23,4,False,Medium,83.5,True,14,2,7,2024-07-03,4,0,6,4,2,1,0,1
2024-07-03 15:09:51.217396,Tokyo,-73.9,935.05,136.12,2.1,2.12,5G SA,GT 7,Verizon,n78,65,39.2,31,4,265.68,5,False,Low,50.5,True,15,2,7,2024-07-03,7,2,5,4,1,0,0,1
2024-07-03 15:19:51.217393,Delhi,-74.1,219.18,41.79,15.8,2.94,5G SA,Galaxy S23,Airtel,n258,75,44.1,41,4,253.7,1,True,High,13.5,False,15,2,7,2024-07-03,2,2,1,0,0,1,1,0
2024-07-03 15:29:51.217390,Mumbai,-100.9,929.44,134.94,4.1,4.87,5G SA,Galaxy S23,Airtel,n258,71,23.2,8,1,102.87,5,False,Medium,11.3,True,15,2,7,2024-07-03,4,2,1,0,2,1,0,1
2024-07-03 15:39:51.217388,Tokyo,-75.7,953.34,130.68,15.8,2.53,5G SA,iPhone 14,Verizon,n78,75,31.0,31,0,436.41,2,False,Medium,96.4,False,15,2,7,2024-07-03,7,2,5,4,2,4,0,0
2024-07-03 15:49:51.217385,Chennai,-98.5,369.62,55.14,2.9,1.84,5G SA,GT 7,Airtel,n78,81,42.5,53,4,428.13,4,True,Medium,43.5,False,15,2,7,2024-07-03,1,2,1,4,2,0,1,0
2024-07-03 15:59:51.217383,Berlin,-97.3,535.2,20.61,9.8,0.49,5G SA,Nord 4,AT&T,n260,35,28.5,23,2,190.37,5,True,Medium,76.6,True,15,2,7,2024-07-03,0,2,0,1,2,2,1,1
2024-07-03 16:09:51.217380,Kolkata,-72.3,382.63,28.27,17.8,1.08,5G NSA,Nord 4,BSNL,n28,59,33.5,58,4,140.66,4,True,Low,33.7,False,16,2,7,2024-07-03,3,1,2,2,1,2,1,0
2024-07-03 16:19:51.217377,San Francisco,-62.6,280.18,126.53,17.3,2.12,5G NSA,GT 7,Verizon,n41,87,35.5,6,4,112.33,5,False,Medium,54.3,True,16,2,7,2024-07-03,6,1,5,3,2,0,0,1
2024-07-03 16:29:51.217375,New York,-75.2,324.78,96.71,14.2,3.49,5G NSA,Nord 4,Verizon,n260,95,29.0,45,3,382.24,1,False,High,89.3,False,16,2,7,2024-07-03,5,1,5,1,0,2,0,0
2024-07-03 16:39:51.217372,Chennai,-85.3,394.56,55.8,19.9,4.68,5G SA,Nord 4,Airtel,n28,42,40.3,21,4,264.89,3,True,Low,60.7,True,16,2,7,2024-07-03,1,2,1,2,1,2,1,1
2024-07-03 16:49:51.217370,Tokyo,-105.6,752.32,140.41,11.2,1.66,4G,GT 7,Verizon,n78,58,29.9,44,1,39.77,5,False,Medium,36.6,True,16,2,7,2024-07-03,7,0,5,4,2,0,0,1
2024-07-03 16:59:51.217367,Chennai,-88.8,572.18,73.57,7.0,2.86,5G SA,Nord 4,Vi,n258,21,31.5,16,3,317.45,5,False,High,19.1,False,16,2,7,2024-07-03,1,2,6,0,0,2,0,0
2024-07-03 17:09:51.217365,Kolkata,-70.4,356.7,40.62,9.1,0.97,5G SA,Nord 4,BSNL,n78,97,23.0,57,1,56.92,3,True,High,47.0,False,17,2,7,2024-07-03,3,2,2,4,0,2,1,0
2024-07-03 17:19:51.217362,Tokyo,-99.1,832.35,111.67,5.3,3.57,4G,Nord 4,Verizon,n260,76,37.7,51,4,463.23,2,False,Low,12.6,False,17,2,7,2024-07-03,7,0,5,1,1,2,0,0
2024-07-03 17:29:51.217359,Kolkata,-91.8,140.17,24.88,3.3,3.78,4G,Galaxy S23,Vi,n28,58,21.7,35,3,432.52,3,True,Medium,95.7,False,17,2,7,2024-07-03,3,0,6,2,2,1,1,0
2024-07-03 17:39:51.217357,San Francisco,-75.1,301.5,68.68,14.1,2.69,5G SA,Galaxy S23,AT&T,n260,19,28.4,1,1,99.05,2,False,Low,54.1,True,17,2,7,2024-07-03,6,2,0,1,1,1,0,1
2024-07-03 17:49:51.217354,New York,-81.7,301.65,79.83,5.6,3.57,5G SA,Pixel 7,T-Mobile,n260,11,21.3,54,1,266.51,4,False,Medium,64.3,True,17,2,7,2024-07-03,5,2,4,1,2,3,0,1
2024-07-03 17:59:51.217352,Mumbai,-61.4,561.46,76.2,11.5,0.98,4G,iPhone 14,Airtel,n258,54,43.4,20,4,73.25,1,True,High,28.8,True,17,2,7,2024-07-03,4,0,1,0,0,4,1,1
2024-07-03 18:09:51.217349,Berlin,-80.8,777.52,131.01,18.4,4.45,5G SA,Galaxy S23,Verizon,n41,60,42.7,35,2,409.93,3,True,High,48.1,False,18,2,7,2024-07-03,0,2,5,3,0,1,1,0
2024-07-03 18:19:51.217347,Kolkata,-105.8,993.06,99.6,13.5,3.74,4G,Nord 4,Airtel,n28,47,23.6,56,2,92.94,5,False,Medium,31.0,False,18,2,7,2024-07-03,3,0,1,2,2,2,0,0
2024-07-03 18:29:51.217344,Kolkata,-98.0,263.38,124.43,6.9,0.69,5G SA,iPhone 14,Airtel,n28,25,36.6,37,1,498.61,1,False,Low,44.5,False,18,2,7,2024-07-03,3,2,1,2,1,4,0,0
2024-07-03 18:39:51.217342,Berlin,-103.8,493.46,75.48,4.8,0.81,5G NSA,Nord 4,Verizon,n260,87,24.1,20,1,68.74,5,True,Medium,28.1,True,18,2,7,2024-07-03,0,1,5,1,2,2,1,1
2024-07-03 18:49:51.217340,Mumbai,-71.3,599.04,103.77,19.6,1.91,4G,Galaxy S23,BSNL,n78,62,42.5,43,1,435.46,4,True,Low,89.0,False,18,2,7,2024-07-03,4,0,2,4,1,1,1,0
2024-07-03 18:59:51.217337,Chennai,-81.9,419.69,66.84,12.8,0.37,5G NSA,Nord 4,Vi,n78,98,27.2,12,2,125.65,4,False,Low,97.1,True,18,2,7,2024-07-03,1,1,6,4,1,2,0,1
2024-07-03 19:09:51.217334,Tokyo,-66.9,416.48,31.01,13.3,4.4,5G SA,Nord 4,Verizon,n41,31,44.0,53,3,246.5,4,True,Medium,14.4,False,19,2,7,2024-07-03,7,2,5,3,2,2,1,0
2024-07-03 19:19:51.217332,New York,-85.6,389.39,115.38,19.9,3.58,4G,GT 7,Verizon,n41,28,21.8,58,2,463.04,1,True,Medium,25.2,True,19,2,7,2024-07-03,5,0,5,3,2,0,1,1
2024-07-03 19:29:51.217329,Kolkata,-106.2,473.6,20.79,4.2,4.74,5G SA,Pixel 7,Jio,n28,82,21.5,31,0,294.16,1,True,Medium,15.3,True,19,2,7,2024-07-03,3,2,3,2,2,3,1,1
2024-07-03 19:39:51.217327,Mumbai,-89.1,744.65,131.77,9.5,4.83,4G,Galaxy S23,Jio,n28,58,28.2,33,4,100.43,5,False,Low,91.4,False,19,2,7,2024-07-03,4,0,3,2,1,1,0,0
2024-07-03 19:49:51.217324,Mumbai,-103.8,801.54,88.48,7.1,4.71,5G SA,Nord 4,Jio,n258,19,38.3,37,3,405.19,1,False,Medium,99.2,True,19,2,7,2024-07-03,4,2,3,0,2,2,0,1
2024-07-03 19:59:51.217321,Tokyo,-86.2,493.45,58.74,14.7,3.56,4G,iPhone 14,Verizon,n260,81,44.3,27,0,442.55,2,False,Low,40.9,True,19,2,7,2024-07-03,7,0,5,1,1,4,0,1
2024-07-03 20:09:51.217319,San Francisco,-89.3,335.2,52.55,3.7,1.58,5G SA,GT 7,Verizon,n260,95,29.0,12,3,356.7,4,True,Medium,66.6,True,20,2,7,2024-07-03,6,2,5,1,2,0,1,1
2024-07-03 20:19:51.217316,New York,-65.7,272.65,136.23,14.4,4.84,4G,Nord 4,T-Mobile,n260,62,24.6,14,3,164.34,2,False,Low,14.7,False,20,2,7,2024-07-03,5,0,4,1,1,2,0,0
2024-07-03 20:29:51.217314,Tokyo,-105.8,505.57,87.66,9.3,2.67,5G SA,Galaxy S23,Verizon,n41,41,44.3,22,3,243.52,5,True,Medium,55.8,True,20,2,7,2024-07-03,7,2,5,3,2,1,1,1
2024-07-03 20:39:51.217311,San Francisco,-104.9,164.92,115.64,2.2,4.55,5G NSA,Nord 4,AT&T,n260,55,43.8,50,2,153.47,3,False,Medium,10.2,False,20,2,7,2024-07-03,6,1,0,1,2,2,0,0
2024-07-03 20:49:51.217309,San Francisco,-100.0,999.91,54.75,7.5,2.57,4G,Pixel 7,AT&T,n41,36,26.9,19,1,53.26,4,False,Medium,57.7,True,20,2,7,2024-07-03,6,0,0,3,2,3,0,1
2024-07-03 20:59:51.217306,Delhi,-64.9,871.58,34.05,17.1,0.54,4G,Nord 4,Vi,n258,76,40.4,20,2,81.05,2,False,High,10.6,True,20,2,7,2024-07-03,2,0,6,0,0,2,0,1
2024-07-03 21:09:51.217304,Delhi,-77.5,333.58,23.1,7.2,4.9,4G,Pixel 7,BSNL,n258,94,28.4,28,4,321.52,5,False,Low,47.0,True,21,2,7,2024-07-03,2,0,2,0,1,3,0,1
2024-07-03 21:19:51.217301,Chennai,-108.8,751.3,143.32,3.9,0.7,5G SA,iPhone 14,BSNL,n78,13,40.9,7,4,78.36,1,True,High,70.3,True,21,2,7,2024-07-03,1,2,2,4,0,4,1,1
2024-07-03 21:29:51.217298,Kolkata,-98.2,369.68,22.11,16.4,2.34,4G,Nord 4,Jio,n78,13,30.3,20,4,402.29,2,True,High,60.5,False,21,2,7,2024-07-03,3,0,3,4,0,2,1,0
2024-07-03 21:39:51.217296,New York,-103.9,546.13,38.21,19.8,1.56,5G NSA,Nord 4,AT&T,n260,78,20.7,47,0,196.8,3,False,High,64.0,False,21,2,7,2024-07-03,5,1,0,1,0,2,0,0
2024-07-03 21:49:51.217293,San Francisco,-71.6,456.02,103.37,4.8,3.99,5G NSA,GT 7,T-Mobile,n41,63,36.3,40,1,420.2,1,False,Low,87.4,True,21,2,7,2024-07-03,6,1,4,3,1,0,0,1
2024-07-03 21:59:51.217291,New York,-100.5,161.42,41.46,1.3,0.4,4G,Pixel 7,Verizon,n260,85,43.6,58,4,198.7,4,True,High,45.7,False,21,2,7,2024-07-03,5,0,5,1,0,3,1,0
2024-07-03 22:09:51.217288,Mumbai,-73.6,708.81,72.72,13.5,0.77,4G,Nord 4,BSNL,n28,91,27.3,26,3,58.87,4,True,High,12.5,True,22,2,7,2024-07-03,4,0,2,2,0,2,1,1
2024-07-03 22:19:51.217286,Berlin,-87.2,680.06,46.82,15.1,4.79,5G SA,GT 7,T-Mobile,n41,42,27.1,51,1,374.21,3,False,Low,79.7,False,22,2,7,2024-07-03,0,2,4,3,1,0,0,0
2024-07-03 22:29:51.217283,Berlin,-81.0,736.29,108.6,5.7,1.15,4G,Pixel 7,T-Mobile,n260,89,23.1,4,3,212.44,2,False,High,32.6,True,22,2,7,2024-07-03,0,0,4,1,0,3,0,1
2024-07-03 22:39:51.217281,New York,-90.7,969.75,105.73,17.8,3.7,4G,GT 7,Verizon,n78,59,32.4,21,3,422.9,2,False,Medium,61.2,False,22,2,7,2024-07-03,5,0,5,4,2,0,0,0
2024-07-03 22:49:51.217278,Chennai,-72.6,559.08,61.88,8.3,2.37,5G SA,Nord 4,BSNL,n28,32,40.7,44,0,101.27,1,False,High,52.7,False,22,2,7,2024-07-03,1,2,2,2,0,2,0,0
2024-07-03 22:59:51.217275,Berlin,-99.3,624.96,129.75,15.0,1.43,5G SA,Galaxy S23,Verizon,n260,72,27.6,37,2,78.07,3,True,Low,17.0,True,22,2,7,2024-07-03,0,2,5,1,1,1,1,1
2024-07-03 23:09:51.217273,San Francisco,-102.5,289.48,77.47,19.6,1.74,5G SA,iPhone 14,AT&T,n41,57,25.3,22,1,54.87,5,False,Low,50.7,True,23,2,7,2024-07-03,6,2,0,3,1,4,0,1
2024-07-03 23:19:51.217268,San Francisco,-105.4,131.27,68.33,4.9,0.8,5G SA,Nord 4,AT&T,n78,69,35.2,16,1,112.27,3,True,Low,89.3,False,23,2,7,2024-07-03,6,2,0,4,1,2,1,0
2024-07-03 23:29:51.217265,New York,-80.8,184.55,148.77,15.5,4.24,4G,iPhone 14,Verizon,n41,69,40.9,4,1,318.67,4,True,Low,39.4,False,23,2,7,2024-07-03,5,0,5,3,1,4,1,0
2024-07-03 23:39:51.217262,Berlin,-95.9,218.84,135.96,5.6,4.67,5G SA,Galaxy S23,T-Mobile,n41,33,41.9,14,0,28.69,2,False,High,75.7,True,23,2,7,2024-07-03,0,2,4,3,0,1,0,1
2024-07-03 23:49:51.217260,Berlin,-74.7,584.48,31.03,2.2,1.13,5G SA,iPhone 14,T-Mobile,n260,77,27.4,36,0,231.3,3,False,High,44.0,False,23,2,7,2024-07-03,0,2,4,1,0,4,0,0
2024-07-03 23:59:51.217257,New York,-91.8,953.21,20.47,19.9,4.71,5G NSA,Galaxy S23,T-Mobile,n78,73,33.6,6,4,54.56,4,False,Medium,20.8,False,23,2,7,2024-07-03,5,1,4,4,2,1,0,0
2024-07-04 00:09:51.217255,Berlin,-109.1,884.59,30.58,2.3,0.34,5G NSA,Pixel 7,T-Mobile,n41,64,35.1,44,2,441.42,4,True,Medium,59.5,True,0,3,7,2024-07-04,0,1,4,3,2,3,1,1
2024-07-04 00:19:51.217252,Kolkata,-66.4,915.83,71.08,2.9,4.07,5G SA,GT 7,Jio,n258,60,20.9,19,0,281.31,3,False,Low,72.2,True,0,3,7,2024-07-04,3,2,3,0,1,0,0,1
2024-07-04 00:29:51.217249,Tokyo,-62.9,503.57,101.97,19.2,2.19,5G SA,iPhone 14,Verizon,n78,25,35.9,15,4,228.45,4,True,High,23.9,False,0,3,7,2024-07-04,7,2,5,4,0,4,1,0
2024-07-04 00:39:51.217247,Mumbai,-78.4,340.04,128.83,19.2,2.09,5G SA,GT 7,Jio,n28,67,28.1,36,0,15.08,2,True,Low,41.9,False,0,3,7,2024-07-04,4,2,3,2,1,0,1,0
2024-07-04 00:49:51.217244,Kolkata,-92.3,896.78,106.34,2.3,2.86,5G NSA,Pixel 7,Jio,n28,26,44.7,45,3,192.1,1,False,High,63.8,True,0,3,7,2024-07-04,3,1,3,2,0,3,0,1
2024-07-04 00:59:51.217242,Mumbai,-72.7,837.0,100.84,11.2,4.17,5G NSA,Galaxy S23,Airtel,n78,69,28.1,35,4,54.52,5,True,Medium,94.1,False,0,3,7,2024-07-04,4,1,1,4,2,1,1,0
2024-07-04 01:09:51.217239,New York,-106.7,489.46,139.97,19.2,3.44,4G,GT 7,Verizon,n78,72,36.8,54,4,264.18,1,False,Low,73.3,False,1,3,7,2024-07-04,5,0,5,4,1,0,0,0
2024-07-04 01:19:51.217236,Mumbai,-102.4,103.0,126.11,6.1,2.95,5G NSA,Nord 4,BSNL,n28,47,30.3,26,4,331.07,5,False,High,94.0,True,1,3,7,2024-07-04,4,1,2,2,0,2,0,1
2024-07-04 01:29:51.217234,San Francisco,-71.8,107.89,64.93,18.2,2.75,5G NSA,Galaxy S23,T-Mobile,n78,44,39.6,13,1,202.83,1,True,High,80.2,True,1,3,7,2024-07-04,6,1,4,4,0,1,1,1
2024-07-04 01:39:51.217231,San Francisco,-97.1,885.71,55.87,9.6,3.24,5G SA,Pixel 7,T-Mobile,n78,90,38.1,6,2,156.24,5,True,High,92.2,False,1,3,7,2024-07-04,6,2,4,4,0,3,1,0
2024-07-04 01:49:51.217229,Chennai,-108.3,797.01,51.65,12.8,4.0,5G SA,GT 7,Jio,n78,58,39.8,18,2,245.47,2,True,Medium,84.1,True,1,3,7,2024-07-04,1,2,3,4,2,0,1,1
2024-07-04 01:59:51.217226,Delhi,-63.2,395.02,90.09,8.3,0.48,5G NSA,Galaxy S23,Vi,n258,82,22.5,11,0,346.04,5,False,Low,27.2,False,1,3,7,2024-07-04,2,1,6,0,1,1,0,0
2024-07-04 02:09:51.217209,Delhi,-62.2,361.59,93.46,13.9,0.33,4G,Pixel 7,Vi,n78,49,41.1,32,1,147.25,5,False,High,19.3,True,2,3,7,2024-07-04,2,0,6,4,0,3,0,1
2024-07-04 02:19:51.217206,Mumbai,-74.6,733.34,84.66,11.1,4.25,5G NSA,iPhone 14,BSNL,n258,24,44.5,30,4,254.34,2,True,Medium,63.0,True,2,3,7,2024-07-04,4,1,2,0,2,4,1,1
2024-07-04 02:29:51.217204,Mumbai,-85.7,553.77,122.81,11.7,2.33,4G,GT 7,Airtel,n258,56,32.0,27,3,210.25,4,True,High,79.0,True,2,3,7,2024-07-04,4,0,1,0,0,0,1,1
2024-07-04 02:39:51.217201,San Francisco,-108.1,887.35,115.25,4.4,3.55,5G NSA,GT 7,AT&T,n78,33,27.0,14,1,313.19,2,True,Medium,29.9,False,2,3,7,2024-07-04,6,1,0,4,2,0,1,0
2024-07-04 02:49:51.217199,Chennai,-109.6,614.61,63.15,5.6,2.54,5G NSA,Nord 4,Airtel,n78,74,36.7,25,1,252.87,4,True,High,50.1,False,2,3,7,2024-07-04,1,1,1,4,0,2,1,0
2024-07-04 02:59:51.217196,Chennai,-67.9,872.07,72.13,14.5,0.53,5G NSA,GT 7,Vi,n78,93,42.7,40,4,385.7,4,False,Low,43.0,True,2,3,7,2024-07-04,1,1,6,4,1,0,0,1
2024-07-04 03:09:51.217194,Chennai,-96.1,787.53,120.45,7.3,2.8,4G,Galaxy S23,Vi,n28,48,42.3,38,1,201.76,3,True,High,87.5,True,3,3,7,2024-07-04,1,0,6,2,0,1,1,1
2024-07-04 03:19:51.217191,Delhi,-73.1,652.71,117.0,5.9,2.47,4G,Nord 4,BSNL,n28,83,43.0,38,2,188.86,2,False,Low,68.7,True,3,3,7,2024-07-04,2,0,2,2,1,2,0,1
2024-07-04 03:29:51.217188,Delhi,-85.6,582.14,115.71,14.0,2.81,5G NSA,GT 7,Vi,n28,22,27.2,5,3,410.02,3,False,High,27.4,True,3,3,7,2024-07-04,2,1,6,2,0,0,0,1
2024-07-04 03:39:51.217186,New York,-92.5,343.11,80.13,2.3,4.48,4G,iPhone 14,Verizon,n78,12,25.5,47,4,61.77,4,False,Medium,51.8,False,3,3,7,2024-07-04,5,0,5,4,2,4,0,0
2024-07-04 03:49:51.217183,Chennai,-96.4,781.64,51.53,2.7,4.73,4G,Pixel 7,Vi,n258,39,22.7,44,4,19.49,1,True,High,17.7,False,3,3,7,2024-07-04,1,0,6,0,0,3,1,0
2024-07-04 03:59:51.217181,Chennai,-78.1,657.72,84.64,3.0,3.2,4G,Nord 4,Airtel,n28,46,38.1,20,2,171.42,4,False,Medium,13.4,False,3,3,7,2024-07-04,1,0,1,2,2,2,0,0
2024-07-04 04:09:51.217178,Delhi,-62.4,221.24,26.46,10.3,1.22,4G,Nord 4,Jio,n28,53,41.8,36,2,293.38,2,True,Low,50.1,True,4,3,7,2024-07-04,2,0,3,2,1,2,1,1
2024-07-04 04:19:51.217175,Tokyo,-103.1,122.7,81.48,7.8,4.49,5G NSA,Pixel 7,T-Mobile,n41,55,40.7,56,3,125.82,4,False,Medium,37.6,True,4,3,7,2024-07-04,7,1,4,3,2,3,0,1
2024-07-04 04:29:51.217169,Tokyo,-93.4,394.56,121.6,7.3,4.95,4G,Galaxy S23,Verizon,n78,29,21.3,2,3,239.08,3,True,High,97.9,False,4,3,7,2024-07-04,7,0,5,4,0,1,1,0
2024-07-04 04:39:51.217167,Chennai,-97.2,253.47,62.41,7.2,2.89,5G SA,Galaxy S23,Jio,n28,61,30.8,2,3,73.15,5,True,Medium,61.3,False,4,3,7,2024-07-04,1,2,3,2,2,1,1,0
2024-07-04 04:49:51.217164,Tokyo,-106.6,212.5,109.08,7.7,3.76,4G,Nord 4,AT&T,n78,45,34.7,29,2,111.96,4,True,Medium,60.0,True,4,3,7,2024-07-04,7,0,0,4,2,2,1,1
2024-07-04 04:59:51.217162,Chennai,-88.7,992.82,96.63,10.1,4.23,5G NSA,Nord 4,Airtel,n258,49,28.5,42,0,100.15,5,True,High,15.2,True,4,3,7,2024-07-04,1,1,1,0,0,2,1,1
2024-07-04 05:09:51.217159,San Francisco,-94.9,709.98,114.5,19.6,1.15,4G,GT 7,Verizon,n41,98,23.4,52,4,391.16,3,False,High,54.5,False,5,3,7,2024-07-04,6,0,5,3,0,0,0,0
2024-07-04 05:19:51.217156,Mumbai,-99.0,579.95,27.03,7.9,3.24,5G SA,iPhone 14,BSNL,n258,60,27.7,13,1,16.55,2,False,High,70.3,True,5,3,7,2024-07-04,4,2,2,0,0,4,0,1
2024-07-04 05:29:51.217154,Mumbai,-92.7,952.34,31.28,11.1,2.94,5G SA,GT 7,Airtel,n258,27,20.6,45,2,474.08,1,False,Low,27.0,True,5,3,7,2024-07-04,4,2,1,0,1,0,0,1
2024-07-04 05:39:51.217151,Berlin,-96.3,691.78,98.07,2.0,3.61,4G,GT 7,AT&T,n260,35,31.3,46,0,71.97,2,False,High,61.7,False,5,3,7,2024-07-04,0,0,0,1,0,0,0,0
2024-07-04 05:49:51.217149,Chennai,-90.5,159.98,92.38,19.9,3.67,4G,Pixel 7,Vi,n28,76,39.6,19,0,191.84,3,True,Low,30.2,True,5,3,7,2024-07-04,1,0,6,2,1,3,1,1
2024-07-04 05:59:51.217146,Mumbai,-76.4,823.48,34.88,9.3,1.84,5G NSA,iPhone 14,Jio,n78,42,27.6,42,4,472.26,4,False,Low,64.2,True,5,3,7,2024-07-04,4,1,3,4,1,4,0,1
2024-07-04 06:09:51.217143,Mumbai,-78.4,940.12,24.25,15.2,2.3,5G SA,Galaxy S23,Vi,n28,69,21.9,35,2,62.08,5,False,Low,54.4,True,6,3,7,2024-07-04,4,2,6,2,1,1,0,1
2024-07-04 06:19:51.217141,Berlin,-62.3,249.31,114.17,10.6,2.37,5G NSA,Galaxy S23,Verizon,n260,40,41.9,51,4,184.78,5,True,Medium,53.7,True,6,3,7,2024-07-04,0,1,5,1,2,1,1,1
2024-07-04 06:29:51.217138,Kolkata,-61.2,852.98,134.44,5.3,1.86,5G SA,Nord 4,Airtel,n78,91,44.3,55,0,42.13,3,True,Low,84.6,False,6,3,7,2024-07-04,3,2,1,4,1,2,1,0
2024-07-04 06:39:51.217136,Tokyo,-91.6,841.87,112.06,15.6,4.16,5G NSA,Galaxy S23,Verizon,n260,95,26.2,1,4,315.17,3,True,Low,19.7,False,6,3,7,2024-07-04,7,1,5,1,1,1,1,0
2024-07-04 06:49:51.217133,Tokyo,-80.2,861.13,130.07,6.7,3.11,5G SA,Galaxy S23,Verizon,n41,18,36.6,10,3,328.88,1,True,Medium,87.9,True,6,3,7,2024-07-04,7,2,5,3,2,1,1,1
2024-07-04 06:59:51.217130,Tokyo,-98.8,856.25,74.49,2.8,3.46,5G NSA,Pixel 7,Verizon,n78,69,22.5,40,2,252.66,1,True,High,52.2,False,6,3,7,2024-07-04,7,1,5,4,0,3,1,0
2024-07-04 07:09:51.217128,Tokyo,-79.8,577.69,128.01,10.6,1.21,5G NSA,Nord 4,T-Mobile,n78,29,37.7,41,0,166.13,5,True,Medium,20.0,False,7,3,7,2024-07-04,7,1,4,4,2,2,1,0
2024-07-04 07:19:51.217125,Kolkata,-88.7,878.59,81.03,15.8,3.92,4G,Nord 4,Jio,n258,23,20.2,46,1,129.44,1,True,Medium,27.8,False,7,3,7,2024-07-04,3,0,3,0,2,2,1,0
2024-07-04 07:29:51.217123,San Francisco,-70.6,395.88,104.33,3.9,0.28,5G SA,Galaxy S23,Verizon,n41,11,39.2,50,0,323.44,3,True,Low,73.5,True,7,3,7,2024-07-04,6,2,5,3,1,1,1,1
2024-07-04 07:39:51.217120,Mumbai,-71.9,924.88,49.03,8.9,2.65,5G SA,Nord 4,BSNL,n78,56,37.4,25,4,228.64,2,True,Low,41.7,True,7,3,7,2024-07-04,4,2,2,4,1,2,1,1
2024-07-04 07:49:51.217117,New York,-109.2,650.16,87.95,12.8,4.14,5G SA,Galaxy S23,T-Mobile,n78,34,44.7,4,4,299.82,5,True,Medium,70.2,True,7,3,7,2024-07-04,5,2,4,4,2,1,1,1
2024-07-04 07:59:51.217115,Kolkata,-74.1,598.39,109.7,19.4,0.76,4G,iPhone 14,Jio,n78,36,40.8,18,1,160.38,4,True,Low,12.4,True,7,3,7,2024-07-04,3,0,3,4,1,4,1,1
2024-07-04 08:09:51.217112,Tokyo,-82.5,777.62,44.42,14.3,1.98,5G SA,iPhone 14,Verizon,n41,31,29.9,35,0,461.4,3,False,Low,93.3,True,8,3,7,2024-07-04,7,2,5,3,1,4,0,1
2024-07-04 08:19:51.217110,Tokyo,-101.9,209.66,53.12,5.8,2.38,5G NSA,iPhone 14,AT&T,n78,41,38.7,13,4,295.59,5,True,High,95.8,False,8,3,7,2024-07-04,7,1,0,4,0,4,1,0
2024-07-04 08:29:51.217107,Chennai,-70.9,713.63,96.6,8.3,4.11,4G,Galaxy S23,Vi,n28,34,21.8,33,4,294.39,2,True,Medium,13.0,True,8,3,7,2024-07-04,1,0,6,2,2,1,1,1
2024-07-04 08:39:51.217104,Mumbai,-67.9,487.33,68.55,13.3,4.42,4G,GT 7,Airtel,n78,37,28.7,4,1,124.27,1,False,Medium,59.9,True,8,3,7,2024-07-04,4,0,1,4,2,0,0,1
2024-07-04 08:49:51.217102,Mumbai,-101.7,475.87,79.1,7.5,4.57,4G,GT 7,Jio,n28,50,20.1,22,2,202.2,2,False,High,36.8,True,8,3,7,2024-07-04,4,0,3,2,0,0,0,1
2024-07-04 08:59:51.217099,Tokyo,-82.7,927.47,46.25,5.6,4.98,5G NSA,iPhone 14,T-Mobile,n260,32,32.6,5,1,50.84,4,True,Medium,86.0,True,8,3,7,2024-07-04,7,1,4,1,2,4,1,1
2024-07-04 09:09:51.217097,Berlin,-60.7,243.18,110.95,3.2,4.61,5G SA,iPhone 14,T-Mobile,n260,95,22.5,10,2,393.63,2,False,Low,38.3,True,9,3,7,2024-07-04,0,2,4,1,1,4,0,1
2024-07-04 09:19:51.217094,New York,-66.8,382.79,55.4,14.3,3.93,5G NSA,iPhone 14,Verizon,n260,25,25.4,57,2,323.7,4,False,High,84.8,False,9,3,7,2024-07-04,5,1,5,1,0,4,0,0
2024-07-04 09:29:51.217091,Delhi,-60.3,864.71,70.16,10.8,1.56,4G,iPhone 14,BSNL,n28,17,38.3,5,0,48.33,3,False,Low,78.0,False,9,3,7,2024-07-04,2,0,2,2,1,4,0,0
2024-07-04 09:39:51.217089,Delhi,-61.9,916.06,42.08,5.6,4.41,4G,GT 7,BSNL,n258,61,44.7,40,3,109.29,2,False,Low,35.5,True,9,3,7,2024-07-04,2,0,2,0,1,0,0,1
2024-07-04 09:49:51.217086,Chennai,-95.6,249.22,110.75,7.3,0.32,5G NSA,GT 7,Airtel,n78,49,21.6,7,4,176.55,2,False,Low,62.8,False,9,3,7,2024-07-04,1,1,1,4,1,0,0,0
2024-07-04 09:59:51.217084,Chennai,-87.1,905.56,36.69,13.6,1.87,4G,Pixel 7,Vi,n28,68,20.0,24,2,363.61,2,False,High,57.9,False,9,3,7,2024-07-04,1,0,6,2,0,3,0,0
2024-07-04 10:09:51.217081,Kolkata,-108.4,384.59,114.18,9.4,0.61,5G SA,Nord 4,Airtel,n258,72,26.4,51,4,248.58,1,True,Low,63.6,True,10,3,7,2024-07-04,3,2,1,0,1,2,1,1
2024-07-04 10:19:51.217078,Kolkata,-80.2,459.99,86.05,6.2,2.32,4G,GT 7,Airtel,n28,22,27.5,17,1,79.74,5,True,Low,91.3,True,10,3,7,2024-07-04,3,0,1,2,1,0,1,1
2024-07-04 10:29:51.217076,Delhi,-74.9,923.17,135.44,16.1,3.32,5G NSA,Pixel 7,Airtel,n258,22,22.4,38,1,436.17,3,True,Medium,26.0,True,10,3,7,2024-07-04,2,1,1,0,2,3,1,1
2024-07-04 10:39:51.217073,Kolkata,-75.0,883.39,41.72,6.5,4.07,5G NSA,Galaxy S23,BSNL,n28,88,43.2,40,1,440.33,3,True,Low,32.4,True,10,3,7,2024-07-04,3,1,2,2,1,1,1,1
2024-07-04 10:49:51.217071,San Francisco,-85.1,577.78,24.4,11.2,2.99,4G,Nord 4,Verizon,n41,34,29.4,59,3,440.59,2,False,Medium,61.7,True,10,3,7,2024-07-04,6,0,5,3,2,2,0,1
2024-07-04 10:59:51.217068,Delhi,-80.1,286.98,58.9,10.8,1.34,5G SA,Pixel 7,Vi,n28,17,23.3,11,1,104.45,5,False,High,30.5,False,10,3,7,2024-07-04,2,2,6,2,0,3,0,0
2024-07-04 11:09:51.217065,Tokyo,-65.4,727.74,49.58,5.8,2.86,5G SA,Pixel 7,AT&T,n41,63,39.6,3,3,218.7,1,False,Medium,53.8,True,11,3,7,2024-07-04,7,2,0,3,2,3,0,1
2024-07-04 11:19:51.217063,Tokyo,-86.7,834.02,133.2,10.8,1.64,4G,Galaxy S23,Verizon,n41,24,34.7,24,0,421.56,4,False,Low,85.4,False,11,3,7,2024-07-04,7,0,5,3,1,1,0,0
2024-07-04 11:29:51.217060,Chennai,-93.5,209.11,89.92,2.0,3.62,5G NSA,GT 7,BSNL,n78,24,30.5,30,2,140.22,4,True,Medium,20.6,True,11,3,7,2024-07-04,1,1,2,4,2,0,1,1
2024-07-04 11:39:51.217058,New York,-81.5,926.88,95.76,15.1,1.67,5G NSA,Pixel 7,AT&T,n78,84,42.0,10,4,191.82,2,True,High,55.2,True,11,3,7,2024-07-04,5,1,0,4,0,3,1,1
2024-07-04 11:49:51.217055,San Francisco,-94.3,934.9,105.39,10.3,3.75,4G,iPhone 14,AT&T,n41,81,25.3,46,2,91.42,5,True,High,13.1,False,11,3,7,2024-07-04,6,0,0,3,0,4,1,0
2024-07-04 11:59:51.217052,Tokyo,-77.4,624.58,131.97,6.4,0.77,5G NSA,Galaxy S23,T-Mobile,n41,29,32.4,16,3,396.71,2,False,Low,57.6,False,11,3,7,2024-07-04,7,1,4,3,1,1,0,0
2024-07-04 12:09:51.217050,Kolkata,-75.6,622.38,135.38,18.5,0.36,5G SA,GT 7,Vi,n258,85,39.3,14,4,209.68,1,True,Low,39.1,False,12,3,7,2024-07-04,3,2,6,0,1,0,1,0
2024-07-04 12:19:51.217047,Delhi,-95.0,854.09,108.41,17.7,0.96,4G,Pixel 7,Vi,n28,24,27.1,54,4,462.22,3,True,High,52.4,True,12,3,7,2024-07-04,2,0,6,2,0,3,1,1
2024-07-04 12:29:51.217045,San Francisco,-71.9,355.54,47.43,20.0,1.62,4G,iPhone 14,AT&T,n78,54,44.5,29,1,499.43,5,False,Low,12.3,False,12,3,7,2024-07-04,6,0,0,4,1,4,0,0
2024-07-04 12:39:51.217042,Delhi,-105.5,904.87,95.74,9.0,2.26,5G SA,Pixel 7,Jio,n258,30,44.0,40,1,64.15,4,False,Low,20.8,False,12,3,7,2024-07-04,2,2,3,0,1,3,0,0
2024-07-04 12:49:51.217039,New York,-84.0,474.79,119.89,19.5,3.49,5G NSA,iPhone 14,T-Mobile,n260,94,40.7,55,1,231.72,4,False,Low,83.9,False,12,3,7,2024-07-04,5,1,4,1,1,4,0,0
2024-07-04 12:59:51.217037,Delhi,-108.8,158.22,126.57,11.8,3.22,5G SA,Galaxy S23,Jio,n78,23,34.7,20,2,192.22,4,True,Medium,46.3,False,12,3,7,2024-07-04,2,2,3,4,2,1,1,0
2024-07-04 13:09:51.217034,San Francisco,-70.7,112.81,66.05,11.6,1.8,5G NSA,GT 7,AT&T,n260,72,30.3,37,0,402.74,1,True,Low,53.8,False,13,3,7,2024-07-04,6,1,0,1,1,0,1,0
2024-07-04 13:19:51.217032,San Francisco,-86.7,778.68,125.91,11.7,4.03,5G NSA,Nord 4,AT&T,n41,79,39.3,56,4,30.15,1,True,High,32.8,False,13,3,7,2024-07-04,6,1,0,3,0,2,1,0
2024-07-04 13:29:51.217029,San Francisco,-75.8,875.08,91.5,13.1,3.94,5G NSA,iPhone 14,Verizon,n41,36,36.8,5,4,172.7,3,True,Low,88.5,True,13,3,7,2024-07-04,6,1,5,3,1,4,1,1
2024-07-04 13:39:51.217026,Mumbai,-103.0,722.71,99.33,18.0,3.98,5G SA,Nord 4,BSNL,n258,47,24.4,18,2,210.51,2,False,Low,88.4,True,13,3,7,2024-07-04,4,2,2,0,1,2,0,1
2024-07-04 13:49:51.217024,Berlin,-67.7,681.54,48.4,15.1,3.1,5G NSA,Nord 4,T-Mobile,n78,62,21.0,30,1,422.25,2,False,Medium,56.4,True,13,3,7,2024-07-04,0,1,4,4,2,2,0,1
2024-07-04 13:59:51.217021,New York,-86.8,872.73,79.34,9.8,1.81,5G SA,Pixel 7,AT&T,n78,22,37.5,3,1,34.83,1,True,High,93.1,True,13,3,7,2024-07-04,5,2,0,4,0,3,1,1
2024-07-04 14:09:51.217019,Tokyo,-80.2,953.47,95.49,11.7,4.67,5G SA,iPhone 14,AT&T,n78,61,30.4,17,2,260.29,4,True,Medium,76.6,False,14,3,7,2024-07-04,7,2,0,4,2,4,1,0
2024-07-04 14:19:51.217016,New York,-95.7,281.08,67.26,17.4,4.77,5G SA,iPhone 14,AT&T,n41,42,33.6,16,1,51.9,1,True,Medium,97.5,False,14,3,7,2024-07-04,5,2,0,3,2,4,1,0
2024-07-04 14:29:51.217014,Mumbai,-101.4,989.87,139.51,11.7,2.77,5G SA,Nord 4,Airtel,n78,99,30.8,27,4,115.91,1,False,Medium,81.5,True,14,3,7,2024-07-04,4,2,1,4,2,2,0,1
2024-07-04 14:39:51.217011,Berlin,-105.0,982.05,28.04,12.8,0.68,5G NSA,GT 7,AT&T,n260,91,40.4,18,0,250.5,4,False,Low,27.8,False,14,3,7,2024-07-04,0,1,0,1,1,0,0,0
2024-07-04 14:49:51.217008,Berlin,-90.5,502.38,87.25,16.2,0.56,5G NSA,Nord 4,AT&T,n260,29,31.0,32,4,24.25,4,True,Low,66.6,True,14,3,7,2024-07-04,0,1,0,1,1,2,1,1
2024-07-04 14:59:51.217006,Kolkata,-62.8,546.87,116.14,13.6,3.95,5G NSA,Nord 4,Airtel,n258,15,42.2,3,1,235.31,4,False,Low,94.0,True,14,3,7,2024-07-04,3,1,1,0,1,2,0,1
2024-07-04 15:09:51.217003,Delhi,-99.4,318.59,35.8,14.3,2.87,5G NSA,Galaxy S23,Vi,n28,31,36.4,24,1,415.3,1,False,High,10.7,True,15,3,7,2024-07-04,2,1,6,2,0,1,0,1
2024-07-04 15:19:51.217000,New York,-98.7,829.03,124.64,2.5,4.27,5G NSA,GT 7,T-Mobile,n78,52,27.7,47,4,302.88,5,False,Low,45.2,False,15,3,7,2024-07-04,5,1,4,4,1,0,0,0
2024-07-04 15:29:51.216998,Mumbai,-109.8,545.08,124.95,17.8,0.12,5G SA,Nord 4,Vi,n28,36,41.2,3,0,333.41,3,True,Low,41.9,False,15,3,7,2024-07-04,4,2,6,2,1,2,1,0
2024-07-04 15:39:51.216995,San Francisco,-88.7,675.83,75.69,16.3,2.01,5G SA,Pixel 7,Verizon,n41,90,32.4,11,2,15.27,2,True,Medium,69.7,True,15,3,7,2024-07-04,6,2,5,3,2,3,1,1
2024-07-04 15:49:51.216993,Mumbai,-91.1,957.14,64.95,12.6,4.83,5G NSA,iPhone 14,Vi,n28,71,35.8,17,1,162.05,3,True,Low,37.5,False,15,3,7,2024-07-04,4,1,6,2,1,4,1,0
2024-07-04 15:59:51.216990,Delhi,-62.6,681.81,25.32,7.7,3.32,4G,Nord 4,BSNL,n258,53,32.5,53,0,368.3,2,False,Medium,18.9,False,15,3,7,2024-07-04,2,0,2,0,2,2,0,0
2024-07-04 16:09:51.216988,Mumbai,-60.3,941.06,138.23,19.0,4.92,4G,Nord 4,BSNL,n28,63,26.4,3,4,249.42,2,True,High,39.9,False,16,3,7,2024-07-04,4,0,2,2,0,2,1,0
2024-07-04 16:19:51.216985,Tokyo,-84.9,867.3,82.25,16.0,1.41,5G NSA,iPhone 14,AT&T,n260,85,36.9,3,2,200.24,3,False,Low,42.8,False,16,3,7,2024-07-04,7,1,0,1,1,4,0,0
2024-07-04 16:29:51.216982,Kolkata,-74.6,674.28,61.37,1.1,2.28,5G SA,Nord 4,Airtel,n258,61,23.5,25,1,380.84,2,False,Medium,18.2,True,16,3,7,2024-07-04,3,2,1,0,2,2,0,1
2024-07-04 16:39:51.216980,Berlin,-104.9,965.43,68.77,1.5,2.57,5G NSA,Pixel 7,T-Mobile,n260,43,33.7,28,0,221.13,3,True,Low,53.8,False,16,3,7,2024-07-04,0,1,4,1,1,3,1,0
2024-07-04 16:49:51.216977,Kolkata,-100.9,971.88,114.98,14.4,4.57,4G,Pixel 7,Jio,n258,37,24.0,45,2,134.26,5,True,High,20.7,True,16,3,7,2024-07-04,3,0,3,0,0,3,1,1
2024-07-04 16:59:51.216974,Tokyo,-66.4,368.02,58.35,15.6,4.41,5G SA,Nord 4,Verizon,n260,13,41.5,43,4,421.42,2,False,Low,80.0,True,16,3,7,2024-07-04,7,2,5,1,1,2,0,1
2024-07-04 17:09:51.216972,Delhi,-90.0,862.78,21.14,18.1,0.48,5G SA,Pixel 7,Vi,n78,54,41.2,8,1,207.8,4,True,Medium,54.5,False,17,3,7,2024-07-04,2,2,6,4,2,3,1,0
2024-07-04 17:19:51.216969,Berlin,-99.6,843.29,60.41,14.5,0.37,5G SA,Pixel 7,T-Mobile,n41,79,42.6,30,4,379.23,4,False,Low,36.4,False,17,3,7,2024-07-04,0,2,4,3,1,3,0,0
2024-07-04 17:29:51.216967,Mumbai,-96.6,685.25,73.08,3.6,3.86,5G NSA,iPhone 14,BSNL,n28,66,41.9,35,2,210.93,5,True,Medium,15.0,True,17,3,7,2024-07-04,4,1,2,2,2,4,1,1
2024-07-04 17:39:51.216964,Mumbai,-77.2,320.0,120.65,19.7,4.94,5G NSA,GT 7,Jio,n28,29,40.9,27,2,191.66,4,False,High,60.7,True,17,3,7,2024-07-04,4,1,3,2,0,0,0,1
2024-07-04 17:49:51.216961,San Francisco,-83.0,208.87,45.72,2.5,2.09,5G SA,iPhone 14,T-Mobile,n260,27,25.2,47,2,140.4,4,False,Low,91.6,False,17,3,7,2024-07-04,6,2,4,1,1,4,0,0
2024-07-04 17:59:51.216959,Delhi,-109.3,286.62,132.15,2.0,2.95,5G SA,Pixel 7,Airtel,n78,84,36.0,48,2,383.56,1,False,Low,80.0,True,17,3,7,2024-07-04,2,2,1,4,1,3,0,1
2024-07-04 18:09:51.216956,New York,-71.7,825.41,122.15,4.3,1.84,5G NSA,Nord 4,Verizon,n41,36,28.1,13,3,477.44,1,True,Low,34.2,True,18,3,7,2024-07-04,5,1,5,3,1,2,1,1
2024-07-04 18:19:51.216954,Berlin,-61.7,931.92,127.86,16.9,1.27,5G NSA,Galaxy S23,AT&T,n41,22,27.7,59,2,211.96,4,False,Low,74.5,False,18,3,7,2024-07-04,0,1,0,3,1,1,0,0
2024-07-04 18:29:51.216951,Chennai,-69.5,531.26,140.09,14.0,2.21,5G SA,Galaxy S23,Jio,n258,42,40.7,15,1,118.91,1,False,Medium,92.0,False,18,3,7,2024-07-04,1,2,3,0,2,1,0,0
2024-07-04 18:39:51.216948,Delhi,-101.8,762.15,23.09,1.4,3.55,5G SA,GT 7,Vi,n78,90,24.9,48,1,446.38,1,False,Medium,65.9,False,18,3,7,2024-07-04,2,2,6,4,2,0,0,0
2024-07-04 18:49:51.216943,Tokyo,-66.3,746.15,70.78,6.9,2.36,5G NSA,Galaxy S23,T-Mobile,n41,40,26.6,21,3,187.76,4,False,High,31.3,False,18,3,7,2024-07-04,7,1,4,3,0,1,0,0
2024-07-04 18:59:51.216940,San Francisco,-72.3,330.25,21.15,2.0,1.04,4G,Pixel 7,Verizon,n41,62,25.2,47,1,365.02,4,True,Low,48.5,False,18,3,7,2024-07-04,6,0,5,3,1,3,1,0
2024-07-04 19:09:51.216938,Kolkata,-70.2,947.66,143.72,4.8,4.59,5G SA,iPhone 14,Vi,n28,67,33.7,2,1,460.91,4,False,Low,51.7,False,19,3,7,2024-07-04,3,2,6,2,1,4,0,0
2024-07-04 19:19:51.216935,Kolkata,-103.5,484.89,75.62,19.1,3.16,5G NSA,Galaxy S23,BSNL,n78,77,25.8,57,2,170.81,5,True,High,94.1,False,19,3,7,2024-07-04,3,1,2,4,0,1,1,0
2024-07-04 19:29:51.216932,New York,-67.8,789.16,42.8,3.3,4.32,5G NSA,iPhone 14,AT&T,n78,63,20.4,51,1,478.48,4,False,Low,87.1,False,19,3,7,2024-07-04,5,1,0,4,1,4,0,0
2024-07-04 19:39:51.216930,Berlin,-75.6,967.97,74.38,10.1,4.74,5G SA,GT 7,AT&T,n260,48,42.8,20,1,85.98,2,False,High,42.6,False,19,3,7,2024-07-04,0,2,0,1,0,0,0,0
2024-07-04 19:49:51.216927,New York,-70.3,862.19,45.47,15.7,3.26,5G NSA,Pixel 7,AT&T,n260,66,40.4,32,4,231.62,1,True,Low,17.7,False,19,3,7,2024-07-04,5,1,0,1,1,3,1,0
2024-07-04 19:59:51.216925,Kolkata,-79.6,541.94,77.88,18.5,0.33,4G,GT 7,Jio,n28,46,28.1,11,0,115.0,3,True,Medium,87.9,True,19,3,7,2024-07-04,3,0,3,2,2,0,1,1
2024-07-04 20:09:51.216922,Berlin,-93.4,286.75,90.99,5.0,0.16,4G,GT 7,AT&T,n41,18,29.5,34,3,401.08,4,False,Low,34.6,True,20,3,7,2024-07-04,0,0,0,3,1,0,0,1
2024-07-04 20:19:51.216920,Delhi,-100.4,806.46,47.89,17.2,1.2,4G,iPhone 14,BSNL,n28,85,36.5,19,1,366.17,2,True,Medium,43.8,False,20,3,7,2024-07-04,2,0,2,2,2,4,1,0
2024-07-04 20:29:51.216917,Tokyo,-109.9,329.2,103.07,15.8,2.24,4G,Nord 4,T-Mobile,n260,33,25.6,43,1,191.09,2,True,Medium,46.2,True,20,3,7,2024-07-04,7,0,4,1,2,2,1,1
2024-07-04 20:39:51.216914,Delhi,-89.0,832.94,32.09,15.8,1.99,5G NSA,iPhone 14,Jio,n78,86,22.5,37,3,152.23,3,False,Low,97.6,True,20,3,7,2024-07-04,2,1,3,4,1,4,0,1
2024-07-04 20:49:51.216912,Chennai,-62.2,415.31,107.0,12.9,2.28,5G NSA,GT 7,BSNL,n258,71,25.0,35,4,485.76,4,False,High,96.8,False,20,3,7,2024-07-04,1,1,2,0,0,0,0,0
2024-07-04 20:59:51.216909,Berlin,-75.4,954.12,82.21,8.2,1.63,4G,Pixel 7,AT&T,n78,83,22.2,23,3,25.53,3,False,Low,64.8,True,20,3,7,2024-07-04,0,0,0,4,1,3,0,1
2024-07-04 21:09:51.216907,San Francisco,-101.3,538.89,52.64,3.9,2.33,4G,Pixel 7,Verizon,n260,55,40.2,41,3,84.23,2,False,Medium,91.1,False,21,3,7,2024-07-04,6,0,5,1,2,3,0,0
2024-07-04 21:19:51.216904,Delhi,-79.6,717.08,42.61,12.2,1.26,5G NSA,Pixel 7,Jio,n78,31,21.8,8,1,436.02,5,False,Medium,22.5,True,21,3,7,2024-07-04,2,1,3,4,2,3,0,1
2024-07-04 21:29:51.216901,Delhi,-65.4,110.73,36.0,5.9,3.2,5G NSA,Galaxy S23,Vi,n258,46,22.3,5,0,227.8,3,False,Low,10.1,True,21,3,7,2024-07-04,2,1,6,0,1,1,0,1
2024-07-04 21:39:51.216899,Tokyo,-67.0,937.15,113.48,12.5,0.84,5G NSA,Galaxy S23,Verizon,n41,88,44.9,46,3,54.86,2,False,Low,44.3,False,21,3,7,2024-07-04,7,1,5,3,1,1,0,0
2024-07-04 21:49:51.216896,Kolkata,-104.5,843.44,26.09,10.1,4.4,4G,iPhone 14,Jio,n78,20,37.8,44,3,141.75,3,False,Medium,58.4,False,21,3,7,2024-07-04,3,0,3,4,2,4,0,0
2024-07-04 21:59:51.216893,New York,-79.0,203.45,104.81,4.1,1.13,5G SA,Nord 4,AT&T,n78,30,41.7,56,4,286.35,3,True,Medium,56.8,False,21,3,7,2024-07-04,5,2,0,4,2,2,1,0
2024-07-04 22:09:51.216891,Chennai,-90.3,407.93,134.84,6.0,2.27,4G,Galaxy S23,BSNL,n78,66,22.6,10,1,171.12,4,False,High,65.5,True,22,3,7,2024-07-04,1,0,2,4,0,1,0,1
2024-07-04 22:19:51.216888,Mumbai,-77.2,381.76,73.76,1.5,4.39,5G NSA,Galaxy S23,Vi,n258,68,44.0,49,0,80.81,1,False,Low,33.0,False,22,3,7,2024-07-04,4,1,6,0,1,1,0,0
2024-07-04 22:29:51.216886,San Francisco,-71.7,716.82,70.14,1.9,1.51,4G,Nord 4,T-Mobile,n41,62,22.7,42,3,165.66,4,True,High,18.6,False,22,3,7,2024-07-04,6,0,4,3,0,2,1,0
2024-07-04 22:39:51.216883,Berlin,-88.3,262.48,97.54,6.6,4.95,5G NSA,Nord 4,T-Mobile,n78,58,38.4,43,2,215.46,3,False,High,86.5,False,22,3,7,2024-07-04,0,1,4,4,0,2,0,0
2024-07-04 22:49:51.216881,Berlin,-70.7,980.48,27.28,9.6,1.58,4G,Nord 4,T-Mobile,n78,58,20.6,11,4,471.21,4,True,High,21.5,True,22,3,7,2024-07-04,0,0,4,4,0,2,1,1
2024-07-04 22:59:51.216879,San Francisco,-83.5,688.12,139.79,1.5,1.01,5G SA,GT 7,Verizon,n260,81,41.3,54,2,426.43,1,True,High,11.0,False,22,3,7,2024-07-04,6,2,5,1,0,0,1,0
2024-07-04 23:09:51.216877,Mumbai,-85.3,166.86,113.84,15.5,1.34,5G SA,GT 7,Airtel,n258,10,22.9,50,3,59.08,2,True,Low,76.7,False,23,3,7,2024-07-04,4,2,1,0,1,0,1,0
2024-07-04 23:19:51.216875,New York,-103.9,199.22,78.82,11.4,1.88,5G NSA,Nord 4,Verizon,n78,71,40.4,59,3,493.34,2,False,Low,78.2,False,23,3,7,2024-07-04,5,1,5,4,1,2,0,0
2024-07-04 23:29:51.216873,Kolkata,-69.8,865.55,96.67,14.3,2.66,5G SA,iPhone 14,Airtel,n28,44,37.5,16,2,85.29,2,False,Low,28.1,False,23,3,7,2024-07-04,3,2,1,2,1,4,0,0
2024-07-04 23:39:51.216871,Berlin,-64.1,978.57,22.45,17.5,3.1,5G SA,Galaxy S23,AT&T,n41,47,28.9,20,2,252.66,2,True,Low,10.6,True,23,3,7,2024-07-04,0,2,0,3,1,1,1,1
2024-07-04 23:49:51.216868,San Francisco,-95.5,376.14,98.94,15.3,4.46,5G NSA,GT 7,AT&T,n41,72,22.3,28,4,16.74,5,False,Medium,92.2,True,23,3,7,2024-07-04,6,1,0,3,2,0,0,1
2024-07-04 23:59:51.216866,Mumbai,-91.4,348.91,147.47,8.9,1.55,5G SA,Nord 4,BSNL,n28,92,36.7,52,0,199.6,1,False,Medium,34.9,True,23,3,7,2024-07-04,4,2,2,2,2,2,0,1
2024-07-05 00:09:51.216863,Mumbai,-81.9,430.95,20.3,15.7,2.24,4G,Galaxy S23,BSNL,n28,15,35.8,36,4,210.33,5,True,Low,57.2,True,0,4,7,2024-07-05,4,0,2,2,1,1,1,1
2024-07-05 00:19:51.216861,Delhi,-98.2,853.2,81.58,18.3,1.48,5G SA,iPhone 14,Vi,n28,42,28.1,15,1,384.08,1,True,Low,66.5,False,0,4,7,2024-07-05,2,2,6,2,1,4,1,0
2024-07-05 00:29:51.216858,Berlin,-94.7,748.67,52.14,14.2,1.73,5G SA,Pixel 7,AT&T,n78,71,22.5,4,0,223.56,1,False,High,68.3,False,0,4,7,2024-07-05,0,2,0,4,0,3,0,0
2024-07-05 00:39:51.216855,San Francisco,-64.2,374.47,69.54,1.3,1.08,5G NSA,Galaxy S23,T-Mobile,n260,54,23.7,5,4,444.72,4,False,Medium,84.6,True,0,4,7,2024-07-05,6,1,4,1,2,1,0,1
2024-07-05 00:49:51.216853,Berlin,-75.0,270.77,67.4,18.2,1.59,5G SA,iPhone 14,Verizon,n260,94,42.6,56,1,174.79,1,True,Medium,23.1,True,0,4,7,2024-07-05,0,2,5,1,2,4,1,1
2024-07-05 00:59:51.216850,Mumbai,-71.1,391.1,82.29,17.6,0.14,4G,Nord 4,Vi,n258,45,25.7,6,4,396.42,2,True,Medium,32.7,False,0,4,7,2024-07-05,4,0,6,0,2,2,1,0
2024-07-05 01:09:51.216848,New York,-62.5,438.14,20.77,12.5,1.66,5G SA,iPhone 14,Verizon,n78,78,31.9,21,1,94.49,1,False,Medium,69.1,True,1,4,7,2024-07-05,5,2,5,4,2,4,0,1
2024-07-05 01:19:51.216845,Chennai,-88.5,317.55,137.13,8.6,2.68,5G NSA,Nord 4,Airtel,n258,21,28.2,40,4,125.65,5,False,High,66.2,False,1,4,7,2024-07-05,1,1,1,0,0,2,0,0
2024-07-05 01:29:51.216842,Kolkata,-106.1,452.16,141.43,6.5,3.01,5G NSA,Nord 4,Vi,n258,75,25.5,58,2,142.11,4,True,Medium,93.2,False,1,4,7,2024-07-05,3,1,6,0,2,2,1,0
2024-07-05 01:39:51.216840,Mumbai,-106.1,447.87,147.06,7.2,0.88,5G NSA,Nord 4,Vi,n258,37,26.9,34,3,203.59,1,True,High,21.8,True,1,4,7,2024-07-05,4,1,6,0,0,2,1,1
2024-07-05 01:49:51.216837,New York,-62.5,395.12,134.0,6.8,4.39,5G NSA,GT 7,T-Mobile,n78,42,22.9,52,2,378.01,1,False,Medium,18.9,True,1,4,7,2024-07-05,5,1,4,4,2,0,0,1
2024-07-05 01:59:51.216835,Mumbai,-100.4,332.17,85.47,5.0,0.69,5G NSA,GT 7,Jio,n28,84,20.3,19,1,337.72,1,False,Medium,60.1,False,1,4,7,2024-07-05,4,1,3,2,2,0,0,0
2024-07-05 02:09:51.216832,Delhi,-106.0,713.02,117.31,12.9,2.25,4G,Pixel 7,BSNL,n258,90,35.6,29,3,375.9,5,False,Medium,23.7,False,2,4,7,2024-07-05,2,0,2,0,2,3,0,0
2024-07-05 02:19:51.216830,Delhi,-74.3,530.47,115.47,12.1,4.72,5G SA,Galaxy S23,Vi,n28,37,38.2,5,2,73.78,3,True,High,72.5,True,2,4,7,2024-07-05,2,2,6,2,0,1,1,1
2024-07-05 02:29:51.216827,Kolkata,-98.1,829.76,132.26,1.9,1.72,4G,Pixel 7,Vi,n28,88,38.0,31,3,304.22,1,False,Low,25.6,True,2,4,7,2024-07-05,3,0,6,2,1,3,0,1
2024-07-05 02:39:51.216824,Kolkata,-101.7,109.4,113.25,7.6,4.42,4G,Galaxy S23,BSNL,n258,55,32.3,1,1,342.84,1,False,Low,52.9,True,2,4,7,2024-07-05,3,0,2,0,1,1,0,1
2024-07-05 02:49:51.216822,Delhi,-85.4,372.06,28.67,11.9,2.36,5G SA,GT 7,Airtel,n78,50,30.1,48,4,439.77,5,False,Medium,51.3,False,2,4,7,2024-07-05,2,2,1,4,2,0,0,0
2024-07-05 02:59:51.216819,Chennai,-104.5,643.27,113.16,17.3,1.16,5G SA,iPhone 14,Airtel,n78,96,26.1,30,2,38.7,2,False,Medium,47.8,False,2,4,7,2024-07-05,1,2,1,4,2,4,0,0
2024-07-05 03:09:51.216817,Berlin,-81.1,482.04,117.43,2.8,4.76,5G NSA,Nord 4,Verizon,n78,84,25.5,15,3,451.74,2,True,High,84.1,True,3,4,7,2024-07-05,0,1,5,4,0,2,1,1
2024-07-05 03:19:51.216814,Mumbai,-60.3,949.5,93.55,20.0,3.42,5G NSA,Galaxy S23,Vi,n258,60,44.8,15,0,217.26,1,True,Medium,86.2,True,3,4,7,2024-07-05,4,1,6,0,2,1,1,1
2024-07-05 03:29:51.216811,Berlin,-69.4,949.36,34.8,3.0,3.47,5G SA,iPhone 14,T-Mobile,n260,64,40.5,42,0,168.68,2,False,Low,63.0,True,3,4,7,2024-07-05,0,2,4,1,1,4,0,1
2024-07-05 03:39:51.216809,Berlin,-78.0,188.66,99.36,1.6,2.6,5G SA,iPhone 14,AT&T,n78,55,20.2,36,0,386.99,1,True,Medium,67.3,False,3,4,7,2024-07-05,0,2,0,4,2,4,1,0
2024-07-05 03:49:51.216806,Kolkata,-66.7,802.26,142.89,14.8,3.95,5G NSA,Pixel 7,Airtel,n258,53,42.1,54,0,457.44,2,False,Low,34.3,True,3,4,7,2024-07-05,3,1,1,0,1,3,0,1
2024-07-05 03:59:51.216804,Berlin,-94.4,975.29,140.01,17.6,3.25,4G,Galaxy S23,T-Mobile,n260,66,44.8,33,2,373.97,1,True,Medium,25.2,False,3,4,7,2024-07-05,0,0,4,1,2,1,1,0
2024-07-05 04:09:51.216801,San Francisco,-82.1,594.3,65.3,11.0,0.8,5G NSA,iPhone 14,T-Mobile,n260,41,26.0,45,3,27.2,1,False,Medium,27.0,False,4,4,7,2024-07-05,6,1,4,1,2,4,0,0
2024-07-05 04:19:51.216798,Delhi,-65.6,640.05,27.26,5.6,0.25,4G,Pixel 7,Jio,n28,71,24.5,33,0,317.27,1,True,High,27.8,True,4,4,7,2024-07-05,2,0,3,2,0,3,1,1
2024-07-05 04:29:51.216796,Berlin,-68.4,556.06,71.11,7.2,4.94,4G,Nord 4,AT&T,n78,27,23.2,18,4,457.83,1,True,Medium,82.4,False,4,4,7,2024-07-05,0,0,0,4,2,2,1,0
2024-07-05 04:39:51.216793,Tokyo,-97.6,762.51,84.98,9.7,2.51,5G NSA,Nord 4,AT&T,n260,85,43.8,28,1,363.37,2,False,Low,27.5,True,4,4,7,2024-07-05,7,1,0,1,1,2,0,1
2024-07-05 04:49:51.216791,Kolkata,-62.2,891.21,55.6,9.0,3.0,4G,Pixel 7,BSNL,n258,41,38.0,57,1,42.78,3,False,Low,84.7,False,4,4,7,2024-07-05,3,0,2,0,1,3,0,0
2024-07-05 04:59:51.216788,New York,-67.5,187.05,134.15,19.8,1.72,4G,Pixel 7,Verizon,n41,25,34.5,28,2,52.54,1,False,Medium,57.9,False,4,4,7,2024-07-05,5,0,5,3,2,3,0,0
2024-07-05 05:09:51.216785,Berlin,-105.3,527.86,107.82,19.9,4.7,5G NSA,Nord 4,AT&T,n41,81,39.8,17,4,252.66,4,True,Medium,71.4,False,5,4,7,2024-07-05,0,1,0,3,2,2,1,0
2024-07-05 05:19:51.216783,Kolkata,-95.0,510.43,90.89,15.9,3.89,4G,Galaxy S23,Jio,n258,39,43.6,26,2,135.03,1,False,Low,92.9,False,5,4,7,2024-07-05,3,0,3,0,1,1,0,0
2024-07-05 05:29:51.216780,San Francisco,-103.7,658.95,32.82,8.2,4.79,5G NSA,GT 7,T-Mobile,n78,51,28.5,7,3,322.18,3,True,High,58.4,True,5,4,7,2024-07-05,6,1,4,4,0,0,1,1
2024-07-05 05:39:51.216777,Delhi,-90.1,225.12,48.46,17.5,3.5,5G NSA,Pixel 7,Vi,n78,31,32.0,14,0,249.04,3,False,Medium,78.3,False,5,4,7,2024-07-05,2,1,6,4,2,3,0,0
2024-07-05 05:49:51.216775,Berlin,-71.8,595.34,37.83,18.4,2.81,5G NSA,Pixel 7,AT&T,n260,21,44.9,40,4,29.84,1,True,Medium,76.5,False,5,4,7,2024-07-05,0,1,0,1,2,3,1,0
2024-07-05 05:59:51.216772,Kolkata,-83.3,976.98,53.29,10.8,1.07,4G,iPhone 14,Airtel,n28,21,32.9,27,3,357.15,3,True,Low,14.5,True,5,4,7,2024-07-05,3,0,1,2,1,4,1,1
2024-07-05 06:09:51.216770,New York,-85.3,335.87,95.29,11.8,2.22,4G,Nord 4,AT&T,n260,16,35.6,32,1,316.53,2,False,Low,53.9,False,6,4,7,2024-07-05,5,0,0,1,1,2,0,0
2024-07-05 06:19:51.216767,Kolkata,-92.9,896.68,79.3,4.1,4.6,5G SA,Pixel 7,Jio,n78,44,21.3,36,2,455.31,4,False,Low,28.3,False,6,4,7,2024-07-05,3,2,3,4,1,3,0,0
2024-07-05 06:29:51.216764,New York,-82.3,718.78,143.97,11.6,1.9,5G SA,Galaxy S23,Verizon,n41,80,20.2,54,2,244.93,5,True,High,25.2,False,6,4,7,2024-07-05,5,2,5,3,0,1,1,0
2024-07-05 06:39:51.216762,Tokyo,-103.5,810.85,40.95,11.9,2.92,5G SA,iPhone 14,T-Mobile,n78,75,44.1,35,3,274.47,1,False,Medium,76.2,True,6,4,7,2024-07-05,7,2,4,4,2,4,0,1
2024-07-05 06:49:51.216759,San Francisco,-69.6,276.8,71.68,11.7,1.28,5G NSA,iPhone 14,Verizon,n78,74,28.6,55,0,484.95,4,True,High,29.4,True,6,4,7,2024-07-05,6,1,5,4,0,4,1,1
2024-07-05 06:59:51.216757,Mumbai,-78.7,503.05,83.93,10.9,2.12,4G,iPhone 14,Vi,n28,82,41.7,11,3,372.09,2,True,Medium,37.2,True,6,4,7,2024-07-05,4,0,6,2,2,4,1,1
2024-07-05 07:09:51.216754,Kolkata,-100.9,136.03,123.94,13.8,2.66,4G,GT 7,Airtel,n258,14,43.1,59,0,222.44,4,True,High,19.1,True,7,4,7,2024-07-05,3,0,1,0,0,0,1,1
2024-07-05 07:19:51.216751,Kolkata,-78.3,296.47,112.63,6.0,3.39,4G,GT 7,Vi,n28,22,21.9,22,2,243.11,2,False,High,81.8,False,7,4,7,2024-07-05,3,0,6,2,0,0,0,0
2024-07-05 07:29:51.216749,San Francisco,-90.0,363.69,27.29,6.7,3.79,5G SA,GT 7,T-Mobile,n78,96,41.9,4,2,482.55,4,True,Low,19.0,True,7,4,7,2024-07-05,6,2,4,4,1,0,1,1
2024-07-05 07:39:51.216746,Chennai,-70.2,189.13,140.6,14.3,3.2,5G SA,GT 7,BSNL,n258,57,39.4,54,2,237.11,4,True,Low,16.1,False,7,4,7,2024-07-05,1,2,2,0,1,0,1,0
2024-07-05 07:49:51.216743,Berlin,-75.9,724.34,29.28,1.7,4.13,4G,iPhone 14,AT&T,n78,23,29.0,4,3,343.76,2,True,Low,55.3,False,7,4,7,2024-07-05,0,0,0,4,1,4,1,0
2024-07-05 07:59:51.216741,Kolkata,-78.1,968.57,113.02,3.7,4.64,4G,Pixel 7,Jio,n78,68,26.0,27,2,343.44,4,True,Medium,11.9,False,7,4,7,2024-07-05,3,0,3,4,2,3,1,0
2024-07-05 08:09:51.216738,Delhi,-90.4,864.23,21.71,3.6,4.79,5G NSA,GT 7,Airtel,n78,49,43.7,37,4,485.8,5,False,High,50.5,False,8,4,7,2024-07-05,2,1,1,4,0,0,0,0
2024-07-05 08:19:51.216736,Chennai,-76.8,294.34,133.08,15.2,2.36,5G SA,GT 7,Airtel,n258,26,33.4,6,3,174.78,3,True,Medium,80.4,False,8,4,7,2024-07-05,1,2,1,0,2,0,1,0
2024-07-05 08:29:51.216733,Chennai,-64.4,514.62,144.52,19.4,4.38,5G SA,GT 7,BSNL,n28,35,25.0,55,0,294.39,4,True,Medium,86.0,True,8,4,7,2024-07-05,1,2,2,2,2,0,1,1
2024-07-05 08:39:51.216730,New York,-68.6,517.35,64.35,13.3,1.11,5G SA,Galaxy S23,T-Mobile,n78,49,22.8,12,3,235.6,2,False,High,34.5,False,8,4,7,2024-07-05,5,2,4,4,0,1,0,0
2024-07-05 08:49:51.216728,New York,-63.7,216.34,55.8,17.6,4.07,4G,Pixel 7,T-Mobile,n78,54,34.1,38,1,489.46,5,True,Low,52.8,False,8,4,7,2024-07-05,5,0,4,4,1,3,1,0
2024-07-05 08:59:51.216723,San Francisco,-68.0,342.58,69.1,13.4,1.71,4G,iPhone 14,AT&T,n260,37,35.4,12,2,484.22,5,False,Medium,64.9,True,8,4,7,2024-07-05,6,0,0,1,2,4,0,1
2024-07-05 09:09:51.216720,Mumbai,-76.4,497.6,87.69,16.3,0.47,5G NSA,iPhone 14,Jio,n78,74,39.8,50,0,412.61,3,True,Medium,98.1,True,9,4,7,2024-07-05,4,1,3,4,2,4,1,1
2024-07-05 09:19:51.216717,Delhi,-108.8,119.07,130.84,17.3,0.16,4G,GT 7,Vi,n28,41,39.4,30,2,214.87,4,True,Low,65.9,False,9,4,7,2024-07-05,2,0,6,2,1,0,1,0
2024-07-05 09:29:51.216715,San Francisco,-85.2,960.65,75.41,16.1,1.92,5G NSA,Nord 4,Verizon,n78,96,37.9,19,2,190.98,3,False,Low,50.7,True,9,4,7,2024-07-05,6,1,5,4,1,2,0,1
2024-07-05 09:39:51.216712,Delhi,-99.9,141.22,88.78,8.1,4.58,4G,Nord 4,Jio,n28,81,20.5,32,4,136.78,4,False,High,24.9,False,9,4,7,2024-07-05,2,0,3,2,0,2,0,0
2024-07-05 09:49:51.216710,Delhi,-86.8,489.94,71.11,13.8,4.83,5G NSA,GT 7,Airtel,n28,86,38.8,34,2,497.94,4,True,Medium,61.0,False,9,4,7,2024-07-05,2,1,1,2,2,0,1,0
2024-07-05 09:59:51.216707,Tokyo,-98.3,209.99,141.84,12.2,4.22,5G SA,GT 7,T-Mobile,n41,26,31.0,38,1,87.92,4,False,Medium,29.2,True,9,4,7,2024-07-05,7,2,4,3,2,0,0,1
2024-07-05 10:09:51.216704,Mumbai,-91.2,552.83,35.42,19.1,1.38,5G NSA,iPhone 14,Vi,n258,73,38.3,34,3,358.68,3,False,Low,53.7,True,10,4,7,2024-07-05,4,1,6,0,1,4,0,1
2024-07-05 10:19:51.216702,Mumbai,-80.4,551.23,62.61,7.2,4.21,4G,Pixel 7,Jio,n78,11,23.3,6,3,472.2,4,False,Medium,59.2,False,10,4,7,2024-07-05,4,0,3,4,2,3,0,0
2024-07-05 10:29:51.216699,Mumbai,-81.6,687.44,132.55,3.5,1.21,5G NSA,Pixel 7,Airtel,n258,29,35.5,22,3,398.77,3,True,Medium,17.1,False,10,4,7,2024-07-05,4,1,1,0,2,3,1,0
2024-07-05 10:39:51.216697,Berlin,-73.2,986.36,66.22,13.3,4.08,5G SA,Galaxy S23,T-Mobile,n78,75,41.9,25,0,337.5,3,False,Low,75.9,True,10,4,7,2024-07-05,0,2,4,4,1,1,0,1
2024-07-05 10:49:51.216694,Tokyo,-94.1,806.07,84.53,5.2,2.95,5G SA,GT 7,T-Mobile,n41,39,27.0,16,1,368.53,2,True,High,65.7,False,10,4,7,2024-07-05,7,2,4,3,0,0,1,0
2024-07-05 10:59:51.216691,Mumbai,-84.8,442.92,99.71,9.1,3.86,4G,Galaxy S23,Vi,n78,30,20.2,21,2,355.44,4,True,Medium,30.3,True,10,4,7,2024-07-05,4,0,6,4,2,1,1,1
2024-07-05 11:09:51.216689,Kolkata,-78.4,934.02,115.88,18.8,1.04,4G,GT 7,Vi,n258,30,33.6,53,0,94.5,5,False,Low,72.1,False,11,4,7,2024-07-05,3,0,6,0,1,0,0,0
2024-07-05 11:19:51.216686,Mumbai,-94.3,914.87,148.94,2.0,1.17,5G SA,Nord 4,BSNL,n28,24,34.4,6,2,442.33,4,False,High,53.4,False,11,4,7,2024-07-05,4,2,2,2,0,2,0,0
2024-07-05 11:29:51.216684,Berlin,-61.9,147.32,147.82,9.8,0.59,5G SA,GT 7,Verizon,n41,48,38.8,45,2,32.41,1,True,Low,73.2,True,11,4,7,2024-07-05,0,2,5,3,1,0,1,1
2024-07-05 11:39:51.216681,Berlin,-67.6,957.9,112.92,7.8,4.87,5G NSA,iPhone 14,T-Mobile,n78,98,37.4,2,2,116.03,3,False,Low,74.5,True,11,4,7,2024-07-05,0,1,4,4,1,4,0,1
2024-07-05 11:49:51.216678,Chennai,-73.4,310.59,97.39,11.4,2.39,5G SA,Pixel 7,BSNL,n78,50,26.9,10,2,460.78,2,True,Low,13.0,False,11,4,7,2024-07-05,1,2,2,4,1,3,1,0
2024-07-05 11:59:51.216676,New York,-97.1,292.95,113.66,6.2,3.04,5G NSA,iPhone 14,T-Mobile,n260,11,21.2,43,1,208.4,4,False,High,80.0,True,11,4,7,2024-07-05,5,1,4,1,0,4,0,1
2024-07-05 12:09:51.216673,Mumbai,-82.4,990.15,117.02,15.5,1.74,4G,iPhone 14,BSNL,n78,79,40.0,33,2,422.64,1,False,Medium,55.2,False,12,4,7,2024-07-05,4,0,2,4,2,4,0,0
2024-07-05 12:19:51.216671,Tokyo,-101.5,474.36,27.82,15.7,1.24,4G,Galaxy S23,AT&T,n41,17,36.1,28,0,302.8,3,False,Low,20.3,False,12,4,7,2024-07-05,7,0,0,3,1,1,0,0
2024-07-05 12:29:51.216668,Tokyo,-94.2,898.77,113.57,4.0,0.93,5G SA,Pixel 7,Verizon,n260,38,41.9,49,4,377.03,4,True,Medium,73.5,False,12,4,7,2024-07-05,7,2,5,1,2,3,1,0
2024-07-05 12:39:51.216665,Tokyo,-60.2,866.52,32.09,3.9,2.23,4G,iPhone 14,T-Mobile,n260,17,42.9,18,4,269.54,3,True,Low,81.6,True,12,4,7,2024-07-05,7,0,4,1,1,4,1,1
2024-07-05 12:49:51.216663,San Francisco,-72.8,200.42,27.74,6.4,3.34,4G,Nord 4,AT&T,n41,33,31.6,29,1,245.87,5,False,Low,45.2,False,12,4,7,2024-07-05,6,0,0,3,1,2,0,0
2024-07-05 12:59:51.216660,Kolkata,-99.2,187.57,60.34,7.6,1.2,5G SA,GT 7,Airtel,n28,11,44.4,15,4,396.8,1,False,Medium,87.8,True,12,4,7,2024-07-05,3,2,1,2,2,0,0,1
2024-07-05 13:09:51.216658,Chennai,-71.2,842.9,68.28,7.9,3.23,5G SA,GT 7,Vi,n28,36,44.5,39,4,33.05,1,False,Medium,60.5,True,13,4,7,2024-07-05,1,2,6,2,2,0,0,1
2024-07-05 13:19:51.216655,Kolkata,-71.4,517.11,38.28,16.7,1.24,4G,Galaxy S23,Airtel,n28,65,42.0,34,0,293.1,3,True,High,64.4,False,13,4,7,2024-07-05,3,0,1,2,0,1,1,0
2024-07-05 13:29:51.216652,Delhi,-73.8,619.07,75.54,16.2,4.54,5G SA,iPhone 14,BSNL,n258,77,43.0,9,4,311.6,2,False,Low,81.5,True,13,4,7,2024-07-05,2,2,2,0,1,4,0,1
2024-07-05 13:39:51.216650,Chennai,-76.8,886.13,137.92,16.3,2.56,5G SA,Pixel 7,Vi,n78,83,34.5,53,1,267.65,5,False,Medium,96.4,False,13,4,7,2024-07-05,1,2,6,4,2,3,0,0
2024-07-05 13:49:51.216647,Chennai,-102.1,231.52,22.78,14.3,4.89,5G SA,Galaxy S23,Vi,n258,59,23.6,25,0,336.29,4,False,High,63.1,True,13,4,7,2024-07-05,1,2,6,0,0,1,0,1
2024-07-05 13:59:51.216645,Mumbai,-95.6,453.78,37.43,18.5,2.35,5G SA,Nord 4,Vi,n258,36,39.1,51,2,328.57,1,True,Medium,24.8,False,13,4,7,2024-07-05,4,2,6,0,2,2,1,0
2024-07-05 14:09:51.216642,Berlin,-64.5,153.24,46.05,14.4,3.63,4G,Pixel 7,Verizon,n41,70,42.9,9,2,415.86,4,False,Low,69.2,True,14,4,7,2024-07-05,0,0,5,3,1,3,0,1
2024-07-05 14:19:51.216639,Tokyo,-99.4,533.97,58.88,2.9,2.53,5G SA,Galaxy S23,Verizon,n41,94,21.0,2,0,23.5,3,True,Low,61.9,False,14,4,7,2024-07-05,7,2,5,3,1,1,1,0
2024-07-05 14:29:51.216637,Berlin,-95.8,453.4,37.91,3.5,2.01,4G,GT 7,AT&T,n78,50,41.3,17,2,236.53,4,True,Medium,53.5,False,14,4,7,2024-07-05,0,0,0,4,2,0,1,0
2024-07-05 14:39:51.216634,New York,-89.0,953.21,60.79,13.1,1.49,5G NSA,Nord 4,T-Mobile,n41,32,37.7,53,4,111.92,3,False,Low,32.2,False,14,4,7,2024-07-05,5,1,4,3,1,2,0,0
2024-07-05 14:49:51.216632,San Francisco,-71.9,845.05,91.34,17.7,0.2,5G NSA,GT 7,T-Mobile,n260,71,24.1,10,0,301.87,2,True,Low,68.6,True,14,4,7,2024-07-05,6,1,4,1,1,0,1,1
2024-07-05 14:59:51.216629,Tokyo,-96.4,513.52,145.71,8.6,2.44,4G,Galaxy S23,T-Mobile,n260,14,44.0,53,4,215.98,2,False,High,21.2,False,14,4,7,2024-07-05,7,0,4,1,0,1,0,0
2024-07-05 15:09:51.216627,San Francisco,-108.6,487.3,105.3,12.8,0.76,5G NSA,Galaxy S23,T-Mobile,n260,42,45.0,1,4,194.52,1,True,Medium,58.8,False,15,4,7,2024-07-05,6,1,4,1,2,1,1,0
2024-07-05 15:19:51.216624,Delhi,-103.6,636.07,114.2,10.4,4.12,5G NSA,GT 7,Vi,n78,47,30.8,50,2,163.85,4,False,High,38.5,False,15,4,7,2024-07-05,2,1,6,4,0,0,0,0
2024-07-05 15:29:51.216621,Kolkata,-73.8,834.91,32.58,18.6,4.74,4G,Nord 4,Jio,n258,70,20.5,58,0,274.57,4,True,Medium,65.2,False,15,4,7,2024-07-05,3,0,3,0,2,2,1,0
2024-07-05 15:39:51.216619,New York,-76.7,867.52,56.57,4.5,3.89,4G,Galaxy S23,Verizon,n260,61,23.1,47,3,412.55,5,False,Medium,98.4,False,15,4,7,2024-07-05,5,0,5,1,2,1,0,0
2024-07-05 15:49:51.216616,Chennai,-106.8,626.9,31.19,16.1,3.21,4G,GT 7,BSNL,n28,48,44.0,17,1,338.03,2,False,Medium,41.5,False,15,4,7,2024-07-05,1,0,2,2,2,0,0,0
2024-07-05 15:59:51.216614,New York,-96.6,243.76,114.83,14.7,2.77,5G NSA,Nord 4,Verizon,n260,21,41.8,51,1,92.52,2,True,Low,92.1,False,15,4,7,2024-07-05,5,1,5,1,1,2,1,0
2024-07-05 16:09:51.216611,San Francisco,-88.0,549.88,134.86,6.6,4.6,5G NSA,Nord 4,T-Mobile,n78,23,36.5,21,1,147.26,1,False,Low,15.7,False,16,4,7,2024-07-05,6,1,4,4,1,2,0,0
2024-07-05 16:19:51.216608,Kolkata,-77.4,375.99,47.58,17.5,3.95,5G NSA,iPhone 14,Vi,n28,66,28.1,37,1,189.41,3,False,High,13.8,True,16,4,7,2024-07-05,3,1,6,2,0,4,0,1
2024-07-05 16:29:51.216606,New York,-102.1,256.17,130.18,14.7,1.01,5G NSA,GT 7,Verizon,n78,69,43.5,12,1,327.42,3,True,Low,41.7,False,16,4,7,2024-07-05,5,1,5,4,1,0,1,0
2024-07-05 16:39:51.216603,New York,-104.9,170.58,44.53,3.1,2.89,4G,iPhone 14,Verizon,n78,62,37.7,59,3,341.38,5,False,Low,20.6,True,16,4,7,2024-07-05,5,0,5,4,1,4,0,1
2024-07-05 16:49:51.216601,Chennai,-101.3,129.29,22.98,1.7,1.04,5G SA,GT 7,Vi,n28,16,20.4,11,0,375.62,4,False,Low,67.6,True,16,4,7,2024-07-05,1,2,6,2,1,0,0,1
2024-07-05 16:59:51.216598,Chennai,-108.5,674.57,141.48,8.2,2.06,5G SA,iPhone 14,Airtel,n28,41,25.8,6,2,238.26,2,False,High,25.5,False,16,4,7,2024-07-05,1,2,1,2,0,4,0,0
2024-07-05 17:09:51.216595,New York,-61.4,108.61,42.66,14.8,1.44,5G SA,iPhone 14,Verizon,n78,75,27.2,29,2,96.77,1,False,High,36.6,False,17,4,7,2024-07-05,5,2,5,4,0,4,0,0
2024-07-05 17:19:51.216593,Delhi,-95.6,237.43,36.4,7.1,3.21,5G SA,Pixel 7,BSNL,n258,63,31.3,27,4,313.36,1,True,Low,34.7,False,17,4,7,2024-07-05,2,2,2,0,1,3,1,0
2024-07-05 17:29:51.216590,Berlin,-78.1,666.22,22.14,1.4,4.72,5G SA,Nord 4,AT&T,n41,87,44.3,2,1,410.49,2,False,Low,34.9,True,17,4,7,2024-07-05,0,2,0,3,1,2,0,1
2024-07-05 17:39:51.216588,Chennai,-87.8,432.37,149.11,13.0,1.37,4G,iPhone 14,Airtel,n28,34,30.1,28,2,349.39,4,True,Medium,67.3,False,17,4,7,2024-07-05,1,0,1,2,2,4,1,0
2024-07-05 17:49:51.216585,Tokyo,-71.7,885.59,136.39,9.1,4.05,5G NSA,iPhone 14,Verizon,n78,10,40.5,34,0,299.82,5,True,Low,42.3,False,17,4,7,2024-07-05,7,1,5,4,1,4,1,0
2024-07-05 17:59:51.216583,Tokyo,-64.0,534.17,149.26,2.1,1.92,4G,Pixel 7,T-Mobile,n41,97,40.9,42,2,174.47,1,True,Low,97.6,True,17,4,7,2024-07-05,7,0,4,3,1,3,1,1
2024-07-05 18:09:51.216580,San Francisco,-84.1,977.44,59.58,1.4,0.15,4G,iPhone 14,Verizon,n78,67,32.8,3,4,280.37,5,False,Medium,57.1,False,18,4,7,2024-07-05,6,0,5,4,2,4,0,0
2024-07-05 18:19:51.216578,San Francisco,-76.2,129.99,125.04,10.8,4.15,4G,Galaxy S23,T-Mobile,n41,56,20.9,22,4,72.78,5,False,Low,25.4,True,18,4,7,2024-07-05,6,0,4,3,1,1,0,1
2024-07-05 18:29:51.216575,Mumbai,-62.5,332.35,81.35,3.3,3.85,5G SA,Nord 4,Jio,n78,36,26.2,26,0,131.3,1,True,Medium,39.6,True,18,4,7,2024-07-05,4,2,3,4,2,2,1,1
2024-07-05 18:39:51.216573,Tokyo,-81.0,656.0,44.14,5.2,0.42,5G SA,GT 7,AT&T,n41,25,28.6,35,2,36.9,5,True,Low,56.4,False,18,4,7,2024-07-05,7,2,0,3,1,0,1,0
2024-07-05 18:49:51.216570,San Francisco,-85.5,272.29,68.87,9.5,4.9,5G SA,iPhone 14,AT&T,n41,98,40.8,37,3,360.42,1,False,Medium,79.6,False,18,4,7,2024-07-05,6,2,0,3,2,4,0,0
2024-07-05 18:59:51.216567,Delhi,-81.1,324.4,49.01,1.9,0.99,5G NSA,Galaxy S23,Jio,n258,11,39.3,26,3,457.23,2,True,High,94.2,False,18,4,7,2024-07-05,2,1,3,0,0,1,1,0
2024-07-05 19:09:51.216565,Kolkata,-93.5,536.41,78.82,3.0,0.62,5G NSA,Pixel 7,Vi,n78,70,28.2,5,4,262.82,4,False,Medium,86.7,False,19,4,7,2024-07-05,3,1,6,4,2,3,0,0
2024-07-05 19:19:51.216562,Berlin,-104.9,647.82,121.67,16.1,0.4,5G SA,iPhone 14,Verizon,n260,43,38.1,24,3,55.85,2,False,High,86.4,False,19,4,7,2024-07-05,0,2,5,1,0,4,0,0
2024-07-05 19:29:51.216560,Mumbai,-67.0,674.75,105.36,1.3,1.17,4G,Nord 4,Jio,n28,90,28.4,8,2,62.93,5,False,Low,91.8,False,19,4,7,2024-07-05,4,0,3,2,1,2,0,0
2024-07-05 19:39:51.216557,San Francisco,-90.0,188.18,149.14,17.5,4.26,5G NSA,iPhone 14,Verizon,n260,62,35.1,30,2,347.37,4,True,Low,92.3,False,19,4,7,2024-07-05,6,1,5,1,1,4,1,0
2024-07-05 19:49:51.216554,New York,-92.4,590.23,144.49,15.0,4.7,4G,Galaxy S23,Verizon,n260,48,43.7,54,2,471.41,3,True,Low,18.6,True,19,4,7,2024-07-05,5,0,5,1,1,1,1,1
2024-07-05 19:59:51.216552,New York,-92.4,193.35,96.13,13.1,2.2,5G NSA,Nord 4,Verizon,n78,31,32.5,18,1,220.72,5,False,High,51.3,False,19,4,7,2024-07-05,5,1,5,4,0,2,0,0
2024-07-05 20:09:51.216549,Delhi,-70.2,734.38,134.7,19.8,1.81,5G SA,Galaxy S23,Jio,n28,62,34.6,49,3,62.78,3,False,High,14.6,True,20,4,7,2024-07-05,2,2,3,2,0,1,0,1
2024-07-05 20:19:51.216547,San Francisco,-75.3,842.83,96.0,3.3,1.65,4G,Galaxy S23,T-Mobile,n41,14,39.2,19,3,295.35,4,False,Low,93.2,False,20,4,7,2024-07-05,6,0,4,3,1,1,0,0
2024-07-05 20:29:51.216544,Delhi,-107.7,464.24,38.52,15.5,2.89,5G NSA,GT 7,Airtel,n28,82,41.6,50,3,210.81,1,True,Low,11.7,False,20,4,7,2024-07-05,2,1,1,2,1,0,1,0
2024-07-05 20:39:51.216541,Kolkata,-86.0,737.28,149.66,5.7,4.22,5G NSA,Pixel 7,Airtel,n258,66,36.5,18,4,34.03,1,True,Medium,24.6,False,20,4,7,2024-07-05,3,1,1,0,2,3,1,0
2024-07-05 20:49:51.216539,Chennai,-69.5,973.57,33.49,4.0,0.41,5G NSA,GT 7,Vi,n28,22,38.1,15,3,293.78,4,False,Low,88.8,True,20,4,7,2024-07-05,1,1,6,2,1,0,0,1
2024-07-05 20:59:51.216536,Mumbai,-100.4,171.26,125.77,8.9,2.99,5G NSA,iPhone 14,Airtel,n78,36,22.1,48,0,139.68,5,False,Low,16.3,False,20,4,7,2024-07-05,4,1,1,4,1,4,0,0
2024-07-05 21:09:51.216534,Tokyo,-105.0,233.4,120.62,10.2,1.91,4G,iPhone 14,AT&T,n41,38,24.4,2,0,425.81,2,True,Low,99.5,False,21,4,7,2024-07-05,7,0,0,3,1,4,1,0
2024-07-05 21:19:51.216531,San Francisco,-71.6,386.82,54.14,7.1,3.14,4G,Galaxy S23,T-Mobile,n78,17,24.1,5,1,447.5,2,False,High,83.8,True,21,4,7,2024-07-05,6,0,4,4,0,1,0,1
2024-07-05 21:29:51.216528,Mumbai,-67.2,932.44,143.62,10.2,2.78,4G,Nord 4,BSNL,n258,84,24.0,48,2,252.92,4,False,Low,62.1,False,21,4,7,2024-07-05,4,0,2,0,1,2,0,0
2024-07-05 21:39:51.216526,Tokyo,-83.9,738.91,129.82,7.7,4.76,5G SA,GT 7,Verizon,n41,19,33.9,33,2,334.39,4,True,High,12.8,False,21,4,7,2024-07-05,7,2,5,3,0,0,1,0
2024-07-05 21:49:51.216523,Kolkata,-80.4,404.9,62.83,18.3,2.38,5G NSA,Pixel 7,Jio,n258,21,41.9,17,1,477.74,1,True,Medium,54.7,False,21,4,7,2024-07-05,3,1,3,0,2,3,1,0
2024-07-05 21:59:51.216521,Delhi,-70.6,834.67,49.4,12.5,2.43,4G,GT 7,Airtel,n28,99,23.8,11,3,192.02,2,True,Medium,88.1,True,21,4,7,2024-07-05,2,0,1,2,2,0,1,1
2024-07-05 22:09:51.216518,Delhi,-105.2,508.24,115.58,13.6,4.46,5G SA,Nord 4,Vi,n28,49,21.1,24,0,52.27,3,True,Low,24.2,True,22,4,7,2024-07-05,2,2,6,2,1,2,1,1
2024-07-05 22:19:51.216515,Mumbai,-84.0,460.53,137.45,5.0,4.75,4G,iPhone 14,Vi,n258,15,28.3,38,3,104.71,4,True,High,47.7,True,22,4,7,2024-07-05,4,0,6,0,0,4,1,1
2024-07-05 22:29:51.216513,San Francisco,-78.5,841.92,74.24,11.4,2.27,5G NSA,iPhone 14,T-Mobile,n260,77,25.8,10,3,77.88,5,False,Medium,66.3,True,22,4,7,2024-07-05,6,1,4,1,2,4,0,1
2024-07-05 22:39:51.216510,New York,-68.0,484.87,111.69,16.2,2.13,4G,GT 7,AT&T,n41,86,37.7,53,3,198.91,1,False,High,71.0,False,22,4,7,2024-07-05,5,0,0,3,0,0,0,0
2024-07-05 22:49:51.216508,San Francisco,-96.7,383.45,97.18,8.9,1.06,5G SA,Nord 4,Verizon,n41,14,21.5,14,3,383.77,2,True,Medium,92.8,True,22,4,7,2024-07-05,6,2,5,3,2,2,1,1
2024-07-05 22:59:51.216505,San Francisco,-94.0,650.47,22.62,10.4,4.86,5G SA,GT 7,AT&T,n41,18,34.8,17,0,231.48,4,True,High,36.5,False,22,4,7,2024-07-05,6,2,0,3,0,0,1,0
2024-07-05 23:09:51.216500,Berlin,-106.1,892.65,28.84,7.2,1.6,5G NSA,Pixel 7,AT&T,n41,82,38.1,21,2,38.04,4,True,High,59.9,False,23,4,7,2024-07-05,0,1,0,3,0,3,1,0
2024-07-05 23:19:51.216497,Tokyo,-106.1,155.92,29.99,7.8,4.58,5G NSA,iPhone 14,T-Mobile,n260,85,20.6,12,3,118.88,2,True,Low,69.4,True,23,4,7,2024-07-05,7,1,4,1,1,4,1,1
2024-07-05 23:29:51.216495,San Francisco,-93.9,943.23,20.39,12.4,0.24,5G NSA,GT 7,T-Mobile,n41,75,37.9,7,2,189.52,3,False,Low,11.6,False,23,4,7,2024-07-05,6,1,4,3,1,0,0,0
2024-07-05 23:39:51.216492,San Francisco,-107.0,747.54,86.75,1.7,0.72,5G NSA,Galaxy S23,AT&T,n260,75,25.6,58,0,354.37,4,False,Low,55.1,True,23,4,7,2024-07-05,6,1,0,1,1,1,0,1
2024-07-05 23:49:51.216489,Tokyo,-92.6,525.0,30.83,1.8,4.22,5G SA,iPhone 14,Verizon,n78,24,36.8,36,3,202.26,5,True,Low,79.0,False,23,4,7,2024-07-05,7,2,5,4,1,4,1,0
2024-07-05 23:59:51.216487,Chennai,-109.5,784.35,52.83,6.2,3.84,5G SA,Galaxy S23,Vi,n28,25,34.9,59,3,387.5,2,True,Low,87.0,True,23,4,7,2024-07-05,1,2,6,2,1,1,1,1
2024-07-06 00:09:51.216484,Tokyo,-93.8,577.6,42.73,12.0,1.57,5G NSA,Nord 4,Verizon,n41,67,39.8,44,2,392.05,3,False,Medium,47.5,True,0,5,7,2024-07-06,7,1,5,3,2,2,0,1
2024-07-06 00:19:51.216482,Berlin,-101.1,933.1,97.97,3.7,3.51,5G SA,Pixel 7,AT&T,n41,14,20.1,42,2,180.04,5,True,High,66.7,False,0,5,7,2024-07-06,0,2,0,3,0,3,1,0
2024-07-06 00:29:51.216479,Chennai,-64.0,729.87,67.01,11.7,1.7,4G,Nord 4,Airtel,n28,11,35.1,31,0,486.68,1,True,High,75.6,False,0,5,7,2024-07-06,1,0,1,2,0,2,1,0
2024-07-06 00:39:51.216477,New York,-104.9,146.71,120.34,1.1,1.15,5G NSA,Pixel 7,Verizon,n41,80,35.8,13,1,277.59,4,True,Low,41.4,True,0,5,7,2024-07-06,5,1,5,3,1,3,1,1
2024-07-06 00:49:51.216474,Kolkata,-92.9,564.32,26.39,14.2,3.22,5G SA,GT 7,BSNL,n258,42,20.3,6,0,19.58,2,False,Medium,60.9,True,0,5,7,2024-07-06,3,2,2,0,2,0,0,1
2024-07-06 00:59:51.216471,San Francisco,-102.4,506.85,64.47,6.6,4.48,5G SA,Nord 4,AT&T,n41,27,26.6,25,3,221.11,1,True,Low,30.2,False,0,5,7,2024-07-06,6,2,0,3,1,2,1,0
2024-07-06 01:09:51.216469,New York,-100.9,968.43,133.84,18.5,2.76,5G NSA,Pixel 7,AT&T,n260,42,31.3,53,4,127.3,5,True,Medium,12.2,True,1,5,7,2024-07-06,5,1,0,1,2,3,1,1
2024-07-06 01:19:51.216466,Delhi,-70.8,621.34,100.9,10.5,2.12,5G SA,iPhone 14,BSNL,n258,99,35.4,16,4,184.08,5,False,Low,94.0,False,1,5,7,2024-07-06,2,2,2,0,1,4,0,0
2024-07-06 01:29:51.216464,Berlin,-60.4,514.98,124.02,10.0,4.9,5G SA,Nord 4,T-Mobile,n78,63,32.1,52,1,392.14,2,False,Low,72.7,False,1,5,7,2024-07-06,0,2,4,4,1,2,0,0
2024-07-06 01:39:51.216462,Delhi,-100.0,882.79,27.36,11.2,3.87,5G SA,Nord 4,Jio,n258,24,39.8,54,3,297.44,4,False,Medium,93.5,False,1,5,7,2024-07-06,2,2,3,0,2,2,0,0
2024-07-06 01:49:51.216459,Berlin,-91.0,923.65,119.03,18.1,1.54,5G NSA,iPhone 14,T-Mobile,n260,48,30.1,38,3,77.82,2,False,Low,21.9,False,1,5,7,2024-07-06,0,1,4,1,1,4,0,0
2024-07-06 01:59:51.216457,Delhi,-89.1,334.87,148.53,14.2,4.46,4G,Galaxy S23,Jio,n28,77,31.0,12,2,447.11,1,False,Low,16.7,False,1,5,7,2024-07-06,2,0,3,2,1,1,0,0
2024-07-06 02:09:51.216454,Berlin,-86.8,929.79,115.73,17.7,0.44,5G SA,Pixel 7,T-Mobile,n41,84,30.8,35,0,11.31,5,False,High,91.0,False,2,5,7,2024-07-06,0,2,4,3,0,3,0,0
2024-07-06 02:19:51.216451,Berlin,-109.6,966.21,84.74,3.2,1.76,5G NSA,GT 7,AT&T,n260,36,32.1,54,4,286.8,4,False,Low,52.0,False,2,5,7,2024-07-06,0,1,0,1,1,0,0,0
2024-07-06 02:29:51.216449,Tokyo,-66.7,309.95,116.53,7.0,2.22,5G SA,iPhone 14,AT&T,n260,81,21.8,3,3,356.45,4,True,Low,19.1,False,2,5,7,2024-07-06,7,2,0,1,1,4,1,0
2024-07-06 02:39:51.216446,Mumbai,-97.5,680.59,30.97,3.7,3.22,5G SA,iPhone 14,Airtel,n258,87,35.8,16,0,415.66,3,False,High,40.6,True,2,5,7,2024-07-06,4,2,1,0,0,4,0,1
2024-07-06 02:49:51.216444,Tokyo,-96.5,244.67,54.26,4.8,2.99,4G,Nord 4,Verizon,n78,67,32.4,40,4,79.85,5,False,Low,80.2,True,2,5,7,2024-07-06,7,0,5,4,1,2,0,1
2024-07-06 02:59:51.216441,Chennai,-95.9,179.8,52.41,6.7,4.56,4G,GT 7,BSNL,n28,38,41.1,27,4,327.54,2,True,High,38.1,True,2,5,7,2024-07-06,1,0,2,2,0,0,1,1
2024-07-06 03:09:51.216439,Tokyo,-62.0,797.04,84.68,16.1,4.86,5G NSA,GT 7,Verizon,n41,53,33.8,9,0,13.84,3,True,High,71.6,False,3,5,7,2024-07-06,7,1,5,3,0,0,1,0
2024-07-06 03:19:51.216436,Tokyo,-78.8,187.44,52.09,3.1,4.19,4G,iPhone 14,AT&T,n260,93,36.1,17,1,146.96,2,False,High,81.3,False,3,5,7,2024-07-06,7,0,0,1,0,4,0,0
2024-07-06 03:29:51.216433,Mumbai,-104.0,635.09,84.11,7.3,2.41,5G SA,Pixel 7,Airtel,n28,97,36.9,20,2,53.28,5,False,Medium,97.9,True,3,5,7,2024-07-06,4,2,1,2,2,3,0,1
2024-07-06 03:39:51.216431,Kolkata,-91.0,623.68,66.04,6.4,2.31,5G SA,Galaxy S23,Airtel,n28,35,28.6,6,3,20.78,1,True,High,98.4,True,3,5,7,2024-07-06,3,2,1,2,0,1,1,1
2024-07-06 03:49:51.216428,New York,-70.7,672.67,40.21,5.7,4.4,5G NSA,Galaxy S23,T-Mobile,n260,19,27.7,5,4,63.09,3,True,Low,58.9,False,3,5,7,2024-07-06,5,1,4,1,1,1,1,0
2024-07-06 03:59:51.216426,New York,-89.5,932.38,56.09,12.6,2.56,5G SA,Nord 4,T-Mobile,n41,71,32.0,39,4,215.5,3,True,High,64.7,False,3,5,7,2024-07-06,5,2,4,3,0,2,1,0
2024-07-06 04:09:51.216423,New York,-80.9,752.05,97.38,10.6,0.32,4G,Galaxy S23,Verizon,n260,68,36.5,25,1,408.28,1,False,High,93.5,False,4,5,7,2024-07-06,5,0,5,1,0,1,0,0
2024-07-06 04:19:51.216420,Berlin,-108.3,539.72,62.39,4.6,0.15,4G,iPhone 14,AT&T,n260,88,38.8,2,2,295.66,4,True,Medium,22.4,False,4,5,7,2024-07-06,0,0,0,1,2,4,1,0
2024-07-06 04:29:51.216418,Berlin,-101.1,801.95,129.28,13.1,0.94,4G,Pixel 7,AT&T,n41,82,39.4,56,1,433.13,4,False,Low,63.3,False,4,5,7,2024-07-06,0,0,0,3,1,3,0,0
2024-07-06 04:39:51.216415,Kolkata,-70.0,689.59,56.8,14.5,0.2,5G NSA,GT 7,Airtel,n258,64,39.0,16,4,145.71,5,True,Low,96.0,False,4,5,7,2024-07-06,3,1,1,0,1,0,1,0
2024-07-06 04:49:51.216413,Delhi,-65.0,223.26,124.53,9.6,0.22,5G SA,iPhone 14,Vi,n78,15,26.3,52,1,341.52,5,True,Medium,75.7,True,4,5,7,2024-07-06,2,2,6,4,2,4,1,1
2024-07-06 04:59:51.216410,Berlin,-68.1,991.15,47.34,8.7,1.59,4G,GT 7,AT&T,n260,49,41.2,54,3,318.11,1,True,Medium,31.3,True,4,5,7,2024-07-06,0,0,0,1,2,0,1,1
2024-07-06 05:09:51.216408,Mumbai,-73.2,957.97,57.51,7.5,4.29,5G SA,Nord 4,Vi,n258,64,37.0,37,0,164.35,4,False,Medium,72.3,False,5,5,7,2024-07-06,4,2,6,0,2,2,0,0
2024-07-06 05:19:51.216405,Mumbai,-102.7,310.53,137.8,6.5,3.52,4G,Nord 4,BSNL,n78,85,31.1,25,2,136.01,4,False,Low,57.9,False,5,5,7,2024-07-06,4,0,2,4,1,2,0,0
2024-07-06 05:29:51.216402,Tokyo,-64.6,712.97,110.42,13.2,3.32,5G NSA,Galaxy S23,AT&T,n260,73,35.0,46,3,480.36,5,True,Low,10.4,True,5,5,7,2024-07-06,7,1,0,1,1,1,1,1
2024-07-06 05:39:51.216400,Chennai,-103.2,776.27,67.43,2.7,4.43,4G,Pixel 7,Jio,n28,70,38.9,34,0,401.44,1,False,Low,76.0,False,5,5,7,2024-07-06,1,0,3,2,1,3,0,0
2024-07-06 05:49:51.216397,Delhi,-90.8,460.67,43.46,7.2,2.68,4G,Galaxy S23,Vi,n258,79,25.0,55,4,343.43,3,False,High,59.5,False,5,5,7,2024-07-06,2,0,6,0,0,1,0,0
2024-07-06 05:59:51.216395,Berlin,-75.8,433.75,54.01,8.8,3.26,5G SA,iPhone 14,Verizon,n41,34,32.0,7,1,423.3,3,False,High,66.0,True,5,5,7,2024-07-06,0,2,5,3,0,4,0,1
2024-07-06 06:09:51.216392,San Francisco,-78.4,245.71,54.64,2.2,0.37,5G NSA,Galaxy S23,T-Mobile,n260,79,28.0,39,3,135.32,2,True,Medium,81.6,True,6,5,7,2024-07-06,6,1,4,1,2,1,1,1
2024-07-06 06:19:51.216390,Chennai,-65.8,710.48,120.13,14.1,4.86,5G SA,Galaxy S23,Airtel,n78,40,35.5,55,4,235.06,1,True,Medium,82.5,True,6,5,7,2024-07-06,1,2,1,4,2,1,1,1
2024-07-06 06:29:51.216387,Tokyo,-70.0,499.0,143.28,2.3,3.76,4G,GT 7,AT&T,n78,81,22.9,41,0,129.93,5,False,High,45.3,False,6,5,7,2024-07-06,7,0,0,4,0,0,0,0
2024-07-06 06:39:51.216385,San Francisco,-69.6,460.6,64.26,1.9,4.55,4G,iPhone 14,AT&T,n78,24,37.9,29,1,476.53,4,False,High,10.4,False,6,5,7,2024-07-06,6,0,0,4,0,4,0,0
2024-07-06 06:49:51.216382,Mumbai,-99.9,401.4,22.23,9.1,2.24,5G SA,GT 7,Jio,n258,98,21.0,20,1,213.44,5,True,Low,37.9,True,6,5,7,2024-07-06,4,2,3,0,1,0,1,1
2024-07-06 06:59:51.216379,Delhi,-60.2,471.51,102.95,6.9,1.69,5G NSA,Galaxy S23,Vi,n258,28,40.7,31,3,394.23,2,False,Medium,98.0,False,6,5,7,2024-07-06,2,1,6,0,2,1,0,0
2024-07-06 07:09:51.216377,Mumbai,-106.0,898.55,66.01,15.1,1.44,5G SA,Pixel 7,BSNL,n78,12,42.5,21,3,131.08,3,False,Low,98.1,True,7,5,7,2024-07-06,4,2,2,4,1,3,0,1
2024-07-06 07:19:51.216374,Berlin,-92.5,957.89,122.17,17.7,0.52,5G SA,iPhone 14,T-Mobile,n41,10,36.9,39,0,360.08,2,False,High,83.0,True,7,5,7,2024-07-06,0,2,4,3,0,4,0,1
2024-07-06 07:29:51.216372,San Francisco,-75.1,704.47,119.05,7.1,4.46,5G NSA,iPhone 14,AT&T,n78,62,34.5,1,2,410.4,2,True,Low,72.5,True,7,5,7,2024-07-06,6,1,0,4,1,4,1,1
2024-07-06 07:39:51.216369,Chennai,-101.4,429.39,109.03,7.4,2.08,5G NSA,iPhone 14,Jio,n28,42,44.1,23,2,85.84,5,False,Medium,45.2,True,7,5,7,2024-07-06,1,1,3,2,2,4,0,1
2024-07-06 07:49:51.216366,New York,-91.4,258.12,117.2,14.3,2.36,5G NSA,Galaxy S23,Verizon,n41,29,22.4,50,1,113.74,2,True,Low,43.0,True,7,5,7,2024-07-06,5,1,5,3,1,1,1,1
2024-07-06 07:59:51.216364,Chennai,-77.4,119.0,35.23,16.1,3.98,5G SA,Pixel 7,Vi,n258,57,33.5,18,4,270.57,2,False,Low,91.1,False,7,5,7,2024-07-06,1,2,6,0,1,3,0,0
2024-07-06 08:09:51.216361,Berlin,-74.0,246.02,96.19,5.3,0.7,4G,iPhone 14,T-Mobile,n78,93,23.5,25,3,370.16,4,True,Low,86.9,False,8,5,7,2024-07-06,0,0,4,4,1,4,1,0
2024-07-06 08:19:51.216359,Berlin,-108.1,851.23,30.73,7.3,4.15,4G,Pixel 7,AT&T,n41,91,44.9,25,2,81.31,2,True,Medium,62.0,True,8,5,7,2024-07-06,0,0,0,3,2,3,1,1
2024-07-06 08:29:51.216356,San Francisco,-70.0,584.79,38.81,9.2,3.26,5G NSA,Galaxy S23,Verizon,n41,34,25.1,16,4,128.81,3,True,High,97.6,False,8,5,7,2024-07-06,6,1,5,3,0,1,1,0
2024-07-06 08:39:51.216354,Delhi,-87.5,399.05,119.87,9.7,3.51,4G,Pixel 7,Jio,n28,90,27.8,13,2,325.6,5,True,High,66.9,False,8,5,7,2024-07-06,2,0,3,2,0,3,1,0
2024-07-06 08:49:51.216351,Kolkata,-94.1,919.2,58.0,5.5,2.45,5G NSA,Nord 4,BSNL,n28,60,37.3,32,4,80.98,4,False,Low,90.0,True,8,5,7,2024-07-06,3,1,2,2,1,2,0,1
2024-07-06 08:59:51.216348,Kolkata,-108.2,979.48,108.25,11.1,2.15,5G NSA,Galaxy S23,Vi,n78,69,31.4,13,1,181.09,1,True,Low,28.4,False,8,5,7,2024-07-06,3,1,6,4,1,1,1,0
2024-07-06 09:09:51.216346,Kolkata,-63.1,665.52,48.25,8.1,1.19,5G SA,iPhone 14,Airtel,n258,60,36.8,30,1,56.07,1,False,Medium,21.3,True,9,5,7,2024-07-06,3,2,1,0,2,4,0,1
2024-07-06 09:19:51.216343,Berlin,-63.1,624.68,94.12,11.4,1.86,4G,Pixel 7,AT&T,n78,88,21.8,56,1,362.6,3,True,High,49.7,True,9,5,7,2024-07-06,0,0,0,4,0,3,1,1
2024-07-06 09:29:51.216341,Kolkata,-66.9,235.3,129.1,15.9,2.44,5G SA,GT 7,Jio,n28,14,40.5,19,3,329.79,4,False,Medium,71.4,False,9,5,7,2024-07-06,3,2,3,2,2,0,0,0
2024-07-06 09:39:51.216338,Chennai,-94.9,783.07,75.05,6.3,1.88,4G,Pixel 7,Vi,n78,45,36.2,59,2,379.13,4,True,Low,42.8,False,9,5,7,2024-07-06,1,0,6,4,1,3,1,0
2024-07-06 09:49:51.216335,Delhi,-66.1,355.51,85.09,16.2,2.2,5G SA,Nord 4,BSNL,n258,44,24.6,42,2,169.67,1,False,High,24.5,True,9,5,7,2024-07-06,2,2,2,0,0,2,0,1
2024-07-06 09:59:51.216333,Berlin,-78.5,498.04,24.64,11.9,3.57,5G SA,Nord 4,Verizon,n260,87,39.9,46,4,237.91,2,False,High,50.7,True,9,5,7,2024-07-06,0,2,5,1,0,2,0,1
2024-07-06 10:09:51.216330,Mumbai,-71.6,314.43,32.51,1.9,3.25,5G NSA,Nord 4,Jio,n28,39,37.8,46,3,459.22,3,True,High,88.2,True,10,5,7,2024-07-06,4,1,3,2,0,2,1,1
2024-07-06 10:19:51.216328,Kolkata,-72.4,829.65,109.04,13.2,1.94,5G SA,Nord 4,Airtel,n28,79,36.9,24,4,217.83,1,False,Low,21.1,False,10,5,7,2024-07-06,3,2,1,2,1,2,0,0
2024-07-06 10:29:51.216325,Delhi,-91.8,502.74,118.82,17.5,3.26,5G NSA,Nord 4,BSNL,n28,89,34.2,54,3,419.35,3,False,Medium,78.6,True,10,5,7,2024-07-06,2,1,2,2,2,2,0,1
2024-07-06 10:39:51.216323,Delhi,-79.7,385.05,81.56,16.8,1.79,4G,Nord 4,Vi,n78,34,37.4,41,3,480.22,1,True,High,28.6,True,10,5,7,2024-07-06,2,0,6,4,0,2,1,1
2024-07-06 10:49:51.216320,Delhi,-109.3,366.05,78.15,12.8,4.11,5G NSA,Galaxy S23,BSNL,n28,37,29.7,28,1,260.31,5,True,Low,63.6,False,10,5,7,2024-07-06,2,1,2,2,1,1,1,0
2024-07-06 10:59:51.216317,New York,-107.8,329.88,57.74,8.8,0.95,5G NSA,Galaxy S23,Verizon,n260,38,22.7,35,1,412.44,2,True,High,41.7,True,10,5,7,2024-07-06,5,1,5,1,0,1,1,1
2024-07-06 11:09:51.216315,San Francisco,-89.6,530.54,140.17,7.3,4.88,4G,Pixel 7,T-Mobile,n260,81,31.2,48,4,334.03,4,True,Medium,92.2,True,11,5,7,2024-07-06,6,0,4,1,2,3,1,1
2024-07-06 11:19:51.216312,Kolkata,-76.6,681.97,79.97,12.2,1.69,4G,Pixel 7,Jio,n258,25,21.9,32,2,343.1,5,True,Low,23.1,False,11,5,7,2024-07-06,3,0,3,0,1,3,1,0
2024-07-06 11:29:51.216310,Kolkata,-60.6,710.01,111.74,13.2,4.61,4G,Galaxy S23,Jio,n258,42,39.9,9,4,376.59,3,True,Low,21.9,True,11,5,7,2024-07-06,3,0,3,0,1,1,1,1
2024-07-06 11:39:51.216307,New York,-96.3,461.31,69.37,10.3,1.22,4G,iPhone 14,T-Mobile,n41,31,36.4,16,4,212.75,3,True,Medium,66.3,False,11,5,7,2024-07-06,5,0,4,3,2,4,1,0
2024-07-06 11:49:51.216304,San Francisco,-68.8,110.23,34.23,7.0,4.09,4G,Galaxy S23,AT&T,n260,32,31.5,22,0,212.43,5,False,Medium,48.6,True,11,5,7,2024-07-06,6,0,0,1,2,1,0,1
2024-07-06 11:59:51.216302,Mumbai,-99.3,796.77,137.78,9.3,0.34,4G,Galaxy S23,BSNL,n258,93,30.5,19,0,14.05,2,False,Low,68.3,False,11,5,7,2024-07-06,4,0,2,0,1,1,0,0
2024-07-06 12:09:51.216299,Mumbai,-67.7,977.51,27.43,9.4,3.84,5G NSA,GT 7,Airtel,n258,90,31.0,38,3,223.83,1,False,Low,73.1,False,12,5,7,2024-07-06,4,1,1,0,1,0,0,0
2024-07-06 12:19:51.216297,Tokyo,-85.0,536.77,24.03,11.1,0.99,5G NSA,iPhone 14,Verizon,n78,17,27.9,26,0,68.33,1,False,Medium,11.4,False,12,5,7,2024-07-06,7,1,5,4,2,4,0,0
2024-07-06 12:29:51.216294,Tokyo,-67.8,370.01,101.72,10.8,0.52,4G,iPhone 14,T-Mobile,n41,59,28.5,55,2,132.88,5,True,High,12.4,True,12,5,7,2024-07-06,7,0,4,3,0,4,1,1
2024-07-06 12:39:51.216291,Kolkata,-80.8,110.05,111.0,12.2,4.36,4G,Pixel 7,Airtel,n78,53,34.4,42,1,264.86,3,True,Medium,58.4,False,12,5,7,2024-07-06,3,0,1,4,2,3,1,0
2024-07-06 12:49:51.216289,New York,-66.2,473.62,123.1,13.9,2.21,5G NSA,Pixel 7,T-Mobile,n41,27,30.6,49,1,431.74,5,False,Low,74.9,False,12,5,7,2024-07-06,5,1,4,3,1,3,0,0
2024-07-06 12:59:51.216286,New York,-96.7,154.54,143.76,7.7,3.05,5G SA,iPhone 14,Verizon,n78,58,23.5,39,2,110.9,4,False,Medium,51.3,False,12,5,7,2024-07-06,5,2,5,4,2,4,0,0
2024-07-06 13:09:51.216278,San Francisco,-94.2,688.03,110.55,8.2,4.5,5G NSA,Pixel 7,Verizon,n260,50,20.2,22,3,33.18,3,False,High,87.6,False,13,5,7,2024-07-06,6,1,5,1,0,3,0,0
2024-07-06 13:19:51.216276,Chennai,-64.1,828.71,90.39,1.7,1.3,4G,iPhone 14,Vi,n78,16,27.8,51,4,171.54,1,True,Medium,65.7,True,13,5,7,2024-07-06,1,0,6,4,2,4,1,1
2024-07-06 13:29:51.216273,Kolkata,-98.6,647.21,99.43,10.7,2.92,5G SA,GT 7,Jio,n28,80,24.0,2,4,285.73,1,True,High,42.2,True,13,5,7,2024-07-06,3,2,3,2,0,0,1,1
2024-07-06 13:39:51.216271,Delhi,-105.6,105.0,78.01,15.6,1.64,5G NSA,Nord 4,Airtel,n28,85,33.6,45,0,107.06,4,False,Low,58.1,True,13,5,7,2024-07-06,2,1,1,2,1,2,0,1
2024-07-06 13:49:51.216268,Delhi,-95.8,118.79,108.34,11.3,0.83,5G NSA,iPhone 14,BSNL,n78,38,23.2,55,1,79.94,2,False,Medium,77.1,False,13,5,7,2024-07-06,2,1,2,4,2,4,0,0
2024-07-06 13:59:51.216265,Berlin,-79.5,934.94,137.68,4.7,2.72,5G SA,Nord 4,Verizon,n78,66,42.6,49,4,197.66,4,False,Low,66.4,False,13,5,7,2024-07-06,0,2,5,4,1,2,0,0
2024-07-06 14:09:51.216263,Berlin,-89.3,603.59,35.12,14.2,2.21,5G NSA,Nord 4,AT&T,n78,37,26.5,29,3,182.83,5,True,High,17.4,True,14,5,7,2024-07-06,0,1,0,4,0,2,1,1
2024-07-06 14:19:51.216260,Tokyo,-107.2,139.94,22.56,3.6,4.12,5G SA,GT 7,T-Mobile,n260,88,29.4,54,0,167.61,2,False,Low,81.6,False,14,5,7,2024-07-06,7,2,4,1,1,0,0,0
2024-07-06 14:29:51.216258,Delhi,-83.1,714.34,73.72,7.5,1.02,5G SA,GT 7,BSNL,n258,45,40.2,28,1,366.61,4,True,High,61.6,False,14,5,7,2024-07-06,2,2,2,0,0,0,1,0
2024-07-06 14:39:51.216255,New York,-62.3,337.7,110.48,3.2,3.31,5G NSA,Nord 4,Verizon,n260,81,37.6,22,4,423.34,5,True,High,20.8,False,14,5,7,2024-07-06,5,1,5,1,0,2,1,0
2024-07-06 14:49:51.216252,New York,-98.0,179.17,112.31,3.1,3.72,4G,Galaxy S23,Verizon,n260,20,38.1,59,4,238.26,1,True,High,74.0,True,14,5,7,2024-07-06,5,0,5,1,0,1,1,1
2024-07-06 14:59:51.216250,Tokyo,-93.9,879.67,37.33,12.1,0.1,5G SA,Pixel 7,AT&T,n41,67,36.5,23,4,223.3,2,False,Medium,98.3,True,14,5,7,2024-07-06,7,2,0,3,2,3,0,1
2024-07-06 15:09:51.216247,Delhi,-106.8,788.57,145.93,4.3,1.63,5G NSA,Nord 4,Vi,n28,20,37.2,54,4,154.98,2,False,Low,39.9,True,15,5,7,2024-07-06,2,1,6,2,1,2,0,1
2024-07-06 15:19:51.216245,Chennai,-92.6,186.14,66.71,18.1,3.09,5G NSA,iPhone 14,BSNL,n258,59,28.2,20,2,351.3,5,False,Medium,20.6,True,15,5,7,2024-07-06,1,1,2,0,2,4,0,1
2024-07-06 15:29:51.216242,Kolkata,-68.5,576.01,101.66,16.8,4.04,4G,Galaxy S23,Jio,n28,35,21.1,52,3,389.38,2,False,Low,53.4,True,15,5,7,2024-07-06,3,0,3,2,1,1,0,1
2024-07-06 15:39:51.216239,Chennai,-69.6,373.25,121.24,18.9,1.27,5G SA,GT 7,BSNL,n78,87,34.7,15,3,409.3,2,False,Medium,22.1,False,15,5,7,2024-07-06,1,2,2,4,2,0,0,0
2024-07-06 15:49:51.216237,Kolkata,-102.2,635.49,106.11,19.7,2.06,5G NSA,Galaxy S23,BSNL,n78,38,28.4,35,2,161.39,4,True,Low,59.2,True,15,5,7,2024-07-06,3,1,2,4,1,1,1,1
2024-07-06 15:59:51.216234,Chennai,-65.6,433.55,56.43,19.3,0.77,5G SA,Pixel 7,Jio,n258,99,26.2,15,2,47.93,5,False,High,80.2,False,15,5,7,2024-07-06,1,2,3,0,0,3,0,0
2024-07-06 16:09:51.216232,Chennai,-110.0,466.05,75.61,2.1,0.55,5G SA,GT 7,Airtel,n28,18,43.9,44,2,295.61,5,False,High,77.3,True,16,5,7,2024-07-06,1,2,1,2,0,0,0,1
2024-07-06 16:19:51.216228,Mumbai,-91.8,604.03,92.6,6.9,1.0,5G NSA,Galaxy S23,Vi,n28,73,29.3,23,0,189.48,2,True,Medium,54.2,False,16,5,7,2024-07-06,4,1,6,2,2,1,1,0
2024-07-06 16:29:51.216208,Delhi,-67.9,980.36,144.47,19.5,1.18,5G SA,iPhone 14,Airtel,n78,72,34.7,31,1,262.09,1,True,High,37.7,False,16,5,7,2024-07-06,2,2,1,4,0,4,1,0
2024-07-06 16:39:51.216206,Tokyo,-108.7,910.86,35.38,2.3,3.88,4G,Pixel 7,Verizon,n260,54,31.6,14,3,454.66,4,False,High,51.9,False,16,5,7,2024-07-06,7,0,5,1,0,3,0,0
2024-07-06 16:49:51.216203,Kolkata,-76.9,966.87,112.83,11.5,3.24,5G NSA,iPhone 14,Jio,n258,15,44.2,1,0,104.54,5,True,High,32.2,True,16,5,7,2024-07-06,3,1,3,0,0,4,1,1
2024-07-06 16:59:51.216201,Delhi,-71.9,638.3,20.38,6.5,2.56,4G,iPhone 14,BSNL,n78,82,39.2,10,0,424.49,1,True,Medium,77.2,False,16,5,7,2024-07-06,2,0,2,4,2,4,1,0
2024-07-06 17:09:51.216198,New York,-101.8,848.97,71.52,19.4,4.88,5G SA,Galaxy S23,Verizon,n260,56,38.6,40,2,251.34,5,True,Medium,45.3,False,17,5,7,2024-07-06,5,2,5,1,2,1,1,0
2024-07-06 17:19:51.216196,Delhi,-66.9,654.05,74.05,1.6,2.3,5G NSA,iPhone 14,BSNL,n258,95,20.8,50,1,99.17,1,False,Medium,11.8,True,17,5,7,2024-07-06,2,1,2,0,2,4,0,1
2024-07-06 17:29:51.216193,Kolkata,-91.5,937.93,133.0,11.4,4.05,5G NSA,GT 7,BSNL,n258,46,23.7,40,4,61.7,3,True,High,28.6,True,17,5,7,2024-07-06,3,1,2,0,0,0,1,1
2024-07-06 17:39:51.216190,Mumbai,-91.1,822.41,49.3,18.1,0.12,5G NSA,Nord 4,Airtel,n258,86,25.6,5,2,293.78,5,False,High,53.0,True,17,5,7,2024-07-06,4,1,1,0,0,2,0,1
2024-07-06 17:49:51.216188,Berlin,-61.3,841.89,79.76,3.8,2.4,5G SA,Pixel 7,AT&T,n41,29,43.0,49,3,103.57,2,False,Low,78.3,False,17,5,7,2024-07-06,0,2,0,3,1,3,0,0
2024-07-06 17:59:51.216185,New York,-84.4,122.64,72.99,16.1,0.56,5G NSA,Galaxy S23,Verizon,n41,21,39.1,6,3,277.74,3,True,Low,23.8,True,17,5,7,2024-07-06,5,1,5,3,1,1,1,1
2024-07-06 18:09:51.216182,Berlin,-81.4,633.69,30.15,4.0,4.32,5G NSA,GT 7,Verizon,n78,28,25.4,43,2,283.13,5,True,High,99.0,True,18,5,7,2024-07-06,0,1,5,4,0,0,1,1
2024-07-06 18:19:51.216180,Tokyo,-99.5,702.9,56.24,1.5,0.34,5G NSA,Galaxy S23,Verizon,n41,22,35.1,41,0,18.95,3,True,High,98.8,False,18,5,7,2024-07-06,7,1,5,3,0,1,1,0
2024-07-06 18:29:51.216177,San Francisco,-73.7,467.24,118.36,1.4,1.6,5G SA,Pixel 7,T-Mobile,n260,98,34.6,33,1,25.41,5,True,Low,96.8,False,18,5,7,2024-07-06,6,2,4,1,1,3,1,0
2024-07-06 18:39:51.216175,New York,-83.9,253.66,149.95,6.4,1.34,5G SA,Pixel 7,Verizon,n41,72,23.3,26,1,386.53,2,False,Low,86.6,False,18,5,7,2024-07-06,5,2,5,3,1,3,0,0
2024-07-06 18:49:51.216172,San Francisco,-84.8,629.69,135.71,5.8,1.0,4G,Pixel 7,Verizon,n260,96,32.4,12,0,15.35,4,True,Low,39.3,False,18,5,7,2024-07-06,6,0,5,1,1,3,1,0
2024-07-06 18:59:51.216170,San Francisco,-97.9,765.48,104.25,6.9,4.06,5G NSA,Pixel 7,Verizon,n78,50,36.9,37,3,497.74,3,True,High,53.2,True,18,5,7,2024-07-06,6,1,5,4,0,3,1,1
2024-07-06 19:09:51.216167,New York,-69.1,248.0,82.59,7.6,2.89,4G,Pixel 7,T-Mobile,n260,41,27.0,13,3,162.62,2,False,High,45.6,False,19,5,7,2024-07-06,5,0,4,1,0,3,0,0
2024-07-06 19:19:51.216164,Tokyo,-98.3,818.9,65.27,19.9,1.91,4G,GT 7,Verizon,n78,13,33.8,46,3,14.03,3,False,High,67.6,False,19,5,7,2024-07-06,7,0,5,4,0,0,0,0
2024-07-06 19:29:51.216162,San Francisco,-96.2,917.73,37.14,3.3,3.98,4G,Pixel 7,AT&T,n78,89,21.3,26,2,169.78,3,False,Low,73.6,False,19,5,7,2024-07-06,6,0,0,4,1,3,0,0
2024-07-06 19:39:51.216159,Chennai,-87.5,180.53,140.89,2.8,2.04,5G NSA,Nord 4,Vi,n78,76,39.6,29,0,377.41,1,True,Low,55.0,False,19,5,7,2024-07-06,1,1,6,4,1,2,1,0
2024-07-06 19:49:51.216157,Kolkata,-94.5,319.68,52.2,6.6,4.54,4G,GT 7,Jio,n258,74,23.9,2,0,380.35,5,False,Medium,69.7,False,19,5,7,2024-07-06,3,0,3,0,2,0,0,0
2024-07-06 19:59:51.216154,New York,-98.4,903.42,34.33,9.2,3.47,4G,Nord 4,T-Mobile,n78,16,44.5,45,4,318.33,3,True,Low,14.6,False,19,5,7,2024-07-06,5,0,4,4,1,2,1,0
2024-07-06 20:09:51.216151,San Francisco,-70.2,164.1,79.2,18.9,4.7,4G,Nord 4,Verizon,n78,27,41.0,58,1,118.75,4,True,Medium,95.7,True,20,5,7,2024-07-06,6,0,5,4,2,2,1,1
2024-07-06 20:19:51.216149,Mumbai,-64.4,998.35,66.51,4.9,4.43,5G NSA,GT 7,Vi,n28,75,21.5,9,2,224.13,3,True,Low,44.7,False,20,5,7,2024-07-06,4,1,6,2,1,0,1,0
2024-07-06 20:29:51.216146,New York,-72.1,637.69,134.89,3.5,0.88,5G NSA,iPhone 14,T-Mobile,n41,10,44.3,32,3,218.11,3,False,Medium,93.9,False,20,5,7,2024-07-06,5,1,4,3,2,4,0,0
2024-07-06 20:39:51.216144,New York,-73.8,967.75,129.05,2.7,3.35,4G,Nord 4,T-Mobile,n78,38,43.7,53,3,116.45,2,True,Medium,95.9,True,20,5,7,2024-07-06,5,0,4,4,2,2,1,1
2024-07-06 20:49:51.216141,Delhi,-93.6,355.17,107.14,7.7,0.34,5G NSA,Nord 4,Jio,n258,29,29.2,38,2,271.99,5,False,High,70.8,True,20,5,7,2024-07-06,2,1,3,0,0,2,0,1
2024-07-06 20:59:51.216138,Chennai,-70.2,539.16,110.87,3.0,1.03,5G SA,iPhone 14,Jio,n78,98,40.2,34,2,431.67,5,False,High,47.7,False,20,5,7,2024-07-06,1,2,3,4,0,4,0,0
2024-07-06 21:09:51.216136,Kolkata,-89.7,872.75,74.78,12.0,3.22,5G SA,Galaxy S23,Airtel,n78,62,25.7,30,3,491.55,1,True,Medium,69.0,True,21,5,7,2024-07-06,3,2,1,4,2,1,1,1
2024-07-06 21:19:51.216133,Mumbai,-74.8,479.66,42.62,2.0,2.6,5G SA,Galaxy S23,Vi,n28,82,23.8,6,3,22.77,5,False,High,65.7,False,21,5,7,2024-07-06,4,2,6,2,0,1,0,0
2024-07-06 21:29:51.216131,San Francisco,-75.1,554.71,87.36,13.9,2.4,5G NSA,Pixel 7,Verizon,n78,10,30.0,44,1,351.52,2,True,Medium,37.2,False,21,5,7,2024-07-06,6,1,5,4,2,3,1,0
2024-07-06 21:39:51.216128,Chennai,-71.8,868.72,115.18,1.6,3.14,4G,Pixel 7,Vi,n78,60,40.8,11,1,331.63,3,False,Medium,26.9,False,21,5,7,2024-07-06,1,0,6,4,2,3,0,0
2024-07-06 21:49:51.216125,New York,-96.4,355.3,134.73,10.2,3.21,5G SA,iPhone 14,AT&T,n41,96,35.6,58,4,217.04,5,False,High,87.2,False,21,5,7,2024-07-06,5,2,0,3,0,4,0,0
2024-07-06 21:59:51.216123,Kolkata,-107.9,916.19,104.88,3.6,0.2,5G SA,iPhone 14,Airtel,n258,57,22.5,15,2,347.2,5,False,Low,47.2,True,21,5,7,2024-07-06,3,2,1,0,1,4,0,1
2024-07-06 22:09:51.216120,San Francisco,-71.0,456.33,95.44,4.4,2.33,4G,Galaxy S23,Verizon,n78,55,41.9,9,2,74.27,1,False,Low,12.6,True,22,5,7,2024-07-06,6,0,5,4,1,1,0,1
2024-07-06 22:19:51.216118,Kolkata,-78.8,340.62,138.63,8.0,3.42,5G NSA,GT 7,BSNL,n258,16,36.1,53,2,98.57,1,False,Medium,33.8,False,22,5,7,2024-07-06,3,1,2,0,2,0,0,0
2024-07-06 22:29:51.216115,Kolkata,-79.1,199.0,37.36,19.1,4.11,4G,Nord 4,Vi,n258,74,26.8,1,3,115.98,1,False,Low,53.7,False,22,5,7,2024-07-06,3,0,6,0,1,2,0,0
2024-07-06 22:39:51.216112,New York,-72.7,276.12,134.42,13.0,1.75,4G,Pixel 7,AT&T,n260,39,44.8,1,1,329.05,5,False,Low,88.6,False,22,5,7,2024-07-06,5,0,0,1,1,3,0,0
2024-07-06 22:49:51.216110,Tokyo,-66.1,627.3,75.39,11.1,2.87,5G NSA,iPhone 14,AT&T,n41,55,20.2,52,3,144.73,5,True,Low,86.4,True,22,5,7,2024-07-06,7,1,0,3,1,4,1,1
2024-07-06 22:59:51.216107,San Francisco,-68.7,232.48,102.22,13.7,2.54,5G NSA,GT 7,T-Mobile,n41,92,38.3,40,2,211.49,1,False,Medium,79.1,False,22,5,7,2024-07-06,6,1,4,3,2,0,0,0
2024-07-06 23:09:51.216105,Mumbai,-100.2,647.01,80.68,6.7,4.02,5G SA,Pixel 7,Airtel,n258,45,37.0,4,4,443.92,5,False,High,51.3,True,23,5,7,2024-07-06,4,2,1,0,0,3,0,1
2024-07-06 23:19:51.216102,Chennai,-62.3,280.38,64.08,15.4,1.7,5G NSA,GT 7,Vi,n258,72,37.0,58,3,35.44,3,True,Medium,64.4,True,23,5,7,2024-07-06,1,1,6,0,2,0,1,1
2024-07-06 23:29:51.216099,New York,-71.0,298.35,134.93,19.5,2.57,4G,GT 7,AT&T,n260,29,30.4,49,4,479.25,5,False,Low,10.9,True,23,5,7,2024-07-06,5,0,0,1,1,0,0,1
2024-07-06 23:39:51.216097,Kolkata,-93.3,744.27,79.56,18.7,0.99,5G SA,Nord 4,Vi,n28,12,29.7,52,0,33.94,2,True,Low,45.7,False,23,5,7,2024-07-06,3,2,6,2,1,2,1,0
2024-07-06 23:49:51.216094,Kolkata,-97.3,253.97,124.77,5.4,4.64,4G,Nord 4,Jio,n78,47,33.7,49,1,299.31,1,False,Medium,86.1,False,23,5,7,2024-07-06,3,0,3,4,2,2,0,0
2024-07-06 23:59:51.216092,Kolkata,-82.9,889.55,20.77,17.0,3.5,4G,Pixel 7,BSNL,n258,16,38.6,19,3,449.25,3,True,Low,91.5,True,23,5,7,2024-07-06,3,0,2,0,1,3,1,1
2024-07-07 00:09:51.216089,Delhi,-90.1,713.58,66.15,3.4,0.94,4G,iPhone 14,Vi,n28,66,24.1,21,0,87.33,2,False,Medium,11.5,False,0,6,7,2024-07-07,2,0,6,2,2,4,0,0
2024-07-07 00:19:51.216086,New York,-69.5,119.96,55.45,5.7,0.6,5G NSA,Pixel 7,T-Mobile,n260,77,32.3,5,0,495.54,5,True,High,33.0,True,0,6,7,2024-07-07,5,1,4,1,0,3,1,1
2024-07-07 00:29:51.216084,San Francisco,-102.9,708.75,128.75,17.4,1.25,5G NSA,Nord 4,Verizon,n78,65,42.3,40,4,148.74,4,False,Low,93.2,False,0,6,7,2024-07-07,6,1,5,4,1,2,0,0
2024-07-07 00:39:51.216081,Kolkata,-106.1,732.57,56.56,6.1,4.27,5G NSA,Galaxy S23,Airtel,n258,23,35.0,55,2,253.41,3,False,High,66.4,True,0,6,7,2024-07-07,3,1,1,0,0,1,0,1
2024-07-07 00:49:51.216079,Chennai,-82.7,972.2,30.26,12.5,4.98,5G NSA,GT 7,Jio,n28,59,43.5,22,4,347.97,3,False,High,35.8,True,0,6,7,2024-07-07,1,1,3,2,0,0,0,1
2024-07-07 00:59:51.216076,Mumbai,-90.7,873.2,136.07,9.0,1.62,5G SA,Nord 4,BSNL,n78,59,25.9,2,1,140.04,2,True,Low,73.0,True,0,6,7,2024-07-07,4,2,2,4,1,2,1,1
2024-07-07 01:09:51.216074,Chennai,-65.4,403.68,148.1,7.3,0.59,5G NSA,Pixel 7,BSNL,n78,60,34.4,43,0,204.04,3,True,Medium,76.9,True,1,6,7,2024-07-07,1,1,2,4,2,3,1,1
2024-07-07 01:19:51.216071,San Francisco,-96.7,151.69,70.44,2.4,2.95,5G NSA,Nord 4,AT&T,n78,31,39.9,8,1,330.5,5,False,Medium,35.9,True,1,6,7,2024-07-07,6,1,0,4,2,2,0,1
2024-07-07 01:29:51.216068,New York,-69.9,334.31,38.7,15.5,2.04,4G,GT 7,T-Mobile,n78,69,42.9,46,2,386.57,1,True,Low,15.3,True,1,6,7,2024-07-07,5,0,4,4,1,0,1,1
2024-07-07 01:39:51.216066,Tokyo,-61.7,972.55,113.91,9.8,1.23,4G,Galaxy S23,AT&T,n78,90,42.5,34,2,400.4,3,False,Medium,52.3,False,1,6,7,2024-07-07,7,0,0,4,2,1,0,0
2024-07-07 01:49:51.216063,Mumbai,-102.0,872.62,76.12,14.8,2.5,5G SA,Pixel 7,BSNL,n78,59,42.3,56,1,264.14,5,False,Low,92.1,False,1,6,7,2024-07-07,4,2,2,4,1,3,0,0
2024-07-07 01:59:51.216061,Berlin,-98.7,550.54,34.99,1.5,3.89,5G NSA,Galaxy S23,Verizon,n41,30,25.1,58,3,339.24,3,True,Low,34.9,False,1,6,7,2024-07-07,0,1,5,3,1,1,1,0
2024-07-07 02:09:51.216058,Berlin,-106.1,408.74,21.3,9.2,1.0,4G,Galaxy S23,T-Mobile,n78,61,29.3,31,0,457.94,5,False,Low,93.9,False,2,6,7,2024-07-07,0,0,4,4,1,1,0,0
2024-07-07 02:19:51.216055,New York,-66.8,462.34,145.19,1.2,0.72,5G NSA,GT 7,AT&T,n260,82,29.2,18,3,34.43,5,False,Medium,87.7,False,2,6,7,2024-07-07,5,1,0,1,2,0,0,0
2024-07-07 02:29:51.216053,Mumbai,-98.7,403.35,89.81,8.6,2.2,5G NSA,iPhone 14,Jio,n28,26,36.6,6,2,278.1,3,True,High,94.7,True,2,6,7,2024-07-07,4,1,3,2,0,4,1,1
2024-07-07 02:39:51.216050,Berlin,-69.0,813.43,64.52,10.6,0.92,4G,Pixel 7,AT&T,n41,70,38.6,51,1,141.73,2,True,High,67.4,False,2,6,7,2024-07-07,0,0,0,3,0,3,1,0
2024-07-07 02:49:51.216048,Mumbai,-66.1,192.95,44.8,15.0,3.47,5G NSA,Nord 4,BSNL,n258,48,29.4,40,4,17.69,4,False,High,23.0,True,2,6,7,2024-07-07,4,1,2,0,0,2,0,1
2024-07-07 02:59:51.216045,Kolkata,-91.3,285.4,66.44,3.7,1.88,5G SA,Pixel 7,Vi,n28,34,43.8,48,2,365.52,5,False,High,83.2,False,2,6,7,2024-07-07,3,2,6,2,0,3,0,0
2024-07-07 03:09:51.216042,Mumbai,-86.8,614.91,113.14,17.4,3.29,5G NSA,GT 7,Vi,n28,23,29.1,13,3,128.08,1,False,Low,56.8,True,3,6,7,2024-07-07,4,1,6,2,1,0,0,1
2024-07-07 03:19:51.216040,Delhi,-95.4,194.34,124.78,10.4,2.18,5G NSA,Nord 4,Vi,n258,96,34.2,40,1,270.55,1,False,Medium,61.5,True,3,6,7,2024-07-07,2,1,6,0,2,2,0,1
2024-07-07 03:29:51.216035,San Francisco,-87.1,865.18,88.9,18.2,2.52,5G NSA,Pixel 7,T-Mobile,n41,67,34.3,5,0,233.82,4,False,Medium,66.7,True,3,6,7,2024-07-07,6,1,4,3,2,3,0,1
2024-07-07 03:39:51.216032,New York,-105.7,888.37,89.05,11.9,2.25,5G NSA,GT 7,T-Mobile,n41,71,42.5,6,1,348.45,5,True,High,52.8,False,3,6,7,2024-07-07,5,1,4,3,0,0,1,0
2024-07-07 03:49:51.216029,Tokyo,-65.2,769.67,95.01,16.2,0.31,5G SA,Nord 4,AT&T,n78,14,21.1,52,3,134.53,2,False,High,17.0,False,3,6,7,2024-07-07,7,2,0,4,0,2,0,0
2024-07-07 03:59:51.216027,Tokyo,-108.6,302.16,78.7,6.5,0.89,5G SA,iPhone 14,T-Mobile,n260,34,42.2,11,1,235.66,3,False,Medium,71.6,False,3,6,7,2024-07-07,7,2,4,1,2,4,0,0
2024-07-07 04:09:51.216024,New York,-94.2,673.31,72.06,15.6,1.32,5G SA,Galaxy S23,Verizon,n41,97,24.0,17,2,447.14,5,True,Medium,80.3,True,4,6,7,2024-07-07,5,2,5,3,2,1,1,1
2024-07-07 04:19:51.216022,Chennai,-107.9,922.6,103.46,2.1,4.49,4G,Galaxy S23,BSNL,n258,38,32.4,7,3,18.38,3,False,Low,67.0,True,4,6,7,2024-07-07,1,0,2,0,1,1,0,1
2024-07-07 04:29:51.216019,Delhi,-105.9,647.65,57.18,18.3,3.96,5G NSA,Pixel 7,Vi,n78,38,27.7,14,0,83.13,2,False,Low,77.5,False,4,6,7,2024-07-07,2,1,6,4,1,3,0,0
2024-07-07 04:39:51.216017,Chennai,-96.1,173.28,140.35,11.2,2.8,4G,Galaxy S23,Airtel,n78,71,38.0,53,4,153.6,4,False,Low,51.7,False,4,6,7,2024-07-07,1,0,1,4,1,1,0,0
2024-07-07 04:49:51.216014,San Francisco,-62.3,418.46,22.6,1.5,3.67,5G SA,Nord 4,AT&T,n260,23,31.0,35,2,157.33,2,False,Medium,70.0,False,4,6,7,2024-07-07,6,2,0,1,2,2,0,0
2024-07-07 04:59:51.216012,Tokyo,-76.2,264.93,61.66,18.6,1.58,5G SA,Nord 4,Verizon,n78,98,22.7,25,3,354.64,3,True,Low,60.9,True,4,6,7,2024-07-07,7,2,5,4,1,2,1,1
2024-07-07 05:09:51.216009,San Francisco,-105.7,166.73,20.45,19.9,4.7,4G,Pixel 7,Verizon,n78,24,43.8,31,0,294.7,4,False,High,52.4,False,5,6,7,2024-07-07,6,0,5,4,0,3,0,0
2024-07-07 05:19:51.216007,Mumbai,-66.5,163.99,61.86,12.0,4.96,4G,GT 7,BSNL,n78,67,35.9,33,4,323.61,5,True,Low,99.3,True,5,6,7,2024-07-07,4,0,2,4,1,0,1,1
2024-07-07 05:29:51.216004,San Francisco,-60.1,940.62,130.77,2.2,3.13,4G,GT 7,Verizon,n41,20,23.7,9,0,377.91,2,True,High,40.0,False,5,6,7,2024-07-07,6,0,5,3,0,0,1,0
2024-07-07 05:39:51.216001,Berlin,-99.7,692.03,72.26,2.7,0.68,4G,iPhone 14,T-Mobile,n78,37,44.0,22,4,255.39,4,True,Medium,28.8,False,5,6,7,2024-07-07,0,0,4,4,2,4,1,0
2024-07-07 05:49:51.215999,Tokyo,-65.4,955.79,97.72,7.7,1.26,5G SA,Pixel 7,T-Mobile,n260,62,36.5,17,0,237.58,5,True,Low,38.5,True,5,6,7,2024-07-07,7,2,4,1,1,3,1,1
2024-07-07 05:59:51.215996,Kolkata,-73.4,444.67,110.76,13.7,1.35,4G,GT 7,BSNL,n258,16,40.4,50,0,497.89,4,False,High,57.5,True,5,6,7,2024-07-07,3,0,2,0,0,0,0,1
2024-07-07 06:09:51.215994,Delhi,-68.9,990.18,85.92,3.4,2.52,5G NSA,GT 7,BSNL,n258,98,27.8,41,2,54.55,3,True,Low,98.0,False,6,6,7,2024-07-07,2,1,2,0,1,0,1,0
2024-07-07 06:19:51.215991,Mumbai,-90.4,435.48,120.17,16.9,2.09,4G,Nord 4,Vi,n258,65,25.9,31,4,243.44,4,False,High,63.0,True,6,6,7,2024-07-07,4,0,6,0,0,2,0,1
2024-07-07 06:29:51.215988,Berlin,-71.7,792.38,79.75,17.2,2.66,5G NSA,Pixel 7,Verizon,n260,52,44.8,17,0,61.87,2,True,Medium,92.4,True,6,6,7,2024-07-07,0,1,5,1,2,3,1,1
2024-07-07 06:39:51.215986,Chennai,-92.8,505.25,52.7,11.3,1.23,5G SA,GT 7,Jio,n78,96,43.8,46,1,210.86,5,True,Low,21.6,True,6,6,7,2024-07-07,1,2,3,4,1,0,1,1
2024-07-07 06:49:51.215983,Kolkata,-96.2,609.98,141.96,3.1,1.82,5G SA,Nord 4,Vi,n78,38,31.3,5,3,25.84,2,False,Low,83.9,False,6,6,7,2024-07-07,3,2,6,4,1,2,0,0
2024-07-07 06:59:51.215981,Kolkata,-95.5,209.89,93.13,8.6,3.17,5G SA,Galaxy S23,Vi,n258,42,44.9,52,0,456.46,3,True,Low,53.0,False,6,6,7,2024-07-07,3,2,6,0,1,1,1,0
2024-07-07 07:09:51.215978,San Francisco,-68.3,500.38,118.43,14.7,3.63,4G,Galaxy S23,Verizon,n78,53,35.7,56,0,449.6,3,False,Low,53.2,False,7,6,7,2024-07-07,6,0,5,4,1,1,0,0
2024-07-07 07:19:51.215975,Kolkata,-104.3,593.77,114.34,13.3,1.48,4G,Nord 4,Vi,n78,17,23.8,58,0,492.03,5,True,Medium,47.4,True,7,6,7,2024-07-07,3,0,6,4,2,2,1,1
2024-07-07 07:29:51.215973,Mumbai,-92.1,136.47,30.83,19.0,4.65,5G NSA,Pixel 7,Airtel,n28,32,41.5,28,2,79.43,2,False,High,28.0,False,7,6,7,2024-07-07,4,1,1,2,0,3,0,0
2024-07-07 07:39:51.215970,Kolkata,-81.5,899.64,118.51,15.3,1.2,5G SA,Galaxy S23,BSNL,n78,12,21.2,57,4,37.06,5,False,Low,75.1,True,7,6,7,2024-07-07,3,2,2,4,1,1,0,1
2024-07-07 07:49:51.215968,Kolkata,-101.0,732.99,47.37,16.5,2.62,4G,iPhone 14,Airtel,n28,93,37.9,33,4,176.2,5,True,High,95.7,True,7,6,7,2024-07-07,3,0,1,2,0,4,1,1
2024-07-07 07:59:51.215965,Tokyo,-71.1,210.04,133.2,19.3,3.32,5G NSA,iPhone 14,AT&T,n41,12,26.5,5,4,199.07,1,True,Medium,93.0,True,7,6,7,2024-07-07,7,1,0,3,2,4,1,1
2024-07-07 08:09:51.215963,San Francisco,-60.3,608.47,118.22,13.5,0.74,4G,GT 7,Verizon,n41,28,37.5,55,0,275.55,4,True,High,40.4,False,8,6,7,2024-07-07,6,0,5,3,0,0,1,0
2024-07-07 08:19:51.215960,Tokyo,-83.1,342.39,125.49,5.2,3.66,5G SA,iPhone 14,T-Mobile,n78,56,26.1,44,3,457.62,4,True,Medium,94.5,True,8,6,7,2024-07-07,7,2,4,4,2,4,1,1
2024-07-07 08:29:51.215957,Tokyo,-77.6,426.43,95.14,16.0,3.66,5G NSA,Nord 4,T-Mobile,n78,24,24.7,34,0,399.44,1,True,Medium,24.0,True,8,6,7,2024-07-07,7,1,4,4,2,2,1,1
2024-07-07 08:39:51.215955,San Francisco,-72.0,671.01,23.87,19.3,0.84,5G SA,Nord 4,Verizon,n78,35,32.8,59,1,223.23,4,True,Medium,75.4,False,8,6,7,2024-07-07,6,2,5,4,2,2,1,0
2024-07-07 08:49:51.215952,Tokyo,-107.4,214.79,33.61,5.1,1.83,5G NSA,Galaxy S23,T-Mobile,n41,11,41.9,24,2,262.45,2,False,High,16.3,False,8,6,7,2024-07-07,7,1,4,3,0,1,0,0
2024-07-07 08:59:51.215950,Mumbai,-90.7,633.6,73.21,19.2,0.63,5G NSA,GT 7,Jio,n258,61,24.1,59,4,36.57,5,False,Medium,63.9,False,8,6,7,2024-07-07,4,1,3,0,2,0,0,0
2024-07-07 09:09:51.215947,Mumbai,-76.2,786.85,95.12,11.3,4.89,5G NSA,Galaxy S23,Vi,n258,95,27.3,9,3,486.49,1,True,Medium,77.9,False,9,6,7,2024-07-07,4,1,6,0,2,1,1,0
2024-07-07 09:19:51.215945,New York,-62.2,754.35,45.41,10.7,2.85,4G,Nord 4,Verizon,n41,62,39.0,40,4,192.2,2,False,Low,69.1,False,9,6,7,2024-07-07,5,0,5,3,1,2,0,0
2024-07-07 09:29:51.215942,Mumbai,-108.7,175.33,97.81,12.5,1.78,5G SA,iPhone 14,Jio,n78,48,25.1,27,4,324.08,5,True,Low,21.5,True,9,6,7,2024-07-07,4,2,3,4,1,4,1,1
2024-07-07 09:39:51.215939,Chennai,-104.2,246.79,128.7,14.9,4.75,5G NSA,Galaxy S23,Jio,n78,24,32.9,51,3,229.08,2,False,Low,79.9,True,9,6,7,2024-07-07,1,1,3,4,1,1,0,1
2024-07-07 09:49:51.215937,Kolkata,-93.8,472.54,115.4,6.7,1.75,5G SA,Galaxy S23,Airtel,n258,64,25.4,51,0,33.74,1,False,Low,17.9,True,9,6,7,2024-07-07,3,2,1,0,1,1,0,1
2024-07-07 09:59:51.215934,Tokyo,-66.7,298.29,97.32,2.4,0.17,5G NSA,GT 7,Verizon,n41,10,22.0,27,3,414.7,5,True,Low,71.3,True,9,6,7,2024-07-07,7,1,5,3,1,0,1,1
2024-07-07 10:09:51.215932,Chennai,-87.2,151.55,94.75,10.0,0.85,5G NSA,GT 7,Jio,n28,71,36.5,46,1,308.56,5,False,Medium,29.7,True,10,6,7,2024-07-07,1,1,3,2,2,0,0,1
2024-07-07 10:19:51.215929,San Francisco,-102.9,312.69,80.45,3.7,1.8,5G SA,Pixel 7,AT&T,n41,13,24.1,43,1,126.72,1,True,High,13.3,False,10,6,7,2024-07-07,6,2,0,3,0,3,1,0
2024-07-07 10:29:51.215926,New York,-63.7,731.63,142.47,2.2,2.08,5G SA,Galaxy S23,T-Mobile,n260,44,22.4,6,1,369.27,4,False,High,33.8,False,10,6,7,2024-07-07,5,2,4,1,0,1,0,0
2024-07-07 10:39:51.215924,Delhi,-91.0,130.35,102.11,19.5,2.42,5G SA,Pixel 7,Airtel,n78,87,28.3,17,0,460.17,2,False,Low,95.0,False,10,6,7,2024-07-07,2,2,1,4,1,3,0,0
2024-07-07 10:49:51.215921,Kolkata,-78.7,911.29,34.18,1.8,4.63,5G SA,Nord 4,Airtel,n28,74,34.9,41,2,32.54,3,True,Medium,37.1,False,10,6,7,2024-07-07,3,2,1,2,2,2,1,0
2024-07-07 10:59:51.215919,New York,-101.2,208.49,139.32,7.8,4.76,5G SA,Nord 4,Verizon,n41,94,34.4,30,3,114.39,5,True,High,69.1,False,10,6,7,2024-07-07,5,2,5,3,0,2,1,0
2024-07-07 11:09:51.215916,Mumbai,-93.6,241.49,134.59,17.8,3.6,5G NSA,Galaxy S23,BSNL,n28,45,38.1,38,4,314.07,2,True,Medium,45.4,True,11,6,7,2024-07-07,4,1,2,2,2,1,1,1
2024-07-07 11:19:51.215914,Kolkata,-74.3,710.88,108.08,3.9,5.0,4G,Pixel 7,BSNL,n258,36,28.4,41,3,349.73,3,True,Medium,16.1,True,11,6,7,2024-07-07,3,0,2,0,2,3,1,1
2024-07-07 11:29:51.215911,San Francisco,-60.4,351.37,134.53,11.0,3.48,5G NSA,iPhone 14,Verizon,n78,74,28.2,38,1,83.79,3,True,High,20.2,False,11,6,7,2024-07-07,6,1,5,4,0,4,1,0
2024-07-07 11:39:51.215908,Chennai,-79.4,386.24,72.93,4.4,2.65,5G NSA,iPhone 14,Vi,n78,42,32.7,30,2,151.86,2,True,High,67.0,False,11,6,7,2024-07-07,1,1,6,4,0,4,1,0
2024-07-07 11:49:51.215906,Delhi,-83.2,108.42,94.58,14.3,0.22,5G NSA,Galaxy S23,Jio,n28,20,42.2,22,4,200.83,3,True,Low,33.2,False,11,6,7,2024-07-07,2,1,3,2,1,1,1,0
2024-07-07 11:59:51.215903,Kolkata,-95.9,983.0,97.65,9.1,4.37,5G NSA,Nord 4,Airtel,n28,82,44.1,25,2,127.46,5,False,Medium,73.2,True,11,6,7,2024-07-07,3,1,1,2,2,2,0,1
2024-07-07 12:09:51.215901,Kolkata,-106.6,167.83,51.64,18.7,1.39,4G,Pixel 7,Airtel,n78,91,35.3,50,1,162.97,1,False,Low,69.1,True,12,6,7,2024-07-07,3,0,1,4,1,3,0,1
2024-07-07 12:19:51.215898,Delhi,-83.3,545.9,119.27,16.4,4.23,5G SA,GT 7,Vi,n78,38,35.5,22,3,336.23,3,False,Medium,40.3,True,12,6,7,2024-07-07,2,2,6,4,2,0,0,1
2024-07-07 12:29:51.215895,Chennai,-67.0,262.64,97.6,13.3,0.97,4G,Pixel 7,Jio,n28,40,26.5,5,0,458.39,3,True,Low,68.1,True,12,6,7,2024-07-07,1,0,3,2,1,3,1,1
2024-07-07 12:39:51.215890,Delhi,-69.6,378.26,85.39,3.6,3.07,5G NSA,Nord 4,BSNL,n28,32,33.5,54,4,209.43,5,True,High,70.0,True,12,6,7,2024-07-07,2,1,2,2,0,2,1,1
2024-07-07 12:49:51.215887,Chennai,-64.5,491.12,73.95,14.8,1.97,5G SA,Nord 4,BSNL,n28,81,24.9,38,2,86.79,2,False,Medium,76.5,True,12,6,7,2024-07-07,1,2,2,2,2,2,0,1
2024-07-07 12:59:51.215885,Mumbai,-94.0,105.39,106.38,18.3,4.34,4G,Galaxy S23,Jio,n258,24,21.7,12,4,217.19,3,False,Medium,83.8,False,12,6,7,2024-07-07,4,0,3,0,2,1,0,0
2024-07-07 13:09:51.215882,Berlin,-107.7,872.14,112.23,8.0,2.24,5G SA,GT 7,AT&T,n78,41,40.4,56,3,186.36,2,False,High,53.8,False,13,6,7,2024-07-07,0,2,0,4,0,0,0,0
2024-07-07 13:19:51.215880,Mumbai,-61.7,222.55,107.92,2.0,3.2,4G,Nord 4,BSNL,n258,93,30.3,17,2,118.32,1,False,High,72.8,False,13,6,7,2024-07-07,4,0,2,0,0,2,0,0
2024-07-07 13:29:51.215877,San Francisco,-86.4,558.69,71.82,15.5,2.52,5G NSA,GT 7,T-Mobile,n260,42,43.4,20,0,285.36,5,False,Medium,88.3,True,13,6,7,2024-07-07,6,1,4,1,2,0,0,1
2024-07-07 13:39:51.215874,San Francisco,-97.5,518.65,46.59,3.8,4.47,5G NSA,iPhone 14,T-Mobile,n78,43,28.6,58,1,322.7,4,False,Low,65.6,True,13,6,7,2024-07-07,6,1,4,4,1,4,0,1
2024-07-07 13:49:51.215872,San Francisco,-71.9,537.76,23.59,16.4,3.05,4G,iPhone 14,T-Mobile,n78,70,33.4,1,0,373.86,2,True,High,33.5,True,13,6,7,2024-07-07,6,0,4,4,0,4,1,1
2024-07-07 13:59:51.215869,Kolkata,-100.2,520.04,149.41,18.9,3.19,5G SA,Pixel 7,BSNL,n28,78,39.5,53,1,13.74,5,True,Low,71.8,False,13,6,7,2024-07-07,3,2,2,2,1,3,1,0
2024-07-07 14:09:51.215867,Chennai,-109.5,470.03,83.07,5.8,4.58,5G SA,Pixel 7,BSNL,n78,76,36.1,19,0,51.98,1,False,Medium,18.1,True,14,6,7,2024-07-07,1,2,2,4,2,3,0,1
2024-07-07 14:19:51.215864,Berlin,-64.4,478.45,94.1,18.2,4.67,4G,Nord 4,Verizon,n260,44,35.5,16,2,365.47,5,False,Low,70.1,False,14,6,7,2024-07-07,0,0,5,1,1,2,0,0
2024-07-07 14:29:51.215861,San Francisco,-106.7,547.29,35.39,9.9,4.41,5G SA,Pixel 7,AT&T,n260,84,29.9,46,4,323.74,1,False,Medium,14.8,True,14,6,7,2024-07-07,6,2,0,1,2,3,0,1
2024-07-07 14:39:51.215859,Kolkata,-66.3,986.95,146.66,14.5,4.61,4G,iPhone 14,BSNL,n78,54,20.8,6,1,73.97,4,False,Low,24.7,False,14,6,7,2024-07-07,3,0,2,4,1,4,0,0
2024-07-07 14:49:51.215856,San Francisco,-77.5,261.16,88.03,3.6,1.63,4G,Galaxy S23,AT&T,n41,50,30.5,17,1,460.22,1,False,Low,75.6,True,14,6,7,2024-07-07,6,0,0,3,1,1,0,1
2024-07-07 14:59:51.215854,Tokyo,-74.9,982.93,115.17,4.4,2.07,5G NSA,Galaxy S23,Verizon,n41,62,35.5,49,4,76.17,4,False,High,47.8,True,14,6,7,2024-07-07,7,1,5,3,0,1,0,1
2024-07-07 15:09:51.215851,Tokyo,-80.1,761.21,76.89,4.2,3.64,4G,Nord 4,Verizon,n78,80,31.3,14,4,70.7,3,True,Medium,56.2,True,15,6,7,2024-07-07,7,0,5,4,2,2,1,1
2024-07-07 15:19:51.215848,Delhi,-64.9,108.61,75.6,12.1,0.41,5G SA,Nord 4,Jio,n258,67,39.9,5,0,253.53,1,True,Low,79.2,True,15,6,7,2024-07-07,2,2,3,0,1,2,1,1
2024-07-07 15:29:51.215846,Kolkata,-62.7,762.01,81.99,6.0,2.78,5G NSA,Nord 4,Vi,n28,89,28.6,27,2,235.13,5,True,Medium,78.8,False,15,6,7,2024-07-07,3,1,6,2,2,2,1,0
2024-07-07 15:39:51.215843,New York,-63.5,196.01,99.24,11.4,0.49,5G NSA,GT 7,T-Mobile,n78,50,38.5,13,0,380.97,4,False,High,48.6,True,15,6,7,2024-07-07,5,1,4,4,0,0,0,1
2024-07-07 15:49:51.215840,San Francisco,-70.4,906.07,67.25,14.7,2.41,4G,GT 7,Verizon,n41,16,37.4,59,1,91.38,3,True,Low,60.0,True,15,6,7,2024-07-07,6,0,5,3,1,0,1,1
2024-07-07 15:59:51.215838,Berlin,-101.0,510.26,103.07,12.8,3.39,5G SA,Pixel 7,AT&T,n41,14,24.1,13,4,94.54,3,True,Low,18.0,True,15,6,7,2024-07-07,0,2,0,3,1,3,1,1
2024-07-07 16:09:51.215836,Delhi,-79.7,528.1,28.49,9.6,0.48,5G NSA,Nord 4,Airtel,n258,16,32.9,5,1,110.72,1,False,Low,21.3,False,16,6,7,2024-07-07,2,1,1,0,1,2,0,0
2024-07-07 16:19:51.215833,Tokyo,-91.7,479.25,96.21,14.2,0.98,5G SA,GT 7,T-Mobile,n41,68,28.3,26,1,492.7,3,True,Low,24.8,False,16,6,7,2024-07-07,7,2,4,3,1,0,1,0
2024-07-07 16:29:51.215831,Tokyo,-106.8,613.66,45.95,18.8,3.15,4G,Galaxy S23,AT&T,n41,12,22.6,28,0,439.57,2,True,Medium,58.8,False,16,6,7,2024-07-07,7,0,0,3,2,1,1,0
2024-07-07 16:39:51.215828,Kolkata,-89.8,535.34,50.03,8.7,1.22,4G,Galaxy S23,Vi,n78,25,43.1,1,4,344.62,2,False,High,90.7,False,16,6,7,2024-07-07,3,0,6,4,0,1,0,0
2024-07-07 16:49:51.215825,San Francisco,-71.6,442.99,71.85,19.9,0.67,5G NSA,Pixel 7,Verizon,n260,20,30.4,10,1,421.35,4,True,Low,95.3,False,16,6,7,2024-07-07,6,1,5,1,1,3,1,0
2024-07-07 16:59:51.215823,Chennai,-79.9,737.7,88.8,12.4,2.63,5G SA,Pixel 7,Jio,n28,38,26.2,52,2,337.01,1,False,Medium,74.6,True,16,6,7,2024-07-07,1,2,3,2,2,3,0,1
2024-07-07 17:09:51.215820,Mumbai,-87.0,666.0,54.06,10.3,4.31,5G NSA,GT 7,BSNL,n258,40,23.3,26,3,444.59,4,True,Low,74.8,False,17,6,7,2024-07-07,4,1,2,0,1,0,1,0
2024-07-07 17:19:51.215818,Delhi,-67.5,715.25,41.4,11.2,0.76,5G SA,GT 7,Vi,n78,21,38.7,42,1,437.4,3,True,High,28.5,True,17,6,7,2024-07-07,2,2,6,4,0,0,1,1
2024-07-07 17:29:51.215815,Kolkata,-103.5,416.84,136.22,12.4,3.24,4G,GT 7,Airtel,n258,99,38.6,22,0,300.16,1,True,Low,11.1,True,17,6,7,2024-07-07,3,0,1,0,1,0,1,1
2024-07-07 17:39:51.215810,Delhi,-91.0,454.83,42.18,12.6,3.26,5G NSA,Galaxy S23,Jio,n258,84,36.3,33,1,12.76,2,False,Medium,87.9,False,17,6,7,2024-07-07,2,1,3,0,2,1,0,0
2024-07-07 17:49:51.215807,Berlin,-107.0,242.56,137.64,1.9,3.71,5G SA,Nord 4,AT&T,n78,85,23.1,7,0,229.69,1,False,Low,82.0,False,17,6,7,2024-07-07,0,2,0,4,1,2,0,0
2024-07-07 17:59:51.215805,New York,-81.8,903.04,149.16,14.6,3.2,4G,GT 7,Verizon,n78,55,34.2,48,4,226.99,4,False,Medium,19.4,False,17,6,7,2024-07-07,5,0,5,4,2,0,0,0
2024-07-07 18:09:51.215802,New York,-95.6,465.38,44.77,7.7,0.15,5G NSA,Galaxy S23,AT&T,n260,55,32.6,58,3,22.61,2,True,Medium,55.3,False,18,6,7,2024-07-07,5,1,0,1,2,1,1,0
2024-07-07 18:19:51.215799,San Francisco,-76.4,443.29,98.51,19.5,3.52,4G,Galaxy S23,T-Mobile,n41,82,36.5,51,2,223.33,1,False,High,34.9,False,18,6,7,2024-07-07,6,0,4,3,0,1,0,0
2024-07-07 18:29:51.215797,Kolkata,-102.6,983.37,34.57,4.3,3.82,5G NSA,GT 7,Airtel,n78,93,38.7,33,1,244.93,1,False,High,85.6,True,18,6,7,2024-07-07,3,1,1,4,0,0,0,1
2024-07-07 18:39:51.215794,Kolkata,-78.0,345.61,122.87,18.3,2.64,4G,iPhone 14,Airtel,n28,65,23.3,4,4,75.91,2,True,High,57.8,False,18,6,7,2024-07-07,3,0,1,2,0,4,1,0
2024-07-07 18:49:51.215792,Berlin,-92.8,739.66,110.53,7.3,0.34,5G SA,Galaxy S23,Verizon,n260,40,25.2,51,3,354.23,4,False,Low,59.2,False,18,6,7,2024-07-07,0,2,5,1,1,1,0,0
2024-07-07 18:59:51.215789,Delhi,-83.1,247.25,28.39,8.1,0.81,5G SA,iPhone 14,Airtel,n28,46,39.7,19,0,488.72,4,False,Medium,37.5,False,18,6,7,2024-07-07,2,2,1,2,2,4,0,0
2024-07-07 19:09:51.215786,Tokyo,-84.4,288.47,136.81,4.9,0.42,5G NSA,Nord 4,T-Mobile,n41,78,44.5,39,0,182.88,1,False,Medium,12.3,True,19,6,7,2024-07-07,7,1,4,3,2,2,0,1
2024-07-07 19:19:51.215784,Delhi,-93.4,373.65,49.54,11.9,0.37,5G NSA,iPhone 14,Jio,n28,43,23.4,58,2,105.14,2,True,Medium,35.5,True,19,6,7,2024-07-07,2,1,3,2,2,4,1,1
2024-07-07 19:29:51.215781,San Francisco,-91.7,882.77,143.69,4.7,1.61,4G,Galaxy S23,T-Mobile,n41,40,41.4,25,2,494.92,2,True,High,23.5,False,19,6,7,2024-07-07,6,0,4,3,0,1,1,0
2024-07-07 19:39:51.215779,New York,-62.3,235.67,52.36,15.9,1.16,5G NSA,Nord 4,Verizon,n78,51,43.8,30,3,293.46,5,True,Medium,23.1,False,19,6,7,2024-07-07,5,1,5,4,2,2,1,0
2024-07-07 19:49:51.215776,Tokyo,-90.7,346.58,140.78,13.0,1.83,5G SA,Pixel 7,Verizon,n78,47,26.8,57,2,476.96,2,True,High,50.3,False,19,6,7,2024-07-07,7,2,5,4,0,3,1,0
2024-07-07 19:59:51.215774,Chennai,-106.5,267.78,78.08,7.0,1.52,4G,iPhone 14,Jio,n258,69,36.1,2,0,475.21,5,True,High,73.0,True,19,6,7,2024-07-07,1,0,3,0,0,4,1,1
2024-07-07 20:09:51.215771,Mumbai,-61.8,505.22,55.34,9.8,1.94,5G NSA,iPhone 14,Vi,n258,23,20.3,52,0,285.24,1,False,High,95.8,False,20,6,7,2024-07-07,4,1,6,0,0,4,0,0
2024-07-07 20:19:51.215768,Tokyo,-84.1,725.83,125.61,14.5,1.77,4G,GT 7,AT&T,n260,14,34.4,12,3,94.51,5,False,Medium,66.1,False,20,6,7,2024-07-07,7,0,0,1,2,0,0,0
2024-07-07 20:29:51.215766,Chennai,-108.0,174.94,64.96,15.0,0.49,5G SA,Pixel 7,BSNL,n78,10,28.0,16,0,231.25,3,True,Low,63.6,True,20,6,7,2024-07-07,1,2,2,4,1,3,1,1
2024-07-07 20:39:51.215763,Chennai,-92.0,747.83,23.47,9.0,2.62,5G NSA,iPhone 14,Vi,n258,14,25.9,35,1,310.82,4,True,High,40.1,True,20,6,7,2024-07-07,1,1,6,0,0,4,1,1
2024-07-07 20:49:51.215761,Delhi,-72.7,791.08,62.36,14.5,1.91,4G,Galaxy S23,BSNL,n28,48,31.5,23,1,45.15,5,False,Low,22.5,True,20,6,7,2024-07-07,2,0,2,2,1,1,0,1
2024-07-07 20:59:51.215758,San Francisco,-94.7,201.85,139.9,18.5,1.03,5G SA,iPhone 14,T-Mobile,n41,40,25.5,20,3,152.05,4,False,High,46.2,False,20,6,7,2024-07-07,6,2,4,3,0,4,0,0
2024-07-07 21:09:51.215755,Berlin,-71.8,519.3,122.09,4.3,3.68,5G NSA,Pixel 7,T-Mobile,n78,57,30.8,58,1,168.24,1,False,Low,67.5,True,21,6,7,2024-07-07,0,1,4,4,1,3,0,1
2024-07-07 21:19:51.215753,New York,-108.7,866.34,44.94,15.7,4.81,5G NSA,Galaxy S23,T-Mobile,n41,82,31.2,44,0,67.73,5,False,Low,12.9,False,21,6,7,2024-07-07,5,1,4,3,1,1,0,0
2024-07-07 21:29:51.215750,New York,-69.2,442.64,103.31,4.1,4.8,5G NSA,Nord 4,Verizon,n41,58,31.0,25,1,209.08,4,True,Medium,80.4,False,21,6,7,2024-07-07,5,1,5,3,2,2,1,0
2024-07-07 21:39:51.215748,Kolkata,-79.6,169.24,107.43,15.2,3.5,4G,GT 7,Airtel,n28,14,20.7,39,2,131.76,2,True,Medium,45.1,False,21,6,7,2024-07-07,3,0,1,2,2,0,1,0
2024-07-07 21:49:51.215745,Berlin,-67.6,297.08,133.71,4.5,1.19,4G,Pixel 7,AT&T,n260,49,39.5,30,3,172.88,3,True,Medium,56.4,False,21,6,7,2024-07-07,0,0,0,1,2,3,1,0
2024-07-07 21:59:51.215742,Mumbai,-64.3,742.37,38.9,9.4,2.98,5G NSA,iPhone 14,BSNL,n258,90,23.5,21,1,224.53,1,True,Low,48.8,True,21,6,7,2024-07-07,4,1,2,0,1,4,1,1
2024-07-07 22:09:51.215740,New York,-99.1,394.6,73.47,17.2,3.85,4G,GT 7,Verizon,n41,48,24.4,2,1,497.33,4,False,Low,89.4,False,22,6,7,2024-07-07,5,0,5,3,1,0,0,0
2024-07-07 22:19:51.215737,Tokyo,-107.4,572.74,87.95,14.7,3.78,4G,GT 7,Verizon,n260,91,43.6,48,1,240.3,2,True,Low,40.3,False,22,6,7,2024-07-07,7,0,5,1,1,0,1,0
2024-07-07 22:29:51.215735,Mumbai,-92.3,420.15,21.5,7.0,1.16,4G,iPhone 14,Jio,n78,85,24.2,25,4,295.92,1,True,High,11.8,True,22,6,7,2024-07-07,4,0,3,4,0,4,1,1
2024-07-07 22:39:51.215732,New York,-104.4,629.51,82.66,13.8,0.77,5G NSA,GT 7,Verizon,n78,15,40.8,32,2,218.93,5,False,Low,78.4,False,22,6,7,2024-07-07,5,1,5,4,1,0,0,0
2024-07-07 22:49:51.215729,New York,-69.5,757.09,139.36,3.0,2.6,4G,Pixel 7,Verizon,n78,89,24.1,16,1,410.62,1,True,High,32.6,False,22,6,7,2024-07-07,5,0,5,4,0,3,1,0
2024-07-07 22:59:51.215727,Kolkata,-86.7,578.66,61.26,14.6,1.86,5G SA,Nord 4,BSNL,n28,21,32.7,42,0,258.51,1,True,Medium,28.8,True,22,6,7,2024-07-07,3,2,2,2,2,2,1,1
2024-07-07 23:09:51.215724,Kolkata,-71.3,555.57,116.37,13.8,1.57,5G SA,Pixel 7,Vi,n258,58,23.3,36,1,245.13,3,True,Low,91.8,True,23,6,7,2024-07-07,3,2,6,0,1,3,1,1
2024-07-07 23:19:51.215722,Kolkata,-76.0,379.35,79.12,1.1,1.71,4G,Galaxy S23,Jio,n28,78,21.6,5,2,461.96,4,True,High,60.0,True,23,6,7,2024-07-07,3,0,3,2,0,1,1,1
2024-07-07 23:29:51.215719,New York,-109.2,493.56,85.52,5.0,4.05,5G NSA,Galaxy S23,Verizon,n41,47,44.0,56,4,158.65,3,True,Medium,33.2,True,23,6,7,2024-07-07,5,1,5,3,2,1,1,1
2024-07-07 23:39:51.215716,Berlin,-89.1,472.5,31.88,1.2,2.89,4G,Galaxy S23,T-Mobile,n78,84,25.2,37,2,442.07,1,True,Medium,44.2,False,23,6,7,2024-07-07,0,0,4,4,2,1,1,0
2024-07-07 23:49:51.215714,Delhi,-87.6,432.24,64.74,3.8,0.77,4G,Galaxy S23,BSNL,n258,87,38.8,43,3,25.13,4,False,Medium,11.3,True,23,6,7,2024-07-07,2,0,2,0,2,1,0,1
2024-07-07 23:59:51.215711,Delhi,-94.6,563.61,30.72,14.3,2.24,4G,iPhone 14,Vi,n28,65,23.2,1,1,489.74,2,True,Low,14.3,False,23,6,7,2024-07-07,2,0,6,2,1,4,1,0
2024-07-08 00:09:51.215709,San Francisco,-94.4,663.59,120.68,3.0,4.88,5G NSA,iPhone 14,Verizon,n78,47,31.3,52,0,110.71,2,True,High,39.3,False,0,0,7,2024-07-08,6,1,5,4,0,4,1,0
2024-07-08 00:19:51.215706,Kolkata,-103.0,977.67,116.32,3.3,4.19,5G SA,Galaxy S23,Jio,n28,45,33.0,32,0,262.62,4,False,Low,71.6,False,0,0,7,2024-07-08,3,2,3,2,1,1,0,0
2024-07-08 00:29:51.215703,Berlin,-75.1,585.61,46.74,11.4,3.03,5G NSA,Nord 4,Verizon,n78,28,37.0,16,3,186.73,2,False,Medium,76.9,True,0,0,7,2024-07-08,0,1,5,4,2,2,0,1
2024-07-08 00:39:51.215701,San Francisco,-90.1,697.31,102.13,10.7,4.11,5G NSA,Galaxy S23,T-Mobile,n78,88,20.4,26,0,156.16,4,True,Low,53.6,True,0,0,7,2024-07-08,6,1,4,4,1,1,1,1
2024-07-08 00:49:51.215698,Kolkata,-76.7,415.41,120.53,13.9,3.46,4G,Nord 4,Jio,n78,66,41.3,57,2,365.83,3,True,High,49.6,True,0,0,7,2024-07-08,3,0,3,4,0,2,1,1
2024-07-08 00:59:51.215696,Delhi,-72.0,459.06,134.41,13.5,1.47,5G SA,Galaxy S23,Airtel,n78,82,34.2,9,3,40.3,1,False,Low,51.2,False,0,0,7,2024-07-08,2,2,1,4,1,1,0,0
2024-07-08 01:09:51.215693,Delhi,-107.8,394.32,103.53,4.9,3.73,4G,Nord 4,Airtel,n258,76,38.9,39,3,202.55,3,True,High,21.3,True,1,0,7,2024-07-08,2,0,1,0,0,2,1,1
2024-07-08 01:19:51.215691,Delhi,-82.2,473.58,28.8,9.3,4.75,5G SA,iPhone 14,Jio,n258,13,24.2,15,2,356.1,4,True,High,46.8,True,1,0,7,2024-07-08,2,2,3,0,0,4,1,1
2024-07-08 01:29:51.215688,San Francisco,-88.0,224.93,123.61,17.1,4.24,5G NSA,Galaxy S23,Verizon,n41,24,37.5,34,1,222.26,2,True,High,53.2,True,1,0,7,2024-07-08,6,1,5,3,0,1,1,1
2024-07-08 01:39:51.215685,Tokyo,-62.0,114.26,109.05,9.4,1.16,5G SA,Galaxy S23,Verizon,n260,86,25.2,5,2,180.3,2,True,High,96.2,False,1,0,7,2024-07-08,7,2,5,1,0,1,1,0
2024-07-08 01:49:51.215683,Delhi,-107.3,944.58,41.28,11.4,0.31,5G NSA,Pixel 7,BSNL,n258,63,38.2,20,1,283.35,1,True,Medium,26.9,False,1,0,7,2024-07-08,2,1,2,0,2,3,1,0
2024-07-08 01:59:51.215680,Mumbai,-91.4,252.72,128.31,8.0,0.76,4G,GT 7,Jio,n28,40,32.8,50,4,366.47,2,True,Medium,62.8,True,1,0,7,2024-07-08,4,0,3,2,2,0,1,1
2024-07-08 02:09:51.215678,Tokyo,-104.8,359.29,103.54,7.5,0.43,4G,iPhone 14,Verizon,n78,18,29.9,50,3,169.77,3,True,High,85.4,True,2,0,7,2024-07-08,7,0,5,4,0,4,1,1
2024-07-08 02:19:51.215675,Chennai,-77.1,113.37,123.02,6.4,2.25,5G NSA,Nord 4,Jio,n258,21,43.7,20,1,142.57,1,False,High,71.9,True,2,0,7,2024-07-08,1,1,3,0,0,2,0,1
2024-07-08 02:29:51.215672,Chennai,-108.2,309.8,21.8,14.6,1.27,5G NSA,GT 7,BSNL,n78,67,42.1,23,2,359.16,2,True,High,99.7,False,2,0,7,2024-07-08,1,1,2,4,0,0,1,0
2024-07-08 02:39:51.215670,Berlin,-96.3,929.18,27.85,5.8,2.89,5G SA,iPhone 14,AT&T,n78,86,24.6,55,2,416.36,5,False,High,33.3,False,2,0,7,2024-07-08,0,2,0,4,0,4,0,0
2024-07-08 02:49:51.215667,Kolkata,-103.4,863.82,144.58,9.5,1.22,4G,Galaxy S23,BSNL,n28,16,37.1,42,0,473.28,2,True,Medium,48.0,True,2,0,7,2024-07-08,3,0,2,2,2,1,1,1
2024-07-08 02:59:51.215665,Chennai,-82.4,187.15,125.01,17.1,3.27,5G SA,GT 7,Airtel,n28,81,21.7,28,1,105.47,2,False,Low,97.8,False,2,0,7,2024-07-08,1,2,1,2,1,0,0,0
2024-07-08 03:09:51.215662,Berlin,-78.4,192.14,89.49,18.7,3.05,5G SA,iPhone 14,T-Mobile,n78,40,21.2,29,3,214.84,2,False,Low,73.7,False,3,0,7,2024-07-08,0,2,4,4,1,4,0,0
2024-07-08 03:19:51.215659,Chennai,-107.8,274.02,135.35,7.7,3.11,5G SA,Nord 4,Vi,n28,72,35.8,43,3,181.32,1,True,Low,87.2,False,3,0,7,2024-07-08,1,2,6,2,1,2,1,0
2024-07-08 03:29:51.215657,Mumbai,-68.4,456.41,60.63,18.6,0.62,5G SA,Pixel 7,Jio,n258,89,43.1,10,1,226.73,2,True,Low,54.9,True,3,0,7,2024-07-08,4,2,3,0,1,3,1,1
2024-07-08 03:39:51.215654,Mumbai,-101.5,605.6,142.27,15.0,0.66,5G SA,GT 7,BSNL,n28,85,43.2,7,0,74.84,4,False,High,90.6,False,3,0,7,2024-07-08,4,2,2,2,0,0,0,0
2024-07-08 03:49:51.215652,Mumbai,-73.4,646.68,107.8,15.8,4.19,4G,Nord 4,BSNL,n28,82,33.1,20,1,68.84,5,True,Medium,88.4,False,3,0,7,2024-07-08,4,0,2,2,2,2,1,0
2024-07-08 03:59:51.215650,Tokyo,-74.6,890.95,118.23,6.4,1.09,5G SA,GT 7,T-Mobile,n41,61,31.7,28,0,430.18,4,False,High,91.0,False,3,0,7,2024-07-08,7,2,4,3,0,0,0,0
2024-07-08 04:09:51.215647,Mumbai,-81.1,684.72,65.95,9.8,3.44,5G NSA,Galaxy S23,BSNL,n258,30,26.4,14,0,273.91,1,True,Medium,15.8,False,4,0,7,2024-07-08,4,1,2,0,2,1,1,0
2024-07-08 04:19:51.215645,Delhi,-94.8,649.81,145.64,4.1,1.65,5G NSA,Galaxy S23,Jio,n28,45,25.1,47,2,68.77,1,False,Medium,68.7,False,4,0,7,2024-07-08,2,1,3,2,2,1,0,0
2024-07-08 04:29:51.215642,Kolkata,-90.9,343.7,69.68,11.7,2.77,4G,Nord 4,Jio,n78,96,27.4,42,1,264.15,4,False,High,60.9,True,4,0,7,2024-07-08,3,0,3,4,0,2,0,1
2024-07-08 04:39:51.215640,New York,-68.2,799.5,44.99,18.9,4.9,4G,GT 7,T-Mobile,n41,19,35.2,35,2,498.67,2,False,Medium,58.6,True,4,0,7,2024-07-08,5,0,4,3,2,0,0,1
2024-07-08 04:49:51.215637,New York,-104.7,339.07,44.88,1.7,4.42,5G SA,GT 7,AT&T,n260,93,34.6,15,3,98.89,3,False,Low,29.7,True,4,0,7,2024-07-08,5,2,0,1,1,0,0,1
2024-07-08 04:59:51.215634,Mumbai,-72.9,484.71,79.05,14.5,0.82,4G,Pixel 7,Jio,n78,68,32.3,46,3,73.45,5,True,Medium,91.8,False,4,0,7,2024-07-08,4,0,3,4,2,3,1,0
2024-07-08 05:09:51.215632,Kolkata,-79.2,773.79,75.81,18.9,4.57,4G,iPhone 14,Airtel,n28,17,33.1,26,1,394.86,4,True,High,92.7,False,5,0,7,2024-07-08,3,0,1,2,0,4,1,0
2024-07-08 05:19:51.215629,Chennai,-71.4,571.66,43.44,17.6,4.45,5G SA,Galaxy S23,Vi,n258,33,37.5,21,3,114.15,4,False,High,11.7,False,5,0,7,2024-07-08,1,2,6,0,0,1,0,0
2024-07-08 05:29:51.215627,Delhi,-97.1,281.64,74.4,3.9,3.96,4G,Nord 4,Jio,n258,43,22.1,1,3,451.44,5,False,Medium,81.7,False,5,0,7,2024-07-08,2,0,3,0,2,2,0,0
2024-07-08 05:39:51.215624,Mumbai,-90.2,637.17,50.91,9.6,1.62,5G NSA,Galaxy S23,Jio,n78,63,40.8,10,0,61.39,1,True,Low,35.5,False,5,0,7,2024-07-08,4,1,3,4,1,1,1,0
2024-07-08 05:49:51.215621,Delhi,-82.8,346.24,62.74,6.2,4.74,4G,GT 7,Airtel,n258,88,42.3,48,3,151.09,4,False,Low,34.5,True,5,0,7,2024-07-08,2,0,1,0,1,0,0,1
2024-07-08 05:59:51.215619,San Francisco,-92.5,706.31,117.4,5.9,4.94,5G SA,iPhone 14,T-Mobile,n78,78,23.1,29,4,357.8,1,False,Low,59.2,False,5,0,7,2024-07-08,6,2,4,4,1,4,0,0
2024-07-08 06:09:51.215616,New York,-94.5,773.53,66.67,15.0,3.98,5G SA,GT 7,T-Mobile,n78,41,29.6,54,3,302.48,2,False,Medium,19.0,False,6,0,7,2024-07-08,5,2,4,4,2,0,0,0
2024-07-08 06:19:51.215614,Tokyo,-93.2,506.42,81.96,7.4,2.95,5G NSA,iPhone 14,T-Mobile,n260,68,39.8,12,2,251.17,5,False,Medium,18.6,False,6,0,7,2024-07-08,7,1,4,1,2,4,0,0
2024-07-08 06:29:51.215611,San Francisco,-67.4,743.03,76.75,11.5,3.96,5G SA,Pixel 7,Verizon,n260,66,33.4,59,2,140.05,5,True,Low,56.4,True,6,0,7,2024-07-08,6,2,5,1,1,3,1,1
2024-07-08 06:39:51.215608,Tokyo,-99.8,564.16,148.54,16.1,0.92,5G SA,Galaxy S23,T-Mobile,n260,13,38.0,25,4,396.07,3,True,Medium,54.5,False,6,0,7,2024-07-08,7,2,4,1,2,1,1,0
2024-07-08 06:49:51.215606,Berlin,-71.9,269.21,101.01,19.4,2.58,4G,Galaxy S23,Verizon,n41,29,25.4,18,4,215.75,2,False,High,12.1,False,6,0,7,2024-07-08,0,0,5,3,0,1,0,0
2024-07-08 06:59:51.215603,Tokyo,-106.2,974.36,35.62,4.0,4.92,5G NSA,Galaxy S23,AT&T,n41,65,23.3,26,4,349.91,4,False,Low,25.4,False,6,0,7,2024-07-08,7,1,0,3,1,1,0,0
2024-07-08 07:09:51.215601,Tokyo,-73.3,364.53,37.43,8.3,4.28,4G,GT 7,AT&T,n41,39,40.9,34,3,120.25,3,False,Medium,89.2,True,7,0,7,2024-07-08,7,0,0,3,2,0,0,1
2024-07-08 07:19:51.215598,San Francisco,-100.6,773.54,120.99,3.4,0.21,5G NSA,Nord 4,T-Mobile,n41,86,26.3,42,0,30.13,4,False,Medium,83.4,True,7,0,7,2024-07-08,6,1,4,3,2,2,0,1
2024-07-08 07:29:51.215595,Tokyo,-98.7,358.91,138.69,14.6,2.83,5G NSA,Pixel 7,T-Mobile,n260,39,21.2,5,2,251.55,3,True,Low,26.4,False,7,0,7,2024-07-08,7,1,4,1,1,3,1,0
2024-07-08 07:39:51.215593,Tokyo,-62.5,742.17,71.16,1.3,0.48,4G,iPhone 14,AT&T,n41,92,26.2,28,2,21.84,4,False,Low,15.1,False,7,0,7,2024-07-08,7,0,0,3,1,4,0,0
2024-07-08 07:49:51.215588,New York,-109.1,907.33,80.55,17.0,4.73,4G,Galaxy S23,AT&T,n78,36,38.7,14,3,403.12,4,False,High,36.9,False,7,0,7,2024-07-08,5,0,0,4,0,1,0,0
2024-07-08 07:59:51.215585,Berlin,-71.4,223.3,97.07,18.6,2.68,5G SA,Galaxy S23,AT&T,n41,72,22.5,24,3,19.22,3,False,High,26.3,False,7,0,7,2024-07-08,0,2,0,3,0,1,0,0
2024-07-08 08:09:51.215582,San Francisco,-87.6,379.05,45.92,18.1,0.12,5G SA,iPhone 14,Verizon,n78,47,28.6,7,0,307.81,2,False,Medium,70.7,False,8,0,7,2024-07-08,6,2,5,4,2,4,0,0
2024-07-08 08:19:51.215580,Chennai,-63.3,203.3,73.56,14.7,0.37,5G SA,Galaxy S23,Airtel,n78,48,38.0,16,0,379.66,1,True,High,58.0,False,8,0,7,2024-07-08,1,2,1,4,0,1,1,0
2024-07-08 08:29:51.215577,Berlin,-61.4,577.44,122.44,17.5,0.93,5G NSA,iPhone 14,AT&T,n260,50,43.3,22,3,462.21,5,True,Medium,93.3,False,8,0,7,2024-07-08,0,1,0,1,2,4,1,0
2024-07-08 08:39:51.215575,Chennai,-83.4,446.26,117.76,7.3,2.47,4G,Nord 4,BSNL,n258,53,25.5,41,3,256.73,1,True,Medium,63.2,False,8,0,7,2024-07-08,1,0,2,0,2,2,1,0
2024-07-08 08:49:51.215572,New York,-66.1,821.35,34.7,18.6,0.44,4G,GT 7,AT&T,n41,45,27.9,10,4,22.48,3,False,High,94.5,False,8,0,7,2024-07-08,5,0,0,3,0,0,0,0
2024-07-08 08:59:51.215569,Berlin,-80.7,779.44,77.04,15.7,3.72,5G NSA,Pixel 7,Verizon,n41,15,39.4,42,4,45.57,1,True,Low,14.1,False,8,0,7,2024-07-08,0,1,5,3,1,3,1,0
2024-07-08 09:09:51.215567,Tokyo,-64.0,339.56,59.53,19.7,1.87,5G NSA,Nord 4,Verizon,n260,96,38.1,54,1,486.31,2,True,Medium,13.6,False,9,0,7,2024-07-08,7,1,5,1,2,2,1,0
2024-07-08 09:19:51.215564,Kolkata,-85.5,256.82,31.96,1.8,2.88,4G,iPhone 14,BSNL,n78,37,20.1,52,2,203.2,2,True,Low,74.8,False,9,0,7,2024-07-08,3,0,2,4,1,4,1,0
2024-07-08 09:29:51.215562,Kolkata,-104.4,148.41,79.2,10.7,3.02,5G NSA,iPhone 14,Jio,n258,43,22.0,23,3,115.21,5,True,Medium,51.7,True,9,0,7,2024-07-08,3,1,3,0,2,4,1,1
2024-07-08 09:39:51.215559,New York,-71.3,345.85,105.68,4.6,4.52,5G NSA,Galaxy S23,AT&T,n260,85,33.6,56,2,206.3,5,False,Low,21.8,True,9,0,7,2024-07-08,5,1,0,1,1,1,0,1
2024-07-08 09:49:51.215557,San Francisco,-98.3,931.22,79.45,3.7,2.35,5G SA,GT 7,T-Mobile,n260,32,22.8,52,1,330.04,5,True,High,93.0,False,9,0,7,2024-07-08,6,2,4,1,0,0,1,0
2024-07-08 09:59:51.215554,San Francisco,-106.7,372.83,116.92,16.7,0.3,5G SA,iPhone 14,AT&T,n41,81,20.6,39,1,324.83,2,True,Low,37.2,False,9,0,7,2024-07-08,6,2,0,3,1,4,1,0
2024-07-08 10:09:51.215551,Mumbai,-107.0,115.54,149.69,18.4,1.85,4G,GT 7,BSNL,n78,81,31.2,17,2,43.24,1,False,Low,11.7,False,10,0,7,2024-07-08,4,0,2,4,1,0,0,0
2024-07-08 10:19:51.215549,New York,-91.5,828.8,86.4,1.6,2.21,4G,GT 7,AT&T,n260,39,24.0,27,1,412.01,3,True,Low,55.9,False,10,0,7,2024-07-08,5,0,0,1,1,0,1,0
2024-07-08 10:29:51.215546,Delhi,-69.3,238.07,30.71,10.2,1.99,5G SA,GT 7,Airtel,n78,55,44.6,23,3,437.05,2,True,High,42.7,False,10,0,7,2024-07-08,2,2,1,4,0,0,1,0
2024-07-08 10:39:51.215544,Delhi,-107.5,669.31,106.0,12.5,3.18,4G,Galaxy S23,BSNL,n258,66,41.7,9,2,70.09,3,False,High,90.6,False,10,0,7,2024-07-08,2,0,2,0,0,1,0,0
2024-07-08 10:49:51.215541,Mumbai,-91.1,192.87,37.66,9.9,1.01,5G SA,Pixel 7,Vi,n258,57,33.4,38,2,99.32,1,True,Medium,13.9,False,10,0,7,2024-07-08,4,2,6,0,2,3,1,0
2024-07-08 10:59:51.215538,Mumbai,-75.9,903.63,62.06,19.2,2.15,4G,iPhone 14,BSNL,n258,67,33.7,23,4,168.55,5,False,Medium,66.1,True,10,0,7,2024-07-08,4,0,2,0,2,4,0,1
2024-07-08 11:09:51.215536,Kolkata,-82.6,671.45,86.3,18.8,0.97,4G,Nord 4,Airtel,n28,45,41.3,57,2,62.36,5,False,High,36.8,False,11,0,7,2024-07-08,3,0,1,2,0,2,0,0
2024-07-08 11:19:51.215533,San Francisco,-81.9,662.27,23.28,7.1,4.85,4G,Galaxy S23,AT&T,n41,67,32.8,27,2,230.34,1,True,Low,95.8,False,11,0,7,2024-07-08,6,0,0,3,1,1,1,0
2024-07-08 11:29:51.215531,Tokyo,-98.3,790.92,51.75,9.3,4.03,4G,iPhone 14,T-Mobile,n260,41,44.5,10,4,298.99,2,False,Medium,28.5,False,11,0,7,2024-07-08,7,0,4,1,2,4,0,0
2024-07-08 11:39:51.215528,Kolkata,-98.9,324.76,120.91,18.4,3.41,5G SA,Nord 4,Airtel,n258,72,22.9,51,4,153.42,1,False,Medium,54.2,False,11,0,7,2024-07-08,3,2,1,0,2,2,0,0
2024-07-08 11:49:51.215525,Kolkata,-102.6,218.07,33.77,3.1,2.87,5G SA,iPhone 14,Vi,n258,97,29.9,5,3,241.84,5,True,High,32.4,False,11,0,7,2024-07-08,3,2,6,0,0,4,1,0
2024-07-08 11:59:51.215523,Chennai,-73.5,460.08,46.08,3.8,2.72,5G SA,Pixel 7,Airtel,n78,42,43.1,58,1,388.85,5,True,High,34.5,False,11,0,7,2024-07-08,1,2,1,4,0,3,1,0
2024-07-08 12:09:51.215520,Chennai,-95.7,215.6,116.79,7.1,2.32,5G NSA,iPhone 14,Airtel,n78,36,39.9,39,0,392.92,4,True,High,30.2,True,12,0,7,2024-07-08,1,1,1,4,0,4,1,1
2024-07-08 12:19:51.215518,Berlin,-81.0,703.36,23.62,13.0,3.99,4G,Pixel 7,AT&T,n260,54,43.3,50,3,378.25,5,False,High,40.7,True,12,0,7,2024-07-08,0,0,0,1,0,3,0,1
2024-07-08 12:29:51.215515,Chennai,-101.4,432.97,78.76,7.3,1.74,4G,iPhone 14,Vi,n28,99,33.9,54,1,402.76,2,False,Low,68.6,False,12,0,7,2024-07-08,1,0,6,2,1,4,0,0
2024-07-08 12:39:51.215512,Mumbai,-98.4,235.91,96.62,8.3,3.76,4G,GT 7,Vi,n28,45,39.8,26,3,324.66,4,True,Medium,61.8,False,12,0,7,2024-07-08,4,0,6,2,2,0,1,0
2024-07-08 12:49:51.215510,New York,-101.0,164.24,74.45,4.4,4.96,4G,GT 7,Verizon,n78,28,23.0,26,2,317.48,1,True,High,35.7,False,12,0,7,2024-07-08,5,0,5,4,0,0,1,0
2024-07-08 12:59:51.215507,Mumbai,-100.0,970.64,55.78,7.6,3.95,5G NSA,GT 7,BSNL,n28,76,42.6,21,4,90.19,4,False,Medium,89.8,False,12,0,7,2024-07-08,4,1,2,2,2,0,0,0
2024-07-08 13:09:51.215505,New York,-64.2,153.99,105.08,14.3,4.14,5G SA,GT 7,AT&T,n260,93,34.2,50,0,471.31,1,True,Low,25.9,False,13,0,7,2024-07-08,5,2,0,1,1,0,1,0
2024-07-08 13:19:51.215502,Chennai,-68.1,252.42,110.69,18.3,4.8,4G,Galaxy S23,BSNL,n78,10,41.5,43,1,287.2,5,True,Low,91.7,False,13,0,7,2024-07-08,1,0,2,4,1,1,1,0
2024-07-08 13:29:51.215500,Mumbai,-71.6,924.79,60.23,16.2,0.23,5G NSA,Pixel 7,Vi,n28,30,28.0,58,3,39.52,5,False,High,58.0,True,13,0,7,2024-07-08,4,1,6,2,0,3,0,1
2024-07-08 13:39:51.215497,Berlin,-84.1,351.32,53.82,8.7,0.75,4G,Nord 4,T-Mobile,n41,63,29.2,6,2,77.96,2,False,High,51.6,False,13,0,7,2024-07-08,0,0,4,3,0,2,0,0
2024-07-08 13:49:51.215494,Berlin,-66.4,261.23,73.77,4.8,3.6,5G NSA,Nord 4,Verizon,n78,18,34.9,36,3,127.32,1,False,Medium,64.0,False,13,0,7,2024-07-08,0,1,5,4,2,2,0,0
2024-07-08 13:59:51.215492,San Francisco,-93.3,893.9,21.13,9.6,2.78,5G SA,GT 7,AT&T,n260,90,20.4,1,4,432.59,1,False,Low,62.7,False,13,0,7,2024-07-08,6,2,0,1,1,0,0,0
2024-07-08 14:09:51.215489,Kolkata,-75.8,692.79,128.29,4.3,2.3,4G,Nord 4,Vi,n258,84,32.8,19,1,39.19,5,True,High,55.1,True,14,0,7,2024-07-08,3,0,6,0,0,2,1,1
2024-07-08 14:19:51.215487,Chennai,-75.8,372.04,146.92,12.3,3.19,5G NSA,Pixel 7,Airtel,n78,42,34.8,45,0,333.27,3,False,Medium,14.1,False,14,0,7,2024-07-08,1,1,1,4,2,3,0,0
2024-07-08 14:29:51.215484,Berlin,-60.1,308.84,42.49,6.4,2.29,5G NSA,GT 7,AT&T,n78,77,38.3,58,2,145.9,1,False,High,73.0,False,14,0,7,2024-07-08,0,1,0,4,0,0,0,0
2024-07-08 14:39:51.215481,Chennai,-68.5,731.4,108.77,17.7,0.54,5G NSA,iPhone 14,Airtel,n78,99,37.4,2,4,20.46,5,False,Medium,26.1,False,14,0,7,2024-07-08,1,1,1,4,2,4,0,0
2024-07-08 14:49:51.215479,Chennai,-92.4,889.96,48.68,4.4,3.51,4G,Galaxy S23,Airtel,n28,23,40.1,29,3,96.69,3,False,High,66.6,False,14,0,7,2024-07-08,1,0,1,2,0,1,0,0
2024-07-08 14:59:51.215476,Berlin,-84.3,642.27,128.08,4.7,2.52,5G SA,Galaxy S23,Verizon,n78,97,33.8,37,2,144.53,5,False,High,67.6,True,14,0,7,2024-07-08,0,2,5,4,0,1,0,1
2024-07-08 15:09:51.215474,Tokyo,-98.0,740.25,137.73,11.5,0.62,4G,GT 7,T-Mobile,n260,13,39.8,10,4,201.27,3,False,Low,35.0,True,15,0,7,2024-07-08,7,0,4,1,1,0,0,1
2024-07-08 15:19:51.215471,San Francisco,-70.9,299.32,117.99,6.9,4.67,4G,Nord 4,AT&T,n78,70,42.8,52,4,212.91,2,True,High,81.9,False,15,0,7,2024-07-08,6,0,0,4,0,2,1,0
2024-07-08 15:29:51.215469,Delhi,-79.9,832.59,79.92,12.4,2.27,4G,Galaxy S23,Vi,n258,78,32.1,17,1,398.76,4,True,Medium,71.2,False,15,0,7,2024-07-08,2,0,6,0,2,1,1,0
2024-07-08 15:39:51.215466,Tokyo,-92.2,710.55,125.79,12.1,0.12,5G NSA,iPhone 14,T-Mobile,n78,31,35.6,47,2,26.83,5,False,Medium,80.5,False,15,0,7,2024-07-08,7,1,4,4,2,4,0,0
2024-07-08 15:49:51.215464,Tokyo,-98.6,330.85,144.02,16.4,4.02,5G SA,GT 7,AT&T,n260,34,22.7,5,2,214.32,3,False,High,66.7,False,15,0,7,2024-07-08,7,2,0,1,0,0,0,0
2024-07-08 15:59:51.215462,Berlin,-61.6,170.26,121.29,4.3,2.03,5G SA,Pixel 7,AT&T,n41,77,34.4,51,4,190.07,4,False,Low,76.8,False,15,0,7,2024-07-08,0,2,0,3,1,3,0,0
2024-07-08 16:09:51.215460,Delhi,-102.5,460.91,74.35,15.2,2.81,4G,Pixel 7,BSNL,n258,19,21.8,35,1,260.76,4,True,High,63.3,False,16,0,7,2024-07-08,2,0,2,0,0,3,1,0
2024-07-08 16:19:51.215457,Chennai,-99.2,760.65,114.7,3.9,2.83,4G,Nord 4,Jio,n78,58,29.2,10,3,57.13,4,True,Low,63.3,False,16,0,7,2024-07-08,1,0,3,4,1,2,1,0
2024-07-08 16:29:51.215455,Tokyo,-90.3,238.22,134.64,9.0,1.75,5G NSA,Pixel 7,Verizon,n41,40,36.0,57,3,466.14,5,True,Low,87.8,True,16,0,7,2024-07-08,7,1,5,3,1,3,1,1
2024-07-08 16:39:51.215452,Berlin,-63.0,725.03,134.56,9.4,0.82,5G NSA,Nord 4,T-Mobile,n260,50,43.9,29,0,440.32,1,False,High,54.2,True,16,0,7,2024-07-08,0,1,4,1,0,2,0,1
2024-07-08 16:49:51.215449,Berlin,-105.4,383.37,126.56,16.7,2.37,5G NSA,Pixel 7,AT&T,n260,21,44.4,21,2,373.86,3,False,High,79.0,False,16,0,7,2024-07-08,0,1,0,1,0,3,0,0
2024-07-08 16:59:51.215447,San Francisco,-69.0,639.41,141.14,16.8,2.63,5G NSA,iPhone 14,T-Mobile,n78,92,41.8,13,3,310.68,1,False,High,47.0,False,16,0,7,2024-07-08,6,1,4,4,0,4,0,0
2024-07-08 17:09:51.215444,Berlin,-73.3,793.72,73.52,2.5,1.08,5G SA,GT 7,Verizon,n78,95,34.3,6,2,486.57,4,False,Low,63.2,True,17,0,7,2024-07-08,0,2,5,4,1,0,0,1
2024-07-08 17:19:51.215442,Mumbai,-86.7,128.27,20.93,6.0,1.88,5G SA,Pixel 7,Airtel,n28,64,26.5,28,4,451.03,3,True,Medium,56.1,False,17,0,7,2024-07-08,4,2,1,2,2,3,1,0
2024-07-08 17:29:51.215439,Kolkata,-84.9,328.94,86.14,1.2,4.5,4G,iPhone 14,Jio,n78,68,41.0,26,2,178.58,3,True,Low,97.4,False,17,0,7,2024-07-08,3,0,3,4,1,4,1,0
2024-07-08 17:39:51.215436,Mumbai,-109.2,645.87,92.92,16.9,4.22,5G NSA,Pixel 7,Vi,n258,85,41.4,14,1,259.99,2,False,Low,27.6,True,17,0,7,2024-07-08,4,1,6,0,1,3,0,1
2024-07-08 17:49:51.215434,Berlin,-87.6,289.15,63.71,4.1,2.55,4G,Nord 4,AT&T,n260,52,39.8,43,0,88.66,2,True,Medium,64.2,False,17,0,7,2024-07-08,0,0,0,1,2,2,1,0
2024-07-08 17:59:51.215431,Tokyo,-102.9,217.95,54.97,3.0,3.37,5G SA,Nord 4,Verizon,n78,92,37.6,36,2,27.48,5,False,Medium,57.4,True,17,0,7,2024-07-08,7,2,5,4,2,2,0,1
2024-07-08 18:09:51.215429,Mumbai,-109.1,755.92,129.37,7.0,2.52,5G NSA,GT 7,Airtel,n78,90,30.4,35,2,106.02,1,True,High,88.0,False,18,0,7,2024-07-08,4,1,1,4,0,0,1,0
2024-07-08 18:19:51.215426,San Francisco,-80.2,314.83,65.77,5.1,2.89,4G,GT 7,Verizon,n78,82,27.5,6,2,369.83,1,False,Low,53.1,False,18,0,7,2024-07-08,6,0,5,4,1,0,0,0
2024-07-08 18:29:51.215424,Mumbai,-67.4,119.39,149.91,4.4,1.78,5G SA,Nord 4,BSNL,n28,92,42.9,4,0,279.99,1,True,Low,26.4,True,18,0,7,2024-07-08,4,2,2,2,1,2,1,1
2024-07-08 18:39:51.215421,Tokyo,-109.4,698.83,36.23,18.0,1.47,5G NSA,GT 7,AT&T,n41,73,28.8,58,2,289.62,1,False,High,14.3,False,18,0,7,2024-07-08,7,1,0,3,0,0,0,0
2024-07-08 18:49:51.215418,Tokyo,-87.9,984.63,94.06,10.1,3.18,4G,Galaxy S23,Verizon,n41,54,44.6,9,0,347.43,5,True,High,79.5,False,18,0,7,2024-07-08,7,0,5,3,0,1,1,0
2024-07-08 18:59:51.215416,San Francisco,-69.0,915.7,50.33,16.0,4.83,5G NSA,Pixel 7,AT&T,n78,73,37.2,24,2,177.65,5,True,Low,28.6,False,18,0,7,2024-07-08,6,1,0,4,1,3,1,0
2024-07-08 19:09:51.215413,Delhi,-104.1,636.14,101.84,8.8,1.95,5G NSA,Galaxy S23,Airtel,n28,95,43.0,42,2,455.7,5,False,Medium,78.3,False,19,0,7,2024-07-08,2,1,1,2,2,1,0,0
2024-07-08 19:19:51.215411,Berlin,-85.7,255.92,141.4,2.2,1.68,5G SA,GT 7,Verizon,n78,49,26.6,18,2,155.88,3,True,Low,72.2,True,19,0,7,2024-07-08,0,2,5,4,1,0,1,1
2024-07-08 19:29:51.215408,Berlin,-67.0,833.65,117.75,6.9,4.63,4G,iPhone 14,AT&T,n78,83,41.2,46,1,276.45,1,False,Low,86.5,False,19,0,7,2024-07-08,0,0,0,4,1,4,0,0
2024-07-08 19:39:51.215405,New York,-82.2,716.16,146.17,12.6,1.95,4G,iPhone 14,Verizon,n260,54,21.6,2,3,122.98,2,True,High,30.6,True,19,0,7,2024-07-08,5,0,5,1,0,4,1,1
2024-07-08 19:49:51.215403,Tokyo,-81.5,794.97,137.09,14.6,1.55,5G NSA,Pixel 7,AT&T,n41,24,44.3,8,1,220.49,4,True,High,19.0,True,19,0,7,2024-07-08,7,1,0,3,0,3,1,1
2024-07-08 19:59:51.215400,Kolkata,-71.5,549.16,102.09,12.2,0.54,5G NSA,Pixel 7,Airtel,n78,28,29.6,19,3,327.99,4,True,Low,23.4,False,19,0,7,2024-07-08,3,1,1,4,1,3,1,0
2024-07-08 20:09:51.215398,Berlin,-67.1,173.19,108.54,14.2,4.51,5G SA,iPhone 14,Verizon,n78,49,44.5,27,3,446.29,3,False,High,58.5,False,20,0,7,2024-07-08,0,2,5,4,0,4,0,0
2024-07-08 20:19:51.215395,Delhi,-66.1,558.08,28.64,8.0,3.0,5G NSA,Nord 4,Vi,n78,43,37.8,5,4,108.12,5,False,Medium,68.0,False,20,0,7,2024-07-08,2,1,6,4,2,2,0,0
2024-07-08 20:29:51.215392,Mumbai,-80.9,454.11,63.84,15.1,2.41,5G NSA,Pixel 7,Jio,n28,17,20.4,33,0,125.54,2,True,Low,53.1,True,20,0,7,2024-07-08,4,1,3,2,1,3,1,1
2024-07-08 20:39:51.215390,San Francisco,-90.5,336.38,56.62,8.8,4.77,5G SA,Pixel 7,AT&T,n41,86,34.6,44,0,162.12,1,True,Low,47.2,True,20,0,7,2024-07-08,6,2,0,3,1,3,1,1
2024-07-08 20:49:51.215387,New York,-106.2,496.84,91.18,9.6,4.15,4G,Galaxy S23,AT&T,n78,78,23.8,58,4,320.17,5,False,Medium,23.5,True,20,0,7,2024-07-08,5,0,0,4,2,1,0,1
2024-07-08 20:59:51.215385,New York,-98.9,666.34,107.15,3.4,4.84,4G,Pixel 7,Verizon,n41,88,39.9,4,2,227.15,4,False,Medium,72.5,False,20,0,7,2024-07-08,5,0,5,3,2,3,0,0
2024-07-08 21:09:51.215382,Delhi,-90.0,870.52,117.3,11.3,0.98,4G,GT 7,BSNL,n78,78,30.2,35,0,371.13,2,False,Medium,44.2,True,21,0,7,2024-07-08,2,0,2,4,2,0,0,1
2024-07-08 21:19:51.215379,Tokyo,-71.4,123.95,149.79,9.9,3.6,4G,Pixel 7,Verizon,n260,17,38.5,10,0,23.63,4,True,Low,42.4,False,21,0,7,2024-07-08,7,0,5,1,1,3,1,0
2024-07-08 21:29:51.215377,Tokyo,-93.5,613.47,110.43,9.4,4.54,5G SA,GT 7,T-Mobile,n260,80,41.5,5,4,67.38,2,True,Medium,27.7,False,21,0,7,2024-07-08,7,2,4,1,2,0,1,0
2024-07-08 21:39:51.215374,New York,-109.8,773.9,111.9,11.1,2.64,4G,iPhone 14,Verizon,n78,85,33.3,43,4,178.55,4,False,Medium,88.7,False,21,0,7,2024-07-08,5,0,5,4,2,4,0,0
2024-07-08 21:49:51.215368,New York,-89.6,938.25,108.33,17.3,3.56,4G,Galaxy S23,Verizon,n78,37,32.3,26,4,184.74,5,False,Low,24.9,False,21,0,7,2024-07-08,5,0,5,4,1,1,0,0
2024-07-08 21:59:51.215365,Berlin,-85.3,445.05,21.38,8.7,3.06,5G SA,Galaxy S23,T-Mobile,n41,18,36.7,38,1,418.87,1,True,Low,47.5,False,21,0,7,2024-07-08,0,2,4,3,1,1,1,0
2024-07-08 22:09:51.215363,Mumbai,-67.8,384.97,93.99,8.1,3.92,5G NSA,GT 7,BSNL,n258,20,22.2,24,3,197.97,3,False,Medium,26.9,False,22,0,7,2024-07-08,4,1,2,0,2,0,0,0
2024-07-08 22:19:51.215360,Mumbai,-102.4,171.44,145.18,15.9,1.12,5G NSA,GT 7,Jio,n258,11,22.3,50,0,174.86,5,False,Low,68.1,False,22,0,7,2024-07-08,4,1,3,0,1,0,0,0
2024-07-08 22:29:51.215358,Mumbai,-81.7,527.86,135.91,7.5,0.82,5G NSA,Pixel 7,Airtel,n258,97,27.5,41,3,109.36,4,True,High,33.6,False,22,0,7,2024-07-08,4,1,1,0,0,3,1,0
2024-07-08 22:39:51.215355,Berlin,-96.7,564.74,53.48,4.2,4.46,4G,Pixel 7,T-Mobile,n78,95,32.7,45,1,456.67,2,True,Medium,22.1,True,22,0,7,2024-07-08,0,0,4,4,2,3,1,1
2024-07-08 22:49:51.215352,Delhi,-71.9,799.14,97.56,12.4,1.34,5G NSA,GT 7,Jio,n258,83,41.5,7,2,90.92,5,True,Low,88.0,True,22,0,7,2024-07-08,2,1,3,0,1,0,1,1
2024-07-08 22:59:51.215350,Delhi,-99.7,773.7,144.76,6.0,3.57,4G,Pixel 7,Vi,n258,18,21.8,4,4,69.54,1,False,Low,43.6,True,22,0,7,2024-07-08,2,0,6,0,1,3,0,1
2024-07-08 23:09:51.215347,New York,-62.2,434.87,60.69,7.5,1.81,5G SA,Pixel 7,AT&T,n78,89,39.3,43,2,200.03,2,False,Medium,65.2,False,23,0,7,2024-07-08,5,2,0,4,2,3,0,0
2024-07-08 23:19:51.215345,Chennai,-67.4,258.49,132.85,16.6,1.25,5G SA,GT 7,BSNL,n258,39,35.6,53,3,490.79,2,True,Low,53.3,False,23,0,7,2024-07-08,1,2,2,0,1,0,1,0
2024-07-08 23:29:51.215342,Chennai,-70.2,632.08,134.3,14.7,0.63,4G,Nord 4,BSNL,n258,13,30.0,10,0,230.05,5,False,High,26.3,True,23,0,7,2024-07-08,1,0,2,0,0,2,0,1
2024-07-08 23:39:51.215340,Tokyo,-67.6,914.85,63.3,2.0,4.13,5G SA,Pixel 7,T-Mobile,n41,98,34.6,16,2,353.78,4,True,Medium,75.0,False,23,0,7,2024-07-08,7,2,4,3,2,3,1,0
2024-07-08 23:49:51.215337,Kolkata,-90.3,592.66,97.36,7.6,4.42,4G,Nord 4,Vi,n258,94,35.6,58,1,263.22,4,False,Medium,70.8,True,23,0,7,2024-07-08,3,0,6,0,2,2,0,1
2024-07-08 23:59:51.215334,New York,-77.3,742.98,48.02,17.4,2.91,5G NSA,Pixel 7,AT&T,n41,66,23.4,50,4,158.97,1,True,High,12.7,False,23,0,7,2024-07-08,5,1,0,3,0,3,1,0
2024-07-09 00:09:51.215332,Delhi,-75.8,303.85,44.45,14.1,1.86,4G,GT 7,BSNL,n78,23,24.0,35,3,316.28,4,True,High,85.7,False,0,1,7,2024-07-09,2,0,2,4,0,0,1,0
2024-07-09 00:19:51.215329,Chennai,-73.2,351.29,108.14,14.2,0.96,5G NSA,Nord 4,BSNL,n258,16,29.9,11,1,178.41,5,False,Medium,20.2,True,0,1,7,2024-07-09,1,1,2,0,2,2,0,1
2024-07-09 00:29:51.215327,Mumbai,-95.8,671.29,92.5,7.1,3.03,5G SA,Nord 4,Airtel,n28,25,28.6,8,1,417.69,4,True,High,99.8,False,0,1,7,2024-07-09,4,2,1,2,0,2,1,0
2024-07-09 00:39:51.215324,Tokyo,-62.5,560.26,47.76,4.4,4.01,4G,Galaxy S23,AT&T,n78,90,42.2,48,3,495.26,2,False,High,15.3,True,0,1,7,2024-07-09,7,0,0,4,0,1,0,1
2024-07-09 00:49:51.215321,San Francisco,-61.3,998.03,143.4,7.5,4.52,5G NSA,Pixel 7,T-Mobile,n41,83,36.7,7,0,432.63,5,False,High,12.1,False,0,1,7,2024-07-09,6,1,4,3,0,3,0,0
2024-07-09 00:59:51.215319,Mumbai,-78.0,455.0,124.15,15.1,4.15,4G,iPhone 14,Jio,n258,35,40.8,17,0,224.66,5,False,High,39.8,True,0,1,7,2024-07-09,4,0,3,0,0,4,0,1
2024-07-09 01:09:51.215316,Kolkata,-98.3,341.54,120.0,13.0,2.74,5G SA,iPhone 14,BSNL,n28,12,32.1,34,0,104.87,4,True,Low,86.8,True,1,1,7,2024-07-09,3,2,2,2,1,4,1,1
2024-07-09 01:19:51.215314,Berlin,-108.6,763.1,49.97,13.5,1.54,5G SA,Galaxy S23,AT&T,n78,47,26.7,53,4,260.02,1,False,Low,21.8,False,1,1,7,2024-07-09,0,2,0,4,1,1,0,0
2024-07-09 01:29:51.215311,San Francisco,-88.9,361.71,104.92,10.5,1.91,4G,Nord 4,T-Mobile,n41,50,26.4,14,3,67.21,3,False,Low,89.3,True,1,1,7,2024-07-09,6,0,4,3,1,2,0,1
2024-07-09 01:39:51.215308,Kolkata,-67.1,429.15,127.85,4.6,0.48,5G SA,Pixel 7,Jio,n28,49,29.7,42,4,220.43,4,True,High,82.2,True,1,1,7,2024-07-09,3,2,3,2,0,3,1,1
2024-07-09 01:49:51.215306,Tokyo,-69.1,543.28,48.73,6.5,4.83,5G NSA,Galaxy S23,Verizon,n41,32,34.8,33,4,249.31,3,False,Low,84.5,False,1,1,7,2024-07-09,7,1,5,3,1,1,0,0
2024-07-09 01:59:51.215303,Kolkata,-102.3,867.54,114.89,13.6,4.44,5G NSA,Galaxy S23,Airtel,n28,40,43.2,48,4,136.93,4,True,High,26.7,True,1,1,7,2024-07-09,3,1,1,2,0,1,1,1
2024-07-09 02:09:51.215301,Tokyo,-85.3,611.78,67.93,6.5,4.38,4G,iPhone 14,AT&T,n41,35,34.2,35,0,304.24,1,False,Low,77.2,True,2,1,7,2024-07-09,7,0,0,3,1,4,0,1
2024-07-09 02:19:51.215298,Mumbai,-95.6,270.87,140.38,13.5,2.28,5G NSA,Nord 4,Jio,n258,93,37.0,9,0,476.32,2,False,Low,78.2,False,2,1,7,2024-07-09,4,1,3,0,1,2,0,0
2024-07-09 02:29:51.215295,Kolkata,-79.8,759.62,41.54,1.0,2.44,5G NSA,Nord 4,Vi,n28,60,20.5,16,2,442.58,3,False,High,71.4,True,2,1,7,2024-07-09,3,1,6,2,0,2,0,1
2024-07-09 02:39:51.215293,Chennai,-64.5,675.3,50.37,18.5,1.27,4G,iPhone 14,Vi,n78,96,36.1,8,1,67.65,4,True,High,60.3,False,2,1,7,2024-07-09,1,0,6,4,0,4,1,0
2024-07-09 02:49:51.215290,Tokyo,-109.2,660.61,54.69,18.0,2.04,4G,Nord 4,T-Mobile,n41,30,41.0,45,2,250.72,5,True,Medium,23.9,True,2,1,7,2024-07-09,7,0,4,3,2,2,1,1
2024-07-09 02:59:51.215288,Mumbai,-94.3,576.25,44.26,6.2,4.14,4G,Galaxy S23,Jio,n258,10,41.8,31,4,125.53,4,False,Low,15.5,True,2,1,7,2024-07-09,4,0,3,0,1,1,0,1
2024-07-09 03:09:51.215285,Tokyo,-109.6,690.82,40.02,4.9,4.41,4G,GT 7,Verizon,n260,71,22.6,37,2,161.17,2,True,Medium,60.5,True,3,1,7,2024-07-09,7,0,5,1,2,0,1,1
2024-07-09 03:19:51.215282,Delhi,-84.9,453.27,61.78,19.2,0.31,5G SA,GT 7,Airtel,n258,68,27.1,18,3,149.08,4,True,Medium,56.0,False,3,1,7,2024-07-09,2,2,1,0,2,0,1,0
2024-07-09 03:29:51.215280,Delhi,-103.6,264.98,82.03,15.9,4.88,5G SA,GT 7,Airtel,n258,65,39.1,27,1,143.28,3,True,Medium,62.3,False,3,1,7,2024-07-09,2,2,1,0,2,0,1,0
2024-07-09 03:39:51.215275,Delhi,-88.3,219.92,113.65,17.6,3.78,5G NSA,Galaxy S23,BSNL,n78,73,27.2,55,2,128.07,5,True,Medium,75.3,True,3,1,7,2024-07-09,2,1,2,4,2,1,1,1
2024-07-09 03:49:51.215208,San Francisco,-86.9,509.19,45.94,6.1,0.37,4G,GT 7,Verizon,n41,41,40.4,32,4,104.29,4,True,High,45.5,False,3,1,7,2024-07-09,6,0,5,3,0,0,1,0
2024-07-09 03:59:51.215206,Kolkata,-67.8,637.01,91.21,14.3,0.71,4G,iPhone 14,Jio,n258,31,25.3,35,3,485.83,5,True,Low,14.8,True,3,1,7,2024-07-09,3,0,3,0,1,4,1,1
2024-07-09 04:09:51.215203,New York,-92.9,550.69,111.3,19.3,2.21,4G,Galaxy S23,AT&T,n41,42,29.2,53,0,48.2,4,True,Low,79.1,False,4,1,7,2024-07-09,5,0,0,3,1,1,1,0
2024-07-09 04:19:51.215201,Berlin,-61.6,193.64,138.41,9.0,2.17,5G NSA,GT 7,T-Mobile,n78,22,29.7,9,4,269.57,3,False,High,96.4,False,4,1,7,2024-07-09,0,1,4,4,0,0,0,0
2024-07-09 04:29:51.215198,New York,-78.3,676.73,70.94,14.6,2.48,5G NSA,Nord 4,Verizon,n260,41,21.3,57,4,437.13,3,False,Medium,48.0,False,4,1,7,2024-07-09,5,1,5,1,2,2,0,0
2024-07-09 04:39:51.215195,Kolkata,-68.4,263.71,127.92,15.9,4.97,5G NSA,Pixel 7,Airtel,n28,53,34.7,49,1,334.04,3,True,Medium,75.3,False,4,1,7,2024-07-09,3,1,1,2,2,3,1,0
2024-07-09 04:49:51.215193,New York,-67.6,826.24,72.28,3.0,0.97,5G SA,GT 7,Verizon,n41,62,24.4,43,3,431.6,5,True,High,92.7,True,4,1,7,2024-07-09,5,2,5,3,0,0,1,1
2024-07-09 04:59:51.215190,Berlin,-70.9,172.09,132.42,6.2,2.54,4G,Galaxy S23,AT&T,n260,68,23.1,2,0,417.35,5,False,High,25.4,False,4,1,7,2024-07-09,0,0,0,1,0,1,0,0
2024-07-09 05:09:51.215188,Berlin,-66.9,487.82,60.85,18.5,4.92,5G SA,Galaxy S23,T-Mobile,n41,41,20.4,27,1,132.0,3,True,Low,88.0,False,5,1,7,2024-07-09,0,2,4,3,1,1,1,0
2024-07-09 05:19:51.215185,Mumbai,-92.3,333.39,22.09,5.2,0.57,5G NSA,Galaxy S23,BSNL,n258,54,35.0,31,3,231.68,2,True,Medium,91.2,True,5,1,7,2024-07-09,4,1,2,0,2,1,1,1
2024-07-09 05:29:51.215182,New York,-73.4,697.2,67.19,17.6,0.32,4G,Pixel 7,AT&T,n78,78,36.4,56,4,469.36,1,True,Low,79.3,False,5,1,7,2024-07-09,5,0,0,4,1,3,1,0
2024-07-09 05:39:51.215180,Kolkata,-86.8,250.77,38.76,15.7,3.06,5G SA,Pixel 7,Airtel,n28,84,42.3,59,2,395.47,4,True,Low,87.1,False,5,1,7,2024-07-09,3,2,1,2,1,3,1,0
2024-07-09 05:49:51.215177,Kolkata,-74.3,244.53,106.45,6.3,0.59,5G NSA,Nord 4,Vi,n28,33,36.0,43,3,232.29,1,True,Low,74.7,False,5,1,7,2024-07-09,3,1,6,2,1,2,1,0
2024-07-09 05:59:51.215174,Chennai,-83.7,641.71,98.62,14.2,2.16,5G NSA,GT 7,Jio,n28,19,36.9,45,4,329.79,1,True,High,11.2,True,5,1,7,2024-07-09,1,1,3,2,0,0,1,1
2024-07-09 06:09:51.215172,New York,-96.5,344.18,114.34,14.2,0.56,5G SA,Galaxy S23,AT&T,n41,93,43.0,45,0,355.09,1,False,High,64.0,True,6,1,7,2024-07-09,5,2,0,3,0,1,0,1
2024-07-09 06:19:51.215169,Delhi,-86.7,433.51,78.25,9.9,3.15,5G SA,Nord 4,Jio,n78,97,22.5,16,3,229.48,5,False,High,18.1,True,6,1,7,2024-07-09,2,2,3,4,0,2,0,1
2024-07-09 06:29:51.215167,Delhi,-66.7,972.47,123.94,12.3,3.13,4G,Galaxy S23,BSNL,n28,76,29.0,6,0,440.27,1,True,Low,56.7,False,6,1,7,2024-07-09,2,0,2,2,1,1,1,0
2024-07-09 06:39:51.215164,Delhi,-72.4,974.01,149.92,8.3,1.56,5G SA,GT 7,Airtel,n78,89,43.5,11,3,354.31,5,True,Low,96.8,False,6,1,7,2024-07-09,2,2,1,4,1,0,1,0
2024-07-09 06:49:51.215161,New York,-68.6,897.2,129.28,4.0,0.6,5G SA,iPhone 14,Verizon,n78,17,24.9,23,2,41.93,4,False,Low,55.9,False,6,1,7,2024-07-09,5,2,5,4,1,4,0,0
2024-07-09 06:59:51.215159,Kolkata,-71.1,702.93,92.89,8.4,4.71,4G,Pixel 7,Jio,n28,52,33.8,35,3,417.32,1,True,Medium,37.5,False,6,1,7,2024-07-09,3,0,3,2,2,3,1,0
2024-07-09 07:09:51.215156,Mumbai,-63.6,882.23,143.61,10.6,3.76,5G NSA,Galaxy S23,Airtel,n28,68,25.1,20,3,83.33,3,False,High,12.1,False,7,1,7,2024-07-09,4,1,1,2,0,1,0,0
2024-07-09 07:19:51.215154,Tokyo,-104.1,802.08,110.25,6.4,2.02,4G,GT 7,Verizon,n78,39,21.3,33,4,329.91,3,False,High,71.3,True,7,1,7,2024-07-09,7,0,5,4,0,0,0,1
2024-07-09 07:29:51.215151,Chennai,-107.3,349.29,95.58,13.9,1.59,5G SA,GT 7,Jio,n78,42,43.7,40,1,124.48,3,True,Low,89.6,False,7,1,7,2024-07-09,1,2,3,4,1,0,1,0
2024-07-09 07:39:51.215148,Mumbai,-75.0,254.44,42.46,5.2,4.18,5G SA,iPhone 14,Vi,n78,18,38.7,18,4,88.56,3,True,High,62.0,False,7,1,7,2024-07-09,4,2,6,4,0,4,1,0
2024-07-09 07:49:51.215146,Chennai,-91.8,239.93,75.32,12.9,3.17,4G,iPhone 14,Vi,n28,41,20.1,4,2,424.17,5,False,Low,14.6,True,7,1,7,2024-07-09,1,0,6,2,1,4,0,1
2024-07-09 07:59:51.215143,San Francisco,-108.9,317.58,60.62,1.8,1.3,5G NSA,Galaxy S23,AT&T,n260,85,31.1,56,4,209.54,5,False,Low,50.0,True,7,1,7,2024-07-09,6,1,0,1,1,1,0,1
2024-07-09 08:09:51.215141,Kolkata,-64.9,970.24,89.54,19.2,4.57,5G NSA,GT 7,BSNL,n258,20,27.0,48,0,66.3,2,True,Low,29.1,True,8,1,7,2024-07-09,3,1,2,0,1,0,1,1
2024-07-09 08:19:51.215138,Tokyo,-88.8,748.61,140.37,8.0,3.64,4G,GT 7,AT&T,n78,25,33.4,41,4,216.62,4,True,High,70.8,False,8,1,7,2024-07-09,7,0,0,4,0,0,1,0
2024-07-09 08:29:51.215135,New York,-109.5,139.7,35.87,9.6,4.25,5G SA,GT 7,T-Mobile,n260,19,42.0,42,2,409.67,2,False,High,95.8,True,8,1,7,2024-07-09,5,2,4,1,0,0,0,1
2024-07-09 08:39:51.215133,Berlin,-101.9,395.93,67.06,7.6,0.12,5G SA,Galaxy S23,AT&T,n41,70,41.2,47,3,379.85,1,False,High,93.0,True,8,1,7,2024-07-09,0,2,0,3,0,1,0,1
2024-07-09 08:49:51.215130,Chennai,-61.9,619.23,146.13,12.9,4.23,5G SA,Galaxy S23,Vi,n258,47,29.9,50,3,347.0,2,True,Medium,11.1,False,8,1,7,2024-07-09,1,2,6,0,2,1,1,0
2024-07-09 08:59:51.215128,Delhi,-73.3,219.54,147.17,2.8,4.34,5G NSA,iPhone 14,Jio,n258,91,29.2,52,4,421.03,4,False,Low,11.1,True,8,1,7,2024-07-09,2,1,3,0,1,4,0,1
2024-07-09 09:09:51.215125,Tokyo,-88.3,849.03,72.3,7.1,4.11,5G SA,Galaxy S23,AT&T,n78,20,38.0,59,0,110.24,5,True,Low,37.4,False,9,1,7,2024-07-09,7,2,0,4,1,1,1,0
2024-07-09 09:19:51.215122,Tokyo,-71.1,945.65,90.66,16.3,2.84,4G,GT 7,T-Mobile,n41,73,31.4,10,3,199.25,4,True,Low,13.6,True,9,1,7,2024-07-09,7,0,4,3,1,0,1,1
2024-07-09 09:29:51.215120,Mumbai,-83.9,249.35,22.86,19.4,1.93,5G SA,GT 7,BSNL,n78,33,44.2,33,3,345.24,5,False,Medium,71.4,False,9,1,7,2024-07-09,4,2,2,4,2,0,0,0
2024-07-09 09:39:51.215117,Delhi,-79.9,921.24,29.93,1.7,4.34,4G,Galaxy S23,Airtel,n28,28,29.2,42,3,461.14,4,False,High,92.1,True,9,1,7,2024-07-09,2,0,1,2,0,1,0,1
2024-07-09 09:49:51.215115,Tokyo,-63.5,384.09,92.1,14.0,4.29,5G NSA,GT 7,T-Mobile,n260,99,28.6,40,3,153.39,1,False,Low,80.4,False,9,1,7,2024-07-09,7,1,4,1,1,0,0,0
2024-07-09 09:59:51.215112,New York,-75.2,944.46,120.02,18.5,1.58,5G NSA,GT 7,T-Mobile,n41,67,42.0,58,1,262.38,1,False,Low,17.9,True,9,1,7,2024-07-09,5,1,4,3,1,0,0,1
2024-07-09 10:09:51.215109,New York,-80.1,413.52,54.3,3.3,3.64,5G NSA,Galaxy S23,T-Mobile,n78,94,29.4,15,3,63.32,3,False,Medium,83.0,True,10,1,7,2024-07-09,5,1,4,4,2,1,0,1
2024-07-09 10:19:51.215107,Delhi,-66.6,627.26,131.98,2.1,2.39,4G,Pixel 7,Jio,n78,13,43.9,32,2,362.07,1,True,Low,59.2,True,10,1,7,2024-07-09,2,0,3,4,1,3,1,1
2024-07-09 10:29:51.215104,Kolkata,-85.6,524.76,85.02,14.6,3.63,5G NSA,iPhone 14,Airtel,n78,65,26.0,21,2,287.12,2,True,Medium,73.1,False,10,1,7,2024-07-09,3,1,1,4,2,4,1,0
2024-07-09 10:39:51.215102,San Francisco,-97.5,271.46,118.99,4.3,1.92,5G SA,Nord 4,T-Mobile,n41,60,27.3,18,1,103.06,5,False,Medium,28.3,False,10,1,7,2024-07-09,6,2,4,3,2,2,0,0
2024-07-09 10:49:51.215099,Mumbai,-96.7,104.42,105.68,8.4,4.76,5G SA,Pixel 7,Jio,n258,38,28.7,42,4,282.93,2,True,Low,13.7,False,10,1,7,2024-07-09,4,2,3,0,1,3,1,0
2024-07-09 10:59:51.215096,San Francisco,-81.5,535.51,81.35,7.3,1.15,5G NSA,Galaxy S23,Verizon,n78,74,34.1,4,2,235.59,2,False,Medium,56.0,False,10,1,7,2024-07-09,6,1,5,4,2,1,0,0
2024-07-09 11:09:51.215094,Chennai,-84.6,654.19,87.23,14.7,2.99,4G,iPhone 14,BSNL,n28,48,34.7,40,4,470.58,2,True,Low,18.9,False,11,1,7,2024-07-09,1,0,2,2,1,4,1,0
2024-07-09 11:19:51.215091,Chennai,-61.8,299.41,141.91,9.8,0.52,5G NSA,Pixel 7,Airtel,n28,75,34.8,56,0,388.15,2,False,High,58.7,True,11,1,7,2024-07-09,1,1,1,2,0,3,0,1
2024-07-09 11:29:51.215089,Kolkata,-87.0,105.75,52.94,8.9,0.61,5G NSA,Pixel 7,BSNL,n28,39,23.7,44,3,36.91,2,False,Medium,47.0,False,11,1,7,2024-07-09,3,1,2,2,2,3,0,0
2024-07-09 11:39:51.215086,Delhi,-97.4,343.92,21.61,5.4,2.04,5G SA,iPhone 14,BSNL,n78,22,43.0,34,0,206.82,3,True,Low,44.6,True,11,1,7,2024-07-09,2,2,2,4,1,4,1,1
2024-07-09 11:49:51.215083,San Francisco,-60.3,658.08,95.28,7.8,3.54,4G,Pixel 7,AT&T,n260,36,41.9,28,3,78.74,1,True,High,97.6,False,11,1,7,2024-07-09,6,0,0,1,0,3,1,0
2024-07-09 11:59:51.215081,Delhi,-102.7,712.79,55.28,14.8,4.39,4G,iPhone 14,BSNL,n28,42,39.8,31,4,88.93,1,True,Medium,20.1,True,11,1,7,2024-07-09,2,0,2,2,2,4,1,1
2024-07-09 12:09:51.215075,Mumbai,-105.5,848.62,27.2,9.6,2.25,4G,Pixel 7,BSNL,n28,73,27.0,19,3,285.22,2,False,Medium,61.4,False,12,1,7,2024-07-09,4,0,2,2,2,3,0,0
2024-07-09 12:19:51.215073,Berlin,-83.3,500.95,113.28,12.3,4.75,5G NSA,Pixel 7,T-Mobile,n260,51,39.8,16,0,255.45,2,False,Low,46.0,True,12,1,7,2024-07-09,0,1,4,1,1,3,0,1
2024-07-09 12:29:51.215070,Berlin,-99.1,815.11,108.35,15.3,0.23,5G NSA,iPhone 14,Verizon,n78,85,38.7,52,0,194.22,5,True,High,24.9,False,12,1,7,2024-07-09,0,1,5,4,0,4,1,0
2024-07-09 12:39:51.215067,Mumbai,-66.0,877.36,53.22,8.4,2.23,5G SA,Pixel 7,Vi,n258,64,43.6,23,3,317.25,1,False,Medium,50.0,False,12,1,7,2024-07-09,4,2,6,0,2,3,0,0
2024-07-09 12:49:51.215065,Mumbai,-66.3,671.8,139.2,10.7,3.03,5G NSA,iPhone 14,Vi,n28,68,28.4,54,0,96.88,5,True,High,33.0,True,12,1,7,2024-07-09,4,1,6,2,0,4,1,1
2024-07-09 12:59:51.215062,Berlin,-95.4,226.97,92.38,15.2,4.39,4G,iPhone 14,T-Mobile,n260,63,40.3,33,2,339.11,2,True,High,85.2,False,12,1,7,2024-07-09,0,0,4,1,0,4,1,0
2024-07-09 13:09:51.215060,Chennai,-88.9,500.17,46.37,13.6,4.44,4G,Pixel 7,Airtel,n258,32,39.3,54,2,216.11,1,False,High,61.9,False,13,1,7,2024-07-09,1,0,1,0,0,3,0,0
2024-07-09 13:19:51.215057,Chennai,-90.0,329.71,51.25,16.0,2.7,4G,iPhone 14,Airtel,n28,76,30.3,5,0,415.83,5,True,Low,37.5,True,13,1,7,2024-07-09,1,0,1,2,1,4,1,1
2024-07-09 13:29:51.215054,Kolkata,-89.8,443.62,83.27,10.9,3.9,5G SA,GT 7,Airtel,n28,66,38.1,58,1,134.66,2,True,High,23.2,False,13,1,7,2024-07-09,3,2,1,2,0,0,1,0
2024-07-09 13:39:51.215052,Chennai,-72.0,501.72,147.27,4.0,0.16,5G NSA,Nord 4,Airtel,n258,50,35.5,54,1,136.29,2,False,Medium,27.9,False,13,1,7,2024-07-09,1,1,1,0,2,2,0,0
2024-07-09 13:49:51.215049,Tokyo,-86.4,167.48,50.28,12.6,4.9,4G,Galaxy S23,T-Mobile,n78,94,30.2,10,3,281.49,2,True,High,58.4,True,13,1,7,2024-07-09,7,0,4,4,0,1,1,1
2024-07-09 13:59:51.215047,Kolkata,-61.4,215.54,89.74,13.3,3.48,4G,GT 7,Airtel,n28,71,37.1,4,4,366.64,4,True,High,10.5,False,13,1,7,2024-07-09,3,0,1,2,0,0,1,0
2024-07-09 14:09:51.215044,Delhi,-67.1,628.78,113.18,10.7,2.86,5G SA,GT 7,Vi,n78,57,29.3,5,4,250.73,2,False,High,98.6,True,14,1,7,2024-07-09,2,2,6,4,0,0,0,1
2024-07-09 14:19:51.215041,Mumbai,-82.7,315.24,133.13,4.5,4.31,4G,Galaxy S23,Airtel,n258,39,35.5,18,3,23.44,4,False,Medium,50.5,True,14,1,7,2024-07-09,4,0,1,0,2,1,0,1
2024-07-09 14:29:51.215039,Mumbai,-77.8,824.28,23.77,12.5,3.98,5G NSA,Nord 4,Airtel,n78,78,37.4,43,3,250.26,1,True,Medium,24.2,False,14,1,7,2024-07-09,4,1,1,4,2,2,1,0
2024-07-09 14:39:51.215036,San Francisco,-75.6,283.57,83.25,8.9,2.06,5G SA,Galaxy S23,AT&T,n41,15,31.2,32,2,171.94,4,False,Medium,87.9,True,14,1,7,2024-07-09,6,2,0,3,2,1,0,1
2024-07-09 14:49:51.215034,Mumbai,-96.3,371.12,142.47,5.7,5.0,4G,Nord 4,BSNL,n78,23,22.9,41,1,141.6,4,False,Low,30.7,False,14,1,7,2024-07-09,4,0,2,4,1,2,0,0
2024-07-09 14:59:51.215031,Tokyo,-85.5,671.06,122.93,9.6,3.52,5G SA,Pixel 7,Verizon,n260,90,29.3,14,2,88.07,1,False,Low,22.0,False,14,1,7,2024-07-09,7,2,5,1,1,3,0,0
2024-07-09 15:09:51.215028,Kolkata,-94.4,699.82,109.62,5.3,4.16,4G,Galaxy S23,Jio,n258,63,28.5,43,4,123.16,5,True,High,85.1,False,15,1,7,2024-07-09,3,0,3,0,0,1,1,0
2024-07-09 15:19:51.215026,Chennai,-90.4,698.22,114.22,7.5,0.47,5G SA,iPhone 14,Jio,n258,51,29.1,32,0,174.92,1,True,High,59.5,False,15,1,7,2024-07-09,1,2,3,0,0,4,1,0
2024-07-09 15:29:51.215023,New York,-106.9,441.97,95.82,12.9,3.46,5G NSA,iPhone 14,T-Mobile,n41,41,44.0,39,2,422.01,1,True,Medium,36.7,True,15,1,7,2024-07-09,5,1,4,3,2,4,1,1
2024-07-09 15:39:51.215021,San Francisco,-92.7,571.03,50.28,2.0,2.84,5G NSA,Pixel 7,AT&T,n78,95,20.2,35,0,450.82,2,False,Medium,49.4,False,15,1,7,2024-07-09,6,1,0,4,2,3,0,0
2024-07-09 15:49:51.215018,Tokyo,-62.6,332.56,97.55,4.7,0.32,4G,iPhone 14,Verizon,n260,42,29.8,37,1,210.58,3,True,Low,74.3,True,15,1,7,2024-07-09,7,0,5,1,1,4,1,1
2024-07-09 15:59:51.215015,New York,-108.4,822.32,105.47,7.6,2.54,4G,iPhone 14,AT&T,n41,74,23.2,6,3,146.03,1,True,Low,78.2,True,15,1,7,2024-07-09,5,0,0,3,1,4,1,1
2024-07-09 16:09:51.215013,San Francisco,-66.1,510.79,99.91,9.4,1.27,5G NSA,Pixel 7,AT&T,n78,65,33.6,37,1,410.27,2,True,High,66.2,False,16,1,7,2024-07-09,6,1,0,4,0,3,1,0
2024-07-09 16:19:51.215010,Delhi,-65.8,475.96,140.79,7.3,2.12,5G NSA,Pixel 7,Airtel,n78,53,38.1,25,0,262.42,4,True,Medium,11.4,False,16,1,7,2024-07-09,2,1,1,4,2,3,1,0
2024-07-09 16:29:51.215008,Berlin,-82.8,202.34,41.03,16.1,3.95,5G SA,GT 7,T-Mobile,n41,71,35.7,24,2,168.32,1,False,Low,48.7,True,16,1,7,2024-07-09,0,2,4,3,1,0,0,1
2024-07-09 16:39:51.215005,San Francisco,-76.6,342.52,122.91,17.4,3.43,5G NSA,iPhone 14,T-Mobile,n41,18,31.0,31,0,59.18,5,True,Low,94.1,False,16,1,7,2024-07-09,6,1,4,3,1,4,1,0
2024-07-09 16:49:51.215002,Tokyo,-107.1,578.1,22.7,3.8,1.1,5G NSA,Galaxy S23,Verizon,n41,72,31.4,5,3,436.53,3,False,Medium,48.1,False,16,1,7,2024-07-09,7,1,5,3,2,1,0,0
2024-07-09 16:59:51.215000,Berlin,-68.2,899.71,130.78,14.4,2.54,5G NSA,Galaxy S23,AT&T,n41,36,25.5,20,3,146.47,4,False,Medium,19.3,True,16,1,7,2024-07-09,0,1,0,3,2,1,0,1
2024-07-09 17:09:51.214997,Mumbai,-76.2,346.83,118.24,16.7,2.87,4G,iPhone 14,Vi,n28,53,21.8,47,1,28.46,4,True,Medium,71.7,False,17,1,7,2024-07-09,4,0,6,2,2,4,1,0
2024-07-09 17:19:51.214995,San Francisco,-68.2,778.5,60.88,19.7,1.35,5G SA,iPhone 14,Verizon,n78,18,29.7,58,0,11.19,4,False,Low,29.2,True,17,1,7,2024-07-09,6,2,5,4,1,4,0,1
2024-07-09 17:29:51.214992,Kolkata,-104.4,957.82,49.64,6.5,2.63,4G,GT 7,Airtel,n78,74,21.0,30,0,246.52,3,True,High,87.6,False,17,1,7,2024-07-09,3,0,1,4,0,0,1,0
2024-07-09 17:39:51.214990,San Francisco,-76.3,451.66,88.2,19.9,3.77,5G SA,Galaxy S23,AT&T,n260,96,20.0,29,2,384.85,3,True,High,79.9,True,17,1,7,2024-07-09,6,2,0,1,0,1,1,1
2024-07-09 17:49:51.214987,Delhi,-82.3,427.02,134.04,7.5,4.54,5G SA,Pixel 7,Jio,n258,45,31.9,51,0,390.64,1,False,High,21.6,False,17,1,7,2024-07-09,2,2,3,0,0,3,0,0
2024-07-09 17:59:51.214984,Mumbai,-66.0,475.09,56.02,14.7,4.07,4G,Galaxy S23,BSNL,n78,26,38.6,13,2,228.1,3,False,High,61.7,False,17,1,7,2024-07-09,4,0,2,4,0,1,0,0
2024-07-09 18:09:51.214982,Tokyo,-104.1,850.37,115.89,19.2,0.74,4G,Pixel 7,Verizon,n260,48,34.3,34,1,291.7,1,True,Low,63.0,True,18,1,7,2024-07-09,7,0,5,1,1,3,1,1
2024-07-09 18:19:51.214979,Delhi,-84.2,977.57,58.96,12.0,3.68,5G NSA,iPhone 14,Airtel,n258,46,32.8,46,1,245.72,2,False,Medium,17.4,True,18,1,7,2024-07-09,2,1,1,0,2,4,0,1
2024-07-09 18:29:51.214977,Mumbai,-109.3,276.8,145.26,3.4,0.32,5G NSA,GT 7,BSNL,n258,42,39.5,22,3,282.81,5,False,Medium,22.5,True,18,1,7,2024-07-09,4,1,2,0,2,0,0,1
2024-07-09 18:39:51.214974,Delhi,-100.5,798.22,70.07,9.9,0.39,5G SA,Galaxy S23,BSNL,n78,63,32.3,11,0,90.95,5,False,Medium,25.4,True,18,1,7,2024-07-09,2,2,2,4,2,1,0,1
2024-07-09 18:49:51.214971,Berlin,-102.2,158.67,134.43,15.8,2.14,5G NSA,Galaxy S23,T-Mobile,n41,69,42.9,59,4,16.54,2,True,Low,93.3,False,18,1,7,2024-07-09,0,1,4,3,1,1,1,0
2024-07-09 18:59:51.214969,Delhi,-72.1,984.34,143.73,2.9,3.52,5G NSA,iPhone 14,BSNL,n28,95,38.1,21,2,138.8,2,True,Medium,82.1,False,18,1,7,2024-07-09,2,1,2,2,2,4,1,0
2024-07-09 19:09:51.214966,Kolkata,-72.7,340.31,119.98,5.9,3.86,5G SA,Galaxy S23,Vi,n258,57,30.1,39,3,456.69,4,False,Medium,76.2,True,19,1,7,2024-07-09,3,2,6,0,2,1,0,1
2024-07-09 19:19:51.214964,Chennai,-73.5,181.43,148.78,19.4,0.99,5G SA,iPhone 14,Airtel,n78,70,21.0,37,4,460.59,1,False,Medium,23.4,False,19,1,7,2024-07-09,1,2,1,4,2,4,0,0
2024-07-09 19:29:51.214961,Kolkata,-90.4,806.51,65.2,6.7,3.08,5G SA,Galaxy S23,BSNL,n258,81,31.8,26,0,356.36,2,True,Medium,87.4,False,19,1,7,2024-07-09,3,2,2,0,2,1,1,0
2024-07-09 19:39:51.214958,Delhi,-103.4,978.31,120.73,8.5,0.87,5G SA,GT 7,BSNL,n258,25,24.8,7,0,367.4,5,False,Low,26.5,False,19,1,7,2024-07-09,2,2,2,0,1,0,0,0
2024-07-09 19:49:51.214956,Chennai,-83.0,710.29,101.99,16.2,1.1,4G,Galaxy S23,Airtel,n258,21,26.0,42,3,160.79,2,True,Low,22.8,False,19,1,7,2024-07-09,1,0,1,0,1,1,1,0
2024-07-09 19:59:51.214953,New York,-60.4,796.65,55.51,2.2,1.36,5G NSA,GT 7,Verizon,n41,53,20.5,29,2,418.42,2,True,High,69.0,True,19,1,7,2024-07-09,5,1,5,3,0,0,1,1
2024-07-09 20:09:51.214951,New York,-62.6,927.55,140.46,6.5,1.33,5G NSA,iPhone 14,AT&T,n41,44,36.0,25,3,353.88,4,True,Medium,71.0,False,20,1,7,2024-07-09,5,1,0,3,2,4,1,0
2024-07-09 20:19:51.214948,Tokyo,-88.8,132.46,141.71,19.7,1.03,5G SA,Pixel 7,Verizon,n41,42,30.0,41,3,286.27,2,True,Medium,45.3,False,20,1,7,2024-07-09,7,2,5,3,2,3,1,0
2024-07-09 20:29:51.214946,Chennai,-102.5,444.81,132.08,16.0,3.28,5G NSA,iPhone 14,Jio,n258,73,40.2,19,2,126.79,3,True,Medium,10.7,False,20,1,7,2024-07-09,1,1,3,0,2,4,1,0
2024-07-09 20:39:51.214943,Delhi,-84.0,227.54,127.43,18.9,1.25,4G,GT 7,Jio,n78,19,44.9,38,3,234.81,5,True,High,48.1,False,20,1,7,2024-07-09,2,0,3,4,0,0,1,0
2024-07-09 20:49:51.214940,New York,-107.5,681.38,115.66,4.6,0.21,4G,Nord 4,AT&T,n78,67,42.3,29,3,49.26,1,False,Low,81.2,True,20,1,7,2024-07-09,5,0,0,4,1,2,0,1
2024-07-09 20:59:51.214938,Berlin,-60.4,607.85,31.38,15.0,0.68,5G NSA,Nord 4,Verizon,n78,45,45.0,18,4,360.55,3,True,Low,70.1,True,20,1,7,2024-07-09,0,1,5,4,1,2,1,1
2024-07-09 21:09:51.214935,Berlin,-102.2,694.18,118.39,2.0,1.66,5G SA,Galaxy S23,T-Mobile,n260,54,40.1,46,2,385.69,1,False,Medium,36.4,False,21,1,7,2024-07-09,0,2,4,1,2,1,0,0
2024-07-09 21:19:51.214932,Kolkata,-92.9,600.14,90.17,16.3,2.69,4G,Galaxy S23,Airtel,n28,81,44.6,37,3,28.35,5,True,High,55.8,True,21,1,7,2024-07-09,3,0,1,2,0,1,1,1
2024-07-09 21:29:51.214930,Chennai,-61.7,460.31,65.48,1.9,4.47,5G SA,Pixel 7,Airtel,n28,19,26.1,23,2,251.24,3,True,High,10.8,True,21,1,7,2024-07-09,1,2,1,2,0,3,1,1
2024-07-09 21:39:51.214927,Mumbai,-95.0,699.94,29.37,19.0,3.97,4G,GT 7,Airtel,n78,20,25.3,15,0,319.8,3,False,Low,59.4,False,21,1,7,2024-07-09,4,0,1,4,1,0,0,0
2024-07-09 21:49:51.214925,San Francisco,-72.6,828.41,27.59,11.0,0.78,4G,Nord 4,AT&T,n78,92,23.4,41,0,474.68,4,True,High,38.1,False,21,1,7,2024-07-09,6,0,0,4,0,2,1,0
2024-07-09 21:59:51.214922,Delhi,-94.3,379.79,103.12,13.2,0.32,5G SA,GT 7,Vi,n78,27,22.9,51,4,313.69,5,True,Medium,66.7,True,21,1,7,2024-07-09,2,2,6,4,2,0,1,1
2024-07-09 22:09:51.214919,Kolkata,-85.2,442.19,148.75,4.3,2.23,4G,GT 7,Jio,n78,36,23.4,51,2,315.27,1,True,High,24.2,False,22,1,7,2024-07-09,3,0,3,4,0,0,1,0
2024-07-09 22:19:51.214917,Delhi,-73.0,619.9,83.18,2.4,3.2,5G NSA,Pixel 7,Vi,n258,92,34.2,51,1,450.16,1,True,High,10.2,True,22,1,7,2024-07-09,2,1,6,0,0,3,1,1
2024-07-09 22:29:51.214914,Mumbai,-61.7,157.86,43.98,7.0,1.5,5G SA,GT 7,BSNL,n78,19,32.2,20,1,47.09,4,False,High,70.9,False,22,1,7,2024-07-09,4,2,2,4,0,0,0,0
2024-07-09 22:39:51.214912,San Francisco,-60.7,517.63,58.99,4.2,4.23,5G NSA,iPhone 14,Verizon,n78,68,22.3,18,3,454.22,1,False,High,69.3,True,22,1,7,2024-07-09,6,1,5,4,0,4,0,1
2024-07-09 22:49:51.214910,Chennai,-102.8,755.01,141.2,8.0,4.11,5G SA,Galaxy S23,Airtel,n28,77,32.3,18,3,175.52,1,False,High,35.3,True,22,1,7,2024-07-09,1,2,1,2,0,1,0,1
2024-07-09 22:59:51.214907,New York,-93.5,138.67,105.45,1.6,3.0,4G,GT 7,T-Mobile,n41,30,38.9,36,0,276.05,2,True,High,21.9,True,22,1,7,2024-07-09,5,0,4,3,0,0,1,1
2024-07-09 23:09:51.214904,San Francisco,-87.1,532.97,62.24,15.0,2.48,5G SA,Nord 4,Verizon,n41,47,31.1,13,4,247.14,5,False,High,96.1,False,23,1,7,2024-07-09,6,2,5,3,0,2,0,0
2024-07-09 23:19:51.214902,Mumbai,-69.9,953.11,47.5,5.8,3.1,5G NSA,Pixel 7,BSNL,n258,50,38.0,23,4,353.69,2,False,Low,89.7,False,23,1,7,2024-07-09,4,1,2,0,1,3,0,0
2024-07-09 23:29:51.214899,Berlin,-90.7,127.76,125.43,10.0,0.45,4G,Pixel 7,AT&T,n78,63,43.6,17,3,367.07,2,False,Low,14.6,True,23,1,7,2024-07-09,0,0,0,4,1,3,0,1
2024-07-09 23:39:51.214896,Delhi,-61.1,597.7,131.64,13.8,4.66,5G NSA,GT 7,BSNL,n78,59,20.3,39,0,261.97,2,True,High,90.8,False,23,1,7,2024-07-09,2,1,2,4,0,0,1,0
2024-07-09 23:49:51.214894,Kolkata,-93.8,895.16,53.01,1.9,2.22,5G NSA,Nord 4,Airtel,n78,60,21.9,26,1,179.03,4,True,High,23.2,False,23,1,7,2024-07-09,3,1,1,4,0,2,1,0
2024-07-09 23:59:51.214891,Delhi,-101.3,412.3,86.87,15.4,4.34,5G NSA,Pixel 7,Airtel,n78,14,28.3,56,0,310.64,2,True,High,70.2,False,23,1,7,2024-07-09,2,1,1,4,0,3,1,0
2024-07-10 00:09:51.214889,Kolkata,-81.5,918.06,105.01,10.8,0.12,5G NSA,Galaxy S23,Airtel,n258,61,22.9,17,2,44.92,2,False,Low,39.1,False,0,2,7,2024-07-10,3,1,1,0,1,1,0,0
2024-07-10 00:19:51.214886,San Francisco,-70.2,371.51,87.21,18.8,0.41,5G SA,GT 7,AT&T,n260,92,31.1,50,4,245.37,5,False,High,83.2,True,0,2,7,2024-07-10,6,2,0,1,0,0,0,1
2024-07-10 00:29:51.214883,Kolkata,-86.9,868.8,126.15,11.6,4.38,4G,iPhone 14,BSNL,n258,25,30.3,36,2,439.21,1,False,High,97.8,False,0,2,7,2024-07-10,3,0,2,0,0,4,0,0
2024-07-10 00:39:51.214881,Berlin,-88.6,818.68,144.47,3.0,4.97,5G SA,Nord 4,T-Mobile,n41,29,39.6,22,4,231.45,2,False,Medium,93.8,True,0,2,7,2024-07-10,0,2,4,3,2,2,0,1
2024-07-10 00:49:51.214878,Kolkata,-78.5,603.51,33.29,3.1,0.68,4G,Pixel 7,BSNL,n258,15,35.8,26,0,88.16,2,False,Low,67.2,True,0,2,7,2024-07-10,3,0,2,0,1,3,0,1
2024-07-10 00:59:51.214876,San Francisco,-98.2,583.2,105.95,3.9,3.77,5G NSA,Nord 4,AT&T,n78,32,31.0,43,1,483.82,3,False,Medium,16.2,True,0,2,7,2024-07-10,6,1,0,4,2,2,0,1
2024-07-10 01:09:51.214873,Delhi,-88.2,490.07,147.41,17.4,4.62,5G SA,Nord 4,BSNL,n28,76,35.8,20,0,275.58,4,True,High,33.4,False,1,2,7,2024-07-10,2,2,2,2,0,2,1,0
2024-07-10 01:19:51.214870,Berlin,-102.3,161.91,67.4,7.8,3.82,5G NSA,GT 7,AT&T,n41,62,37.1,54,0,129.17,3,True,High,36.2,True,1,2,7,2024-07-10,0,1,0,3,0,0,1,1
2024-07-10 01:29:51.214868,Berlin,-61.1,924.17,39.84,11.2,0.55,4G,GT 7,T-Mobile,n41,37,25.4,13,2,372.2,5,False,High,83.0,True,1,2,7,2024-07-10,0,0,4,3,0,0,0,1
2024-07-10 01:39:51.214865,Berlin,-99.2,321.09,36.14,8.5,2.04,4G,Galaxy S23,T-Mobile,n260,50,39.5,16,0,254.57,3,True,High,93.5,True,1,2,7,2024-07-10,0,0,4,1,0,1,1,1
2024-07-10 01:49:51.214863,Tokyo,-68.3,776.34,79.83,13.4,1.3,5G SA,iPhone 14,T-Mobile,n78,43,20.3,11,2,198.0,1,False,Low,49.9,False,1,2,7,2024-07-10,7,2,4,4,1,4,0,0
2024-07-10 01:59:51.214860,Kolkata,-73.0,893.43,120.58,18.7,0.77,4G,Galaxy S23,Jio,n78,56,32.4,20,0,488.05,4,False,Medium,80.6,True,1,2,7,2024-07-10,3,0,3,4,2,1,0,1
2024-07-10 02:09:51.214857,Tokyo,-96.6,529.88,89.5,16.8,4.66,5G SA,Nord 4,Verizon,n41,10,25.5,24,1,190.08,3,False,Low,67.0,True,2,2,7,2024-07-10,7,2,5,3,1,2,0,1
2024-07-10 02:19:51.214852,Delhi,-67.8,202.01,102.07,14.2,0.22,5G SA,Pixel 7,Jio,n78,39,30.2,55,2,200.87,5,True,Medium,13.7,True,2,2,7,2024-07-10,2,2,3,4,2,3,1,1
2024-07-10 02:29:51.214850,Mumbai,-67.2,964.25,60.71,3.6,2.51,4G,iPhone 14,BSNL,n78,21,24.4,27,2,96.05,2,True,Medium,55.4,True,2,2,7,2024-07-10,4,0,2,4,2,4,1,1
2024-07-10 02:39:51.214847,Kolkata,-108.1,585.28,146.52,3.0,1.98,5G NSA,Pixel 7,Vi,n258,99,37.9,33,1,316.21,2,False,High,86.5,False,2,2,7,2024-07-10,3,1,6,0,0,3,0,0
2024-07-10 02:49:51.214845,Kolkata,-109.4,130.47,37.97,13.7,3.44,5G NSA,GT 7,Vi,n78,56,38.7,48,1,202.54,4,False,High,46.6,False,2,2,7,2024-07-10,3,1,6,4,0,0,0,0
2024-07-10 02:59:51.214842,San Francisco,-73.7,914.67,64.07,19.2,1.69,5G NSA,Nord 4,AT&T,n41,60,20.2,55,0,305.26,2,True,High,50.3,False,2,2,7,2024-07-10,6,1,0,3,0,2,1,0
2024-07-10 03:09:51.214840,Berlin,-102.3,906.31,59.05,7.6,4.27,5G NSA,Pixel 7,T-Mobile,n41,60,40.1,59,0,225.23,5,True,High,30.6,True,3,2,7,2024-07-10,0,1,4,3,0,3,1,1
2024-07-10 03:19:51.214837,Berlin,-69.9,335.52,127.96,11.6,0.32,5G SA,Nord 4,T-Mobile,n260,83,35.0,39,2,447.54,1,True,High,80.8,False,3,2,7,2024-07-10,0,2,4,1,0,2,1,0
2024-07-10 03:29:51.214834,San Francisco,-60.8,851.03,103.99,1.3,2.45,5G NSA,iPhone 14,T-Mobile,n260,45,42.0,22,4,349.32,4,True,High,32.4,True,3,2,7,2024-07-10,6,1,4,1,0,4,1,1
2024-07-10 03:39:51.214832,New York,-83.7,955.14,88.3,19.2,2.13,4G,Nord 4,T-Mobile,n78,99,35.7,30,0,397.79,5,True,Medium,56.2,True,3,2,7,2024-07-10,5,0,4,4,2,2,1,1
2024-07-10 03:49:51.214829,Mumbai,-106.5,538.25,61.85,1.6,1.52,5G SA,Galaxy S23,BSNL,n258,94,27.7,56,1,73.21,1,True,Medium,12.7,False,3,2,7,2024-07-10,4,2,2,0,2,1,1,0
2024-07-10 03:59:51.214827,Kolkata,-108.1,129.4,76.12,11.0,1.39,4G,Galaxy S23,Jio,n78,19,43.9,49,2,139.78,1,False,Low,51.5,False,3,2,7,2024-07-10,3,0,3,4,1,1,0,0
2024-07-10 04:09:51.214824,New York,-64.8,488.94,106.1,20.0,1.83,5G NSA,Nord 4,T-Mobile,n41,94,40.7,32,4,100.64,4,False,High,61.3,False,4,2,7,2024-07-10,5,1,4,3,0,2,0,0
2024-07-10 04:19:51.214821,San Francisco,-64.2,975.68,83.88,9.1,3.34,5G NSA,Nord 4,Verizon,n260,11,31.0,38,0,111.09,4,True,High,26.1,False,4,2,7,2024-07-10,6,1,5,1,0,2,1,0
2024-07-10 04:29:51.214819,Tokyo,-86.8,850.69,65.26,13.6,4.76,5G SA,GT 7,T-Mobile,n41,40,21.1,16,4,491.39,3,True,Low,68.9,False,4,2,7,2024-07-10,7,2,4,3,1,0,1,0
2024-07-10 04:39:51.214816,Kolkata,-65.2,990.01,73.05,6.5,3.98,5G NSA,Pixel 7,Airtel,n78,80,26.3,31,3,65.45,3,False,Low,35.1,False,4,2,7,2024-07-10,3,1,1,4,1,3,0,0
2024-07-10 04:49:51.214814,Berlin,-63.1,836.26,83.42,12.9,0.6,5G NSA,Galaxy S23,T-Mobile,n78,66,26.5,19,0,185.94,2,True,Medium,90.1,True,4,2,7,2024-07-10,0,1,4,4,2,1,1,1
2024-07-10 04:59:51.214811,Delhi,-95.3,719.46,60.93,16.0,3.43,5G SA,Galaxy S23,Vi,n28,97,24.8,54,1,425.38,4,True,Medium,30.4,False,4,2,7,2024-07-10,2,2,6,2,2,1,1,0
2024-07-10 05:09:51.214808,New York,-79.7,504.68,50.72,18.3,0.23,4G,Galaxy S23,T-Mobile,n260,48,34.0,2,0,327.41,1,True,High,52.1,True,5,2,7,2024-07-10,5,0,4,1,0,1,1,1
2024-07-10 05:19:51.214806,Kolkata,-102.3,813.7,94.21,13.4,2.8,4G,Galaxy S23,Jio,n258,61,41.9,31,0,382.31,3,False,High,64.1,False,5,2,7,2024-07-10,3,0,3,0,0,1,0,0
2024-07-10 05:29:51.214803,Mumbai,-104.5,540.76,104.3,3.1,4.34,4G,GT 7,Jio,n28,47,20.8,20,2,378.55,4,True,Medium,40.1,True,5,2,7,2024-07-10,4,0,3,2,2,0,1,1
2024-07-10 05:39:51.214801,New York,-73.1,467.76,111.37,2.7,4.33,5G NSA,iPhone 14,Verizon,n260,97,23.2,36,2,209.36,1,True,High,58.2,True,5,2,7,2024-07-10,5,1,5,1,0,4,1,1
2024-07-10 05:49:51.214798,San Francisco,-97.5,722.46,34.87,17.1,4.88,5G NSA,GT 7,AT&T,n78,27,25.4,2,1,354.43,3,False,Medium,80.5,True,5,2,7,2024-07-10,6,1,0,4,2,0,0,1
2024-07-10 05:59:51.214795,Delhi,-86.1,829.87,136.59,5.9,2.01,5G SA,GT 7,Airtel,n78,71,20.1,35,0,364.09,2,False,High,85.6,False,5,2,7,2024-07-10,2,2,1,4,0,0,0,0
2024-07-10 06:09:51.214793,Chennai,-66.6,792.94,27.78,12.1,1.91,5G SA,Pixel 7,Jio,n258,19,26.9,53,4,136.06,3,False,High,22.0,True,6,2,7,2024-07-10,1,2,3,0,0,3,0,1
2024-07-10 06:19:51.214790,New York,-73.8,352.82,97.98,7.4,2.64,5G SA,Galaxy S23,T-Mobile,n78,68,31.3,45,4,99.67,3,True,High,77.6,True,6,2,7,2024-07-10,5,2,4,4,0,1,1,1
2024-07-10 06:29:51.214788,New York,-62.4,520.26,57.07,2.7,2.21,5G SA,Pixel 7,AT&T,n260,13,41.4,1,4,270.24,5,True,Medium,65.9,True,6,2,7,2024-07-10,5,2,0,1,2,3,1,1
2024-07-10 06:39:51.214785,San Francisco,-104.8,510.73,38.56,13.6,3.04,4G,GT 7,Verizon,n78,86,41.0,6,3,385.58,5,True,Low,36.2,True,6,2,7,2024-07-10,6,0,5,4,1,0,1,1
2024-07-10 06:49:51.214782,Kolkata,-74.9,967.08,59.06,12.7,3.96,5G SA,Nord 4,Vi,n258,40,43.9,20,1,123.12,5,True,Low,95.3,False,6,2,7,2024-07-10,3,2,6,0,1,2,1,0
2024-07-10 06:59:51.214780,Chennai,-71.0,965.41,96.21,6.9,3.49,5G SA,Pixel 7,Airtel,n28,55,27.9,21,1,499.25,2,False,Low,28.9,False,6,2,7,2024-07-10,1,2,1,2,1,3,0,0
2024-07-10 07:09:51.214777,Chennai,-85.6,882.51,122.47,18.8,3.01,5G SA,GT 7,Jio,n28,14,41.0,15,4,11.86,5,True,High,10.6,False,7,2,7,2024-07-10,1,2,3,2,0,0,1,0
2024-07-10 07:19:51.214775,Mumbai,-71.2,679.85,106.27,18.7,3.74,5G SA,GT 7,BSNL,n258,21,39.2,24,1,211.18,1,False,Low,37.8,True,7,2,7,2024-07-10,4,2,2,0,1,0,0,1
2024-07-10 07:29:51.214772,Kolkata,-97.4,750.78,109.81,19.9,1.57,5G SA,Galaxy S23,Airtel,n258,74,24.4,4,3,426.38,4,False,High,31.6,False,7,2,7,2024-07-10,3,2,1,0,0,1,0,0
2024-07-10 07:39:51.214769,Kolkata,-60.1,126.6,124.41,13.4,2.19,5G SA,GT 7,Vi,n78,82,35.0,38,2,27.51,3,False,High,42.4,True,7,2,7,2024-07-10,3,2,6,4,0,0,0,1
2024-07-10 07:49:51.214767,Berlin,-105.4,306.12,75.59,17.4,1.1,4G,Nord 4,AT&T,n78,73,36.5,40,2,249.85,5,False,High,43.9,False,7,2,7,2024-07-10,0,0,0,4,0,2,0,0
2024-07-10 07:59:51.214764,Berlin,-105.7,331.36,140.34,5.6,1.89,4G,Galaxy S23,Verizon,n260,69,26.6,39,4,154.02,3,True,Low,14.5,True,7,2,7,2024-07-10,0,0,5,1,1,1,1,1
2024-07-10 08:09:51.214762,Tokyo,-93.2,988.46,70.04,14.5,1.63,5G SA,iPhone 14,T-Mobile,n78,12,37.3,34,3,307.2,1,False,Low,73.1,True,8,2,7,2024-07-10,7,2,4,4,1,4,0,1
2024-07-10 08:19:51.214759,New York,-102.6,686.96,68.44,19.6,0.56,4G,Pixel 7,AT&T,n260,99,23.1,53,3,126.77,4,True,Low,70.7,False,8,2,7,2024-07-10,5,0,0,1,1,3,1,0
2024-07-10 08:29:51.214757,New York,-60.9,923.5,125.13,9.2,4.46,5G SA,Galaxy S23,AT&T,n78,39,42.1,35,1,335.72,3,True,High,86.7,False,8,2,7,2024-07-10,5,2,0,4,0,1,1,0
2024-07-10 08:39:51.214754,New York,-97.8,610.55,80.26,4.5,2.11,5G SA,GT 7,T-Mobile,n78,34,37.1,40,0,427.48,5,False,High,28.9,True,8,2,7,2024-07-10,5,2,4,4,0,0,0,1
2024-07-10 08:49:51.214751,Delhi,-102.6,934.11,60.56,2.4,0.98,5G NSA,Nord 4,Vi,n28,82,21.5,49,0,199.83,1,False,Low,51.4,False,8,2,7,2024-07-10,2,1,6,2,1,2,0,0
2024-07-10 08:59:51.214749,Berlin,-60.7,272.11,115.73,1.3,2.12,5G NSA,Galaxy S23,AT&T,n41,20,39.4,57,4,13.26,5,True,High,68.1,True,8,2,7,2024-07-10,0,1,0,3,0,1,1,1
2024-07-10 09:09:51.214746,Delhi,-98.5,585.63,116.22,7.6,2.99,5G SA,GT 7,Jio,n258,20,34.8,35,3,10.44,1,True,Low,85.9,False,9,2,7,2024-07-10,2,2,3,0,1,0,1,0
2024-07-10 09:19:51.214744,Chennai,-80.7,718.51,30.51,7.8,1.53,5G SA,Nord 4,Jio,n28,65,26.1,23,0,280.49,2,False,Low,57.1,False,9,2,7,2024-07-10,1,2,3,2,1,2,0,0
2024-07-10 09:29:51.214741,Delhi,-62.6,385.7,100.74,7.7,4.94,5G NSA,iPhone 14,Jio,n28,69,29.0,14,0,254.92,3,False,Medium,45.6,True,9,2,7,2024-07-10,2,1,3,2,2,4,0,1
2024-07-10 09:39:51.214738,Delhi,-83.3,100.24,135.28,17.8,1.83,4G,GT 7,Vi,n258,11,39.0,12,2,301.72,4,True,Medium,53.8,True,9,2,7,2024-07-10,2,0,6,0,2,0,1,1
2024-07-10 09:49:51.214736,New York,-108.0,398.19,40.74,17.1,0.52,5G SA,iPhone 14,AT&T,n78,52,30.8,34,1,148.01,4,False,Low,52.3,False,9,2,7,2024-07-10,5,2,0,4,1,4,0,0
2024-07-10 09:59:51.214733,San Francisco,-78.0,806.82,128.43,1.4,4.08,4G,Nord 4,AT&T,n260,14,27.3,28,1,205.71,5,False,Low,58.8,False,9,2,7,2024-07-10,6,0,0,1,1,2,0,0
2024-07-10 10:09:51.214731,Delhi,-69.5,259.47,105.1,1.3,3.11,5G NSA,Galaxy S23,BSNL,n28,75,24.6,37,1,170.8,5,False,Low,46.3,True,10,2,7,2024-07-10,2,1,2,2,1,1,0,1
2024-07-10 10:19:51.214728,New York,-65.7,921.25,147.74,14.2,4.63,4G,iPhone 14,AT&T,n41,81,28.1,16,2,135.27,1,False,Medium,98.7,True,10,2,7,2024-07-10,5,0,0,3,2,4,0,1
2024-07-10 10:29:51.214726,San Francisco,-102.9,461.38,30.15,5.4,1.66,4G,Pixel 7,Verizon,n78,67,42.4,13,2,112.04,3,True,High,70.0,False,10,2,7,2024-07-10,6,0,5,4,0,3,1,0
2024-07-10 10:39:51.214723,San Francisco,-92.5,900.72,20.13,7.2,1.71,4G,Pixel 7,Verizon,n41,84,40.6,51,4,451.68,1,True,Medium,51.1,True,10,2,7,2024-07-10,6,0,5,3,2,3,1,1
2024-07-10 10:49:51.214721,San Francisco,-101.2,293.43,72.54,11.9,0.94,5G SA,iPhone 14,T-Mobile,n41,13,37.0,29,3,60.83,4,True,High,88.5,True,10,2,7,2024-07-10,6,2,4,3,0,4,1,1
2024-07-10 10:59:51.214718,San Francisco,-82.8,102.72,89.22,16.6,4.07,5G NSA,GT 7,Verizon,n41,83,22.4,7,3,60.44,2,True,Low,17.5,True,10,2,7,2024-07-10,6,1,5,3,1,0,1,1
2024-07-10 11:09:51.214716,San Francisco,-84.3,505.64,146.78,1.0,3.87,5G NSA,Nord 4,AT&T,n41,77,25.0,14,3,22.86,5,False,High,51.7,True,11,2,7,2024-07-10,6,1,0,3,0,2,0,1
2024-07-10 11:19:51.214713,New York,-72.5,298.74,132.48,1.5,2.4,4G,Galaxy S23,AT&T,n260,26,27.8,48,4,425.06,4,False,Medium,59.7,False,11,2,7,2024-07-10,5,0,0,1,2,1,0,0
2024-07-10 11:29:51.214710,Berlin,-60.2,893.33,128.33,10.4,2.18,5G NSA,Pixel 7,Verizon,n260,18,24.5,57,4,206.52,1,False,Medium,39.6,False,11,2,7,2024-07-10,0,1,5,1,2,3,0,0
2024-07-10 11:39:51.214708,Chennai,-63.9,330.18,48.43,1.5,0.54,4G,Nord 4,Airtel,n28,18,33.7,1,4,479.84,2,False,High,26.0,False,11,2,7,2024-07-10,1,0,1,2,0,2,0,0
2024-07-10 11:49:51.214705,Delhi,-79.1,887.17,101.24,11.5,1.61,5G SA,Pixel 7,Jio,n258,29,39.7,33,2,15.56,4,False,Low,17.4,True,11,2,7,2024-07-10,2,2,3,0,1,3,0,1
2024-07-10 11:59:51.214703,Tokyo,-60.5,847.5,48.09,6.7,4.18,5G NSA,GT 7,Verizon,n78,64,41.5,8,2,39.58,2,True,Medium,32.8,True,11,2,7,2024-07-10,7,1,5,4,2,0,1,1
2024-07-10 12:09:51.214700,Kolkata,-72.2,604.82,103.75,18.6,3.58,5G NSA,Galaxy S23,Jio,n78,69,38.1,16,1,401.63,1,True,High,37.7,True,12,2,7,2024-07-10,3,1,3,4,0,1,1,1
2024-07-10 12:19:51.214697,Delhi,-79.7,796.2,45.88,8.6,3.25,4G,GT 7,Jio,n28,30,45.0,59,1,288.64,4,True,High,98.6,True,12,2,7,2024-07-10,2,0,3,2,0,0,1,1
2024-07-10 12:29:51.214695,New York,-88.9,842.11,52.17,9.1,3.93,4G,Galaxy S23,T-Mobile,n78,86,34.2,12,2,48.72,4,False,High,67.6,True,12,2,7,2024-07-10,5,0,4,4,0,1,0,1
2024-07-10 12:39:51.214692,Berlin,-69.7,720.88,119.67,15.8,3.58,4G,Pixel 7,AT&T,n260,95,22.6,48,4,283.84,5,True,Low,30.9,True,12,2,7,2024-07-10,0,0,0,1,1,3,1,1
2024-07-10 12:49:51.214690,Delhi,-96.7,284.46,141.11,15.7,2.7,4G,Nord 4,Jio,n28,52,36.6,56,0,71.2,5,False,Medium,11.9,True,12,2,7,2024-07-10,2,0,3,2,2,2,0,1
2024-07-10 12:59:51.214687,Mumbai,-103.5,699.24,85.04,13.4,2.73,5G NSA,GT 7,BSNL,n78,97,31.5,36,3,57.2,5,False,Low,53.4,False,12,2,7,2024-07-10,4,1,2,4,1,0,0,0
2024-07-10 13:09:51.214684,Kolkata,-62.4,146.01,108.08,1.0,0.33,5G NSA,iPhone 14,Airtel,n258,29,33.4,31,3,214.79,1,True,High,67.8,False,13,2,7,2024-07-10,3,1,1,0,0,4,1,0
2024-07-10 13:19:51.214682,Kolkata,-93.0,807.15,72.85,18.6,1.86,5G SA,Nord 4,Vi,n258,60,31.1,54,2,420.09,5,False,High,46.7,False,13,2,7,2024-07-10,3,2,6,0,0,2,0,0
2024-07-10 13:29:51.214679,Delhi,-100.7,797.29,128.25,15.8,1.04,5G NSA,Nord 4,Vi,n28,30,43.4,21,4,83.33,2,False,Medium,85.2,True,13,2,7,2024-07-10,2,1,6,2,2,2,0,1
2024-07-10 13:39:51.214677,Mumbai,-106.0,353.31,92.69,7.9,0.21,5G NSA,GT 7,BSNL,n28,13,32.4,48,2,333.7,4,False,Medium,41.2,False,13,2,7,2024-07-10,4,1,2,2,2,0,0,0
2024-07-10 13:49:51.214674,Berlin,-82.6,224.34,103.12,4.7,1.81,5G NSA,iPhone 14,AT&T,n260,96,20.5,19,1,329.48,4,False,Low,60.5,False,13,2,7,2024-07-10,0,1,0,1,1,4,0,0
2024-07-10 13:59:51.214671,Kolkata,-67.3,648.07,45.67,8.7,2.21,4G,Nord 4,Airtel,n28,31,26.2,18,0,448.21,3,True,Medium,26.3,False,13,2,7,2024-07-10,3,0,1,2,2,2,1,0
2024-07-10 14:09:51.214669,San Francisco,-90.3,244.64,142.14,18.8,0.58,5G NSA,Nord 4,AT&T,n41,78,39.9,41,0,390.31,1,True,High,67.6,True,14,2,7,2024-07-10,6,1,0,3,0,2,1,1
2024-07-10 14:19:51.214666,Tokyo,-89.4,706.73,88.43,18.9,2.82,5G SA,Galaxy S23,AT&T,n41,90,43.2,1,1,421.85,4,True,Low,80.0,False,14,2,7,2024-07-10,7,2,0,3,1,1,1,0
2024-07-10 14:29:51.214664,Delhi,-65.7,605.91,108.02,13.4,4.61,5G SA,iPhone 14,BSNL,n78,41,44.1,16,3,175.36,5,False,High,13.4,True,14,2,7,2024-07-10,2,2,2,4,0,4,0,1
2024-07-10 14:39:51.214661,Kolkata,-83.6,820.62,114.28,10.0,0.41,5G NSA,Galaxy S23,Vi,n258,68,22.2,6,1,262.8,4,True,Medium,10.1,False,14,2,7,2024-07-10,3,1,6,0,2,1,1,0
2024-07-10 14:49:51.214658,Kolkata,-75.1,794.25,108.48,10.6,4.74,5G SA,Pixel 7,BSNL,n258,63,33.7,33,1,476.09,4,False,Low,81.2,True,14,2,7,2024-07-10,3,2,2,0,1,3,0,1
2024-07-10 14:59:51.214656,Berlin,-96.2,123.93,56.2,1.9,2.63,5G NSA,iPhone 14,T-Mobile,n78,38,23.6,39,0,320.67,3,True,Medium,32.1,False,14,2,7,2024-07-10,0,1,4,4,2,4,1,0
2024-07-10 15:09:51.214653,New York,-91.8,860.81,133.84,16.2,2.9,5G NSA,GT 7,Verizon,n41,56,42.6,38,3,21.1,3,True,Low,42.2,True,15,2,7,2024-07-10,5,1,5,3,1,0,1,1
2024-07-10 15:19:51.214651,Delhi,-95.3,192.45,144.58,14.7,3.82,5G NSA,Nord 4,BSNL,n258,98,21.0,31,0,28.9,1,False,Medium,85.6,False,15,2,7,2024-07-10,2,1,2,0,2,2,0,0
2024-07-10 15:29:51.214648,Delhi,-68.4,514.1,140.9,18.4,4.37,5G NSA,Pixel 7,BSNL,n258,63,27.1,7,4,262.89,4,True,Medium,21.1,False,15,2,7,2024-07-10,2,1,2,0,2,3,1,0
2024-07-10 15:39:51.214645,San Francisco,-68.8,967.12,100.99,16.2,4.87,5G SA,Pixel 7,AT&T,n260,26,37.5,33,0,324.66,4,False,High,61.6,False,15,2,7,2024-07-10,6,2,0,1,0,3,0,0
2024-07-10 15:49:51.214643,Chennai,-98.0,947.81,44.61,7.7,4.52,5G SA,Galaxy S23,Vi,n78,39,44.7,47,3,278.76,4,False,Low,32.9,True,15,2,7,2024-07-10,1,2,6,4,1,1,0,1
2024-07-10 15:59:51.214640,Delhi,-67.5,621.18,41.51,6.6,4.98,5G SA,Galaxy S23,Airtel,n78,11,21.0,8,1,137.2,4,True,Low,39.4,False,15,2,7,2024-07-10,2,2,1,4,1,1,1,0
2024-07-10 16:09:51.214638,Mumbai,-75.9,811.63,55.95,11.5,0.79,5G SA,Nord 4,Airtel,n28,37,40.1,13,2,429.28,1,False,Medium,49.3,False,16,2,7,2024-07-10,4,2,1,2,2,2,0,0
2024-07-10 16:19:51.214635,Kolkata,-84.8,178.97,105.96,3.4,2.18,5G SA,Pixel 7,BSNL,n258,47,22.6,11,2,416.03,1,True,High,16.4,False,16,2,7,2024-07-10,3,2,2,0,0,3,1,0
2024-07-10 16:29:51.214630,San Francisco,-94.2,969.11,43.69,18.0,0.5,4G,Nord 4,AT&T,n41,67,37.5,15,4,21.25,5,True,Low,94.6,True,16,2,7,2024-07-10,6,0,0,3,1,2,1,1
2024-07-10 16:39:51.214627,Mumbai,-106.6,376.07,107.1,1.3,4.76,4G,GT 7,BSNL,n78,43,25.4,2,0,34.38,1,False,High,47.2,False,16,2,7,2024-07-10,4,0,2,4,0,0,0,0
2024-07-10 16:49:51.214624,Kolkata,-106.7,195.66,30.89,2.6,4.32,4G,Pixel 7,Jio,n28,35,44.8,35,3,486.02,3,False,Low,15.6,False,16,2,7,2024-07-10,3,0,3,2,1,3,0,0
2024-07-10 16:59:51.214622,Tokyo,-88.2,338.8,67.56,3.9,2.66,4G,Galaxy S23,AT&T,n78,48,43.2,20,0,324.1,4,True,Medium,74.3,False,16,2,7,2024-07-10,7,0,0,4,2,1,1,0
2024-07-10 17:09:51.214619,San Francisco,-69.7,193.35,29.39,8.8,0.53,5G SA,Pixel 7,Verizon,n41,84,38.1,13,4,134.0,3,False,Medium,10.6,False,17,2,7,2024-07-10,6,2,5,3,2,3,0,0
2024-07-10 17:19:51.214617,Mumbai,-81.7,934.04,83.45,16.9,2.65,4G,Nord 4,Vi,n78,27,33.3,51,3,257.21,4,False,Medium,63.4,True,17,2,7,2024-07-10,4,0,6,4,2,2,0,1
2024-07-10 17:29:51.214614,Delhi,-103.8,103.21,104.63,9.7,3.37,4G,iPhone 14,Airtel,n258,41,33.2,40,3,265.42,1,True,Low,32.3,False,17,2,7,2024-07-10,2,0,1,0,1,4,1,0
2024-07-10 17:39:51.214612,Chennai,-65.2,275.56,97.98,15.9,3.31,4G,GT 7,Vi,n258,14,34.9,39,1,330.35,2,True,High,76.5,False,17,2,7,2024-07-10,1,0,6,0,0,0,1,0
2024-07-10 17:49:51.214609,Chennai,-68.5,131.08,78.25,4.0,2.78,5G SA,Nord 4,BSNL,n258,60,41.6,17,3,460.8,1,False,Medium,84.3,False,17,2,7,2024-07-10,1,2,2,0,2,2,0,0
2024-07-10 17:59:51.214606,Delhi,-84.6,292.8,62.65,16.5,0.8,5G NSA,Pixel 7,Jio,n28,64,32.7,5,0,461.97,5,True,High,90.8,False,17,2,7,2024-07-10,2,1,3,2,0,3,1,0
2024-07-10 18:09:51.214604,San Francisco,-78.5,909.9,95.93,9.0,4.6,5G SA,Nord 4,T-Mobile,n41,92,33.8,32,1,463.03,4,True,Medium,14.3,False,18,2,7,2024-07-10,6,2,4,3,2,2,1,0
2024-07-10 18:19:51.214601,Mumbai,-62.0,225.17,117.72,13.4,1.08,5G NSA,Pixel 7,Jio,n258,61,41.3,34,4,178.73,4,True,Medium,39.1,True,18,2,7,2024-07-10,4,1,3,0,2,3,1,1
2024-07-10 18:29:51.214599,Chennai,-70.0,801.93,56.12,4.7,2.49,4G,Nord 4,Vi,n28,47,20.2,13,1,144.83,3,False,High,58.7,True,18,2,7,2024-07-10,1,0,6,2,0,2,0,1
2024-07-10 18:39:51.214596,Chennai,-102.5,653.82,116.85,9.3,1.03,5G NSA,iPhone 14,Airtel,n78,17,23.6,35,3,187.56,3,False,Medium,94.1,True,18,2,7,2024-07-10,1,1,1,4,2,4,0,1
2024-07-10 18:49:51.214594,Berlin,-73.5,812.0,101.72,13.7,4.44,5G NSA,Nord 4,AT&T,n78,75,22.0,55,2,496.08,2,False,High,26.4,False,18,2,7,2024-07-10,0,1,0,4,0,2,0,0
2024-07-10 18:59:51.214591,Berlin,-68.6,865.77,134.9,12.0,1.87,5G SA,iPhone 14,AT&T,n78,67,41.0,47,3,94.48,3,False,High,70.4,True,18,2,7,2024-07-10,0,2,0,4,0,4,0,1
2024-07-10 19:09:51.214588,Berlin,-103.9,496.51,86.41,6.7,3.36,5G SA,Pixel 7,AT&T,n78,38,32.1,13,2,22.72,3,True,High,82.5,True,19,2,7,2024-07-10,0,2,0,4,0,3,1,1
2024-07-10 19:19:51.214586,Chennai,-88.0,825.94,107.37,17.9,1.51,4G,Pixel 7,BSNL,n28,57,32.0,42,3,436.04,1,False,Medium,61.5,True,19,2,7,2024-07-10,1,0,2,2,2,3,0,1
2024-07-10 19:29:51.214583,Chennai,-79.7,878.26,95.76,13.0,1.33,5G NSA,Nord 4,Vi,n78,68,38.3,32,0,272.1,3,False,Low,52.0,False,19,2,7,2024-07-10,1,1,6,4,1,2,0,0
2024-07-10 19:39:51.214581,Kolkata,-85.1,557.76,83.53,15.3,1.99,5G NSA,Pixel 7,Airtel,n28,22,38.7,18,1,72.9,1,False,High,26.1,True,19,2,7,2024-07-10,3,1,1,2,0,3,0,1
2024-07-10 19:49:51.214578,Tokyo,-95.6,862.6,142.53,8.8,4.14,5G NSA,Pixel 7,T-Mobile,n78,46,21.4,6,4,113.82,2,False,Low,86.2,False,19,2,7,2024-07-10,7,1,4,4,1,3,0,0
2024-07-10 19:59:51.214575,San Francisco,-80.6,616.61,40.55,1.7,3.85,4G,GT 7,T-Mobile,n41,63,24.7,23,2,57.17,1,True,Medium,15.2,True,19,2,7,2024-07-10,6,0,4,3,2,0,1,1
2024-07-10 20:09:51.214573,New York,-61.8,892.19,125.15,8.2,3.69,5G NSA,GT 7,AT&T,n260,36,35.2,50,4,460.62,2,False,Low,82.9,False,20,2,7,2024-07-10,5,1,0,1,1,0,0,0
2024-07-10 20:19:51.214570,Delhi,-60.7,916.27,136.66,7.4,3.07,5G NSA,Nord 4,Airtel,n28,14,36.4,43,1,209.07,5,True,High,18.8,False,20,2,7,2024-07-10,2,1,1,2,0,2,1,0
2024-07-10 20:29:51.214568,San Francisco,-94.3,550.56,106.36,10.3,2.98,4G,Galaxy S23,T-Mobile,n78,36,21.2,11,4,381.66,2,True,Low,56.3,True,20,2,7,2024-07-10,6,0,4,4,1,1,1,1
2024-07-10 20:39:51.214565,Tokyo,-96.7,750.27,137.98,5.5,4.91,5G SA,iPhone 14,Verizon,n260,48,24.0,56,4,413.7,4,False,High,90.1,True,20,2,7,2024-07-10,7,2,5,1,0,4,0,1
2024-07-10 20:49:51.214563,San Francisco,-65.6,138.93,22.75,13.9,0.6,4G,Pixel 7,AT&T,n78,60,20.9,54,0,246.52,2,True,High,95.3,True,20,2,7,2024-07-10,6,0,0,4,0,3,1,1
2024-07-10 20:59:51.214560,Chennai,-70.0,235.37,75.57,5.4,0.17,4G,iPhone 14,Vi,n78,71,44.3,13,3,433.52,3,True,Low,87.3,True,20,2,7,2024-07-10,1,0,6,4,1,4,1,1
2024-07-10 21:09:51.214557,Berlin,-80.2,322.3,128.52,1.1,4.25,4G,iPhone 14,Verizon,n41,89,34.7,3,0,498.63,1,True,Medium,89.8,False,21,2,7,2024-07-10,0,0,5,3,2,4,1,0
2024-07-10 21:19:51.214555,Chennai,-75.2,928.58,112.39,10.4,1.06,4G,Pixel 7,Vi,n78,10,23.4,47,0,469.29,1,True,Medium,66.6,True,21,2,7,2024-07-10,1,0,6,4,2,3,1,1
2024-07-10 21:29:51.214552,Delhi,-95.3,132.51,51.53,5.7,1.24,5G SA,GT 7,Jio,n258,27,42.6,25,0,190.9,3,False,High,83.4,False,21,2,7,2024-07-10,2,2,3,0,0,0,0,0
2024-07-10 21:39:51.214550,Delhi,-89.8,931.34,53.7,19.8,1.5,5G NSA,iPhone 14,BSNL,n78,63,33.3,52,0,172.3,1,True,High,23.5,False,21,2,7,2024-07-10,2,1,2,4,0,4,1,0
2024-07-10 21:49:51.214547,Mumbai,-68.1,340.14,25.78,2.8,3.0,4G,Nord 4,Jio,n28,20,22.9,45,1,157.33,3,True,Low,43.9,False,21,2,7,2024-07-10,4,0,3,2,1,2,1,0
2024-07-10 21:59:51.214545,Berlin,-68.5,268.14,136.95,5.4,3.77,4G,Galaxy S23,AT&T,n78,33,40.2,43,1,164.49,4,True,High,88.3,False,21,2,7,2024-07-10,0,0,0,4,0,1,1,0
2024-07-10 22:09:51.214542,Tokyo,-73.0,454.74,26.01,3.7,0.26,5G NSA,iPhone 14,AT&T,n41,93,29.2,56,3,298.26,3,False,High,81.0,False,22,2,7,2024-07-10,7,1,0,3,0,4,0,0
2024-07-10 22:19:51.214540,New York,-96.3,541.87,72.69,9.7,4.64,5G NSA,Galaxy S23,T-Mobile,n78,39,27.6,25,4,215.33,5,False,Medium,27.7,False,22,2,7,2024-07-10,5,1,4,4,2,1,0,0
2024-07-10 22:29:51.214537,Mumbai,-61.2,175.44,79.15,9.7,0.14,5G NSA,GT 7,Vi,n258,87,42.4,49,2,213.16,5,True,Medium,73.7,False,22,2,7,2024-07-10,4,1,6,0,2,0,1,0
2024-07-10 22:39:51.214535,Kolkata,-63.0,748.63,48.33,7.2,1.33,4G,Nord 4,Jio,n28,18,23.9,35,3,441.16,4,True,Low,33.7,False,22,2,7,2024-07-10,3,0,3,2,1,2,1,0
2024-07-10 22:49:51.214532,Mumbai,-77.6,261.22,128.24,17.2,1.95,5G NSA,iPhone 14,Vi,n78,15,41.3,31,4,202.87,1,True,High,40.4,True,22,2,7,2024-07-10,4,1,6,4,0,4,1,1
2024-07-10 22:59:51.214530,Chennai,-97.5,857.71,47.41,9.3,4.02,5G SA,iPhone 14,BSNL,n28,63,25.4,53,4,140.79,1,True,Medium,35.0,True,22,2,7,2024-07-10,1,2,2,2,2,4,1,1
2024-07-10 23:09:51.214527,San Francisco,-75.4,626.61,73.52,18.0,3.87,4G,Galaxy S23,AT&T,n260,30,27.1,38,0,102.52,4,True,Low,42.4,True,23,2,7,2024-07-10,6,0,0,1,1,1,1,1
2024-07-10 23:19:51.214524,Kolkata,-80.9,873.96,139.83,18.3,3.82,5G SA,iPhone 14,Vi,n28,17,35.0,17,1,463.55,3,False,High,94.0,False,23,2,7,2024-07-10,3,2,6,2,0,4,0,0
2024-07-10 23:29:51.214522,New York,-73.0,884.88,93.35,14.1,4.19,4G,Nord 4,AT&T,n78,11,33.3,3,2,440.22,5,False,Low,78.7,False,23,2,7,2024-07-10,5,0,0,4,1,2,0,0
2024-07-10 23:39:51.214519,Delhi,-103.5,244.47,60.15,5.3,2.78,4G,Galaxy S23,Airtel,n258,29,25.8,17,2,429.06,4,False,Medium,79.9,False,23,2,7,2024-07-10,2,0,1,0,2,1,0,0
2024-07-10 23:49:51.214517,Kolkata,-94.5,439.29,147.71,1.5,0.21,5G NSA,Pixel 7,BSNL,n28,58,44.1,5,0,237.49,1,True,Medium,91.6,True,23,2,7,2024-07-10,3,1,2,2,2,3,1,1
2024-07-10 23:59:51.214514,Mumbai,-94.0,179.54,30.17,3.5,4.13,4G,GT 7,Vi,n28,19,20.2,33,2,390.06,1,True,Low,71.5,False,23,2,7,2024-07-10,4,0,6,2,1,0,1,0
2024-07-11 00:09:51.214511,New York,-92.6,868.64,83.21,20.0,4.59,5G SA,Nord 4,T-Mobile,n41,96,36.3,39,0,167.85,2,False,Medium,92.3,True,0,3,7,2024-07-11,5,2,4,3,2,2,0,1
2024-07-11 00:19:51.214509,Chennai,-91.7,136.97,61.67,18.0,0.36,5G NSA,iPhone 14,Vi,n28,40,23.1,23,0,121.14,5,False,Low,30.4,False,0,3,7,2024-07-11,1,1,6,2,1,4,0,0
2024-07-11 00:29:51.214506,Chennai,-98.8,799.56,132.56,10.6,1.62,4G,Nord 4,Jio,n258,97,36.3,22,4,272.66,1,False,Medium,37.0,False,0,3,7,2024-07-11,1,0,3,0,2,2,0,0
2024-07-11 00:39:51.214504,Mumbai,-90.9,238.22,109.35,15.0,4.37,5G NSA,GT 7,Jio,n28,67,38.6,8,1,11.0,3,False,High,97.5,True,0,3,7,2024-07-11,4,1,3,2,0,0,0,1
2024-07-11 00:49:51.214501,Chennai,-91.6,131.45,57.74,9.9,0.27,5G NSA,GT 7,Jio,n28,77,39.8,36,4,449.07,4,True,High,55.7,False,0,3,7,2024-07-11,1,1,3,2,0,0,1,0
2024-07-11 00:59:51.214499,Delhi,-89.7,558.37,109.01,13.1,4.34,5G SA,iPhone 14,Jio,n28,20,28.9,29,0,442.94,4,False,Low,84.7,True,0,3,7,2024-07-11,2,2,3,2,1,4,0,1
2024-07-11 01:09:51.214496,Delhi,-85.5,149.02,145.65,6.9,3.17,5G NSA,iPhone 14,BSNL,n28,79,32.8,39,3,191.19,5,True,Medium,67.3,False,1,3,7,2024-07-11,2,1,2,2,2,4,1,0
2024-07-11 01:19:51.214493,San Francisco,-99.3,177.3,36.78,10.8,2.84,5G SA,GT 7,Verizon,n78,80,20.2,2,4,141.57,2,True,Low,38.1,True,1,3,7,2024-07-11,6,2,5,4,1,0,1,1
2024-07-11 01:29:51.214491,Berlin,-66.9,703.82,67.01,6.3,0.72,5G NSA,Galaxy S23,Verizon,n260,42,22.6,57,1,63.47,1,True,High,98.3,True,1,3,7,2024-07-11,0,1,5,1,0,1,1,1
2024-07-11 01:39:51.214488,San Francisco,-98.4,818.45,78.15,3.0,2.3,5G NSA,Galaxy S23,T-Mobile,n41,74,25.5,23,1,281.13,1,True,High,97.9,False,1,3,7,2024-07-11,6,1,4,3,0,1,1,0
2024-07-11 01:49:51.214486,New York,-79.0,502.07,116.84,1.2,0.65,5G SA,GT 7,AT&T,n260,25,35.4,20,2,176.5,4,False,Low,47.6,False,1,3,7,2024-07-11,5,2,0,1,1,0,0,0
2024-07-11 01:59:51.214471,Kolkata,-80.5,663.57,39.5,7.9,3.69,4G,GT 7,Jio,n28,10,35.9,50,4,491.28,2,True,Low,27.1,True,1,3,7,2024-07-11,3,0,3,2,1,0,1,1
2024-07-11 02:09:51.214469,Chennai,-91.6,805.68,114.75,11.5,2.94,4G,Pixel 7,Jio,n78,40,22.6,4,3,258.1,1,False,Medium,16.5,False,2,3,7,2024-07-11,1,0,3,4,2,3,0,0
2024-07-11 02:19:51.214466,Berlin,-97.4,472.66,72.62,4.0,0.83,4G,iPhone 14,AT&T,n260,91,44.1,20,1,72.75,4,True,Medium,27.3,True,2,3,7,2024-07-11,0,0,0,1,2,4,1,1
2024-07-11 02:29:51.214464,Berlin,-62.9,648.68,147.44,19.6,2.31,5G SA,GT 7,AT&T,n260,67,37.7,49,0,14.8,2,True,Medium,14.2,False,2,3,7,2024-07-11,0,2,0,1,2,0,1,0
2024-07-11 02:39:51.214462,New York,-87.9,229.03,44.69,9.6,4.67,5G SA,Galaxy S23,AT&T,n41,53,35.4,11,1,280.81,3,False,Medium,47.7,True,2,3,7,2024-07-11,5,2,0,3,2,1,0,1
2024-07-11 02:49:51.214459,Mumbai,-85.2,838.38,35.95,12.3,1.69,5G NSA,iPhone 14,Airtel,n258,15,26.8,3,0,146.5,3,True,Medium,41.5,False,2,3,7,2024-07-11,4,1,1,0,2,4,1,0
2024-07-11 02:59:51.214456,Chennai,-79.3,401.87,24.57,12.2,3.2,4G,GT 7,BSNL,n78,19,37.6,48,3,127.17,3,True,High,91.8,True,2,3,7,2024-07-11,1,0,2,4,0,0,1,1
2024-07-11 03:09:51.214454,Chennai,-107.9,636.65,111.0,1.2,4.28,4G,Pixel 7,Vi,n258,44,44.4,51,1,123.71,5,True,Low,74.0,True,3,3,7,2024-07-11,1,0,6,0,1,3,1,1
2024-07-11 03:19:51.214451,Tokyo,-65.6,327.07,130.07,16.1,3.12,4G,iPhone 14,AT&T,n41,77,28.8,2,2,25.06,2,True,High,21.3,False,3,3,7,2024-07-11,7,0,0,3,0,4,1,0
2024-07-11 03:29:51.214449,Delhi,-72.2,960.44,140.66,7.1,0.6,5G SA,Galaxy S23,Vi,n28,26,34.3,25,0,464.5,4,False,Low,45.1,False,3,3,7,2024-07-11,2,2,6,2,1,1,0,0
2024-07-11 03:39:51.214446,Chennai,-87.7,645.82,74.13,19.7,3.46,4G,iPhone 14,BSNL,n28,53,29.7,27,3,354.38,3,False,Low,31.5,True,3,3,7,2024-07-11,1,0,2,2,1,4,0,1
2024-07-11 03:49:51.214443,Berlin,-78.7,968.65,50.15,16.3,0.48,4G,Nord 4,Verizon,n41,57,39.4,48,3,169.76,4,False,High,53.6,True,3,3,7,2024-07-11,0,0,5,3,0,2,0,1
2024-07-11 03:59:51.214441,Mumbai,-103.7,701.36,117.09,10.6,0.8,5G NSA,GT 7,Vi,n78,24,29.2,41,4,483.74,5,True,Low,42.6,True,3,3,7,2024-07-11,4,1,6,4,1,0,1,1
2024-07-11 04:09:51.214438,Berlin,-90.3,521.33,84.47,13.3,1.95,4G,iPhone 14,T-Mobile,n78,67,41.5,28,1,88.98,4,False,Medium,88.6,True,4,3,7,2024-07-11,0,0,4,4,2,4,0,1
2024-07-11 04:19:51.214436,New York,-81.7,447.45,106.24,2.6,0.13,5G SA,GT 7,T-Mobile,n78,94,27.0,44,3,419.46,1,True,Low,66.4,False,4,3,7,2024-07-11,5,2,4,4,1,0,1,0
2024-07-11 04:29:51.214433,New York,-64.0,663.95,36.13,2.4,2.92,4G,GT 7,AT&T,n78,19,32.7,36,3,325.1,1,False,Medium,55.3,True,4,3,7,2024-07-11,5,0,0,4,2,0,0,1
2024-07-11 04:39:51.214431,New York,-100.2,180.28,124.13,6.3,0.38,5G SA,Pixel 7,Verizon,n260,83,33.3,31,3,281.8,5,True,Medium,35.2,False,4,3,7,2024-07-11,5,2,5,1,2,3,1,0
2024-07-11 04:49:51.214428,Kolkata,-101.4,874.07,44.68,7.9,3.73,5G SA,iPhone 14,BSNL,n28,87,37.2,28,0,379.16,2,False,Low,66.3,False,4,3,7,2024-07-11,3,2,2,2,1,4,0,0
2024-07-11 04:59:51.214425,San Francisco,-83.2,350.54,90.24,17.7,2.4,5G NSA,GT 7,T-Mobile,n41,84,40.9,39,0,128.34,4,True,Low,88.1,False,4,3,7,2024-07-11,6,1,4,3,1,0,1,0
2024-07-11 05:09:51.214423,Berlin,-106.5,353.48,97.7,6.5,1.13,5G NSA,Nord 4,T-Mobile,n78,14,32.4,19,2,148.29,1,True,Low,15.5,False,5,3,7,2024-07-11,0,1,4,4,1,2,1,0
2024-07-11 05:19:51.214420,Kolkata,-90.4,343.88,81.81,7.1,0.19,4G,Nord 4,BSNL,n78,76,37.3,11,2,115.98,4,True,Medium,57.8,False,5,3,7,2024-07-11,3,0,2,4,2,2,1,0
2024-07-11 05:29:51.214418,Mumbai,-68.0,255.31,99.74,16.7,4.03,5G NSA,iPhone 14,Vi,n28,28,22.8,35,2,134.56,2,False,Medium,70.1,False,5,3,7,2024-07-11,4,1,6,2,2,4,0,0
2024-07-11 05:39:51.214415,Chennai,-62.6,498.86,80.9,17.0,4.93,4G,Pixel 7,Vi,n78,22,40.6,36,2,60.91,1,True,Medium,92.8,False,5,3,7,2024-07-11,1,0,6,4,2,3,1,0
2024-07-11 05:49:51.214412,San Francisco,-88.3,830.3,91.14,5.7,4.19,5G SA,Pixel 7,T-Mobile,n78,63,27.0,24,4,217.46,1,False,High,98.9,True,5,3,7,2024-07-11,6,2,4,4,0,3,0,1
2024-07-11 05:59:51.214410,New York,-108.0,259.39,34.5,6.6,3.58,5G SA,Galaxy S23,Verizon,n260,82,44.6,13,1,80.09,5,True,High,48.0,True,5,3,7,2024-07-11,5,2,5,1,0,1,1,1
2024-07-11 06:09:51.214407,Mumbai,-103.4,991.66,96.69,15.4,4.6,5G SA,GT 7,Vi,n28,75,23.2,53,3,179.2,1,False,High,78.7,False,6,3,7,2024-07-11,4,2,6,2,0,0,0,0
2024-07-11 06:19:51.214405,Delhi,-109.6,889.78,133.11,2.9,3.61,4G,Nord 4,BSNL,n78,82,43.8,41,3,96.96,5,True,Medium,79.1,True,6,3,7,2024-07-11,2,0,2,4,2,2,1,1
2024-07-11 06:29:51.214399,Chennai,-66.5,237.42,96.45,4.9,0.77,5G NSA,Galaxy S23,Airtel,n28,45,44.1,56,3,63.4,5,False,High,57.2,True,6,3,7,2024-07-11,1,1,1,2,0,1,0,1
2024-07-11 06:39:51.214396,Kolkata,-81.9,907.95,64.46,19.6,0.55,4G,iPhone 14,Jio,n28,41,43.3,45,3,136.88,2,False,High,41.1,True,6,3,7,2024-07-11,3,0,3,2,0,4,0,1
2024-07-11 06:49:51.214393,Delhi,-95.7,365.88,126.65,4.5,4.66,4G,Nord 4,BSNL,n78,86,23.1,59,4,245.93,1,False,Low,80.5,True,6,3,7,2024-07-11,2,0,2,4,1,2,0,1
2024-07-11 06:59:51.214391,Kolkata,-87.3,380.56,62.15,2.2,3.23,5G NSA,GT 7,Airtel,n258,27,25.1,41,2,310.09,2,False,Low,46.1,True,6,3,7,2024-07-11,3,1,1,0,1,0,0,1
2024-07-11 07:09:51.214388,Delhi,-65.9,123.64,64.63,16.5,4.92,4G,Nord 4,Airtel,n258,21,24.6,27,1,231.64,5,False,Low,75.6,True,7,3,7,2024-07-11,2,0,1,0,1,2,0,1
2024-07-11 07:19:51.214386,Tokyo,-76.7,693.16,59.77,15.1,4.94,5G SA,Nord 4,Verizon,n78,34,34.5,37,3,465.38,1,False,Medium,81.6,False,7,3,7,2024-07-11,7,2,5,4,2,2,0,0
2024-07-11 07:29:51.214383,New York,-67.5,369.11,89.23,12.0,4.15,5G NSA,iPhone 14,AT&T,n260,22,38.2,17,0,153.87,5,True,Low,60.3,True,7,3,7,2024-07-11,5,1,0,1,1,4,1,1
2024-07-11 07:39:51.214380,San Francisco,-93.3,189.91,102.62,9.5,2.68,5G NSA,iPhone 14,AT&T,n78,74,30.5,24,1,401.59,2,True,High,93.6,True,7,3,7,2024-07-11,6,1,0,4,0,4,1,1
2024-07-11 07:49:51.214378,Mumbai,-86.3,919.48,74.84,12.2,0.53,5G SA,iPhone 14,Vi,n258,51,32.1,29,4,419.19,3,True,Medium,41.2,True,7,3,7,2024-07-11,4,2,6,0,2,4,1,1
2024-07-11 07:59:51.214375,New York,-80.0,182.47,58.86,1.1,2.96,5G NSA,Nord 4,Verizon,n260,83,22.5,48,3,185.93,5,True,Low,73.4,True,7,3,7,2024-07-11,5,1,5,1,1,2,1,1
2024-07-11 08:09:51.214372,Kolkata,-88.1,820.44,98.54,10.7,4.91,5G NSA,GT 7,BSNL,n258,70,42.2,26,1,463.41,5,False,Medium,22.9,True,8,3,7,2024-07-11,3,1,2,0,2,0,0,1
2024-07-11 08:19:51.214370,San Francisco,-95.8,614.23,57.13,12.1,2.27,5G SA,Pixel 7,Verizon,n260,35,37.8,5,2,344.7,2,True,Low,37.7,False,8,3,7,2024-07-11,6,2,5,1,1,3,1,0
2024-07-11 08:29:51.214367,Delhi,-71.2,302.49,25.0,16.3,1.49,4G,Galaxy S23,Airtel,n258,76,22.6,58,3,436.35,5,False,High,70.5,True,8,3,7,2024-07-11,2,0,1,0,0,1,0,1
2024-07-11 08:39:51.214365,San Francisco,-80.0,442.89,127.86,15.1,2.62,4G,GT 7,AT&T,n78,80,41.3,28,3,398.91,4,False,Medium,26.5,False,8,3,7,2024-07-11,6,0,0,4,2,0,0,0
2024-07-11 08:49:51.214362,New York,-96.0,348.12,105.69,19.1,0.94,4G,Pixel 7,AT&T,n78,17,30.6,40,1,22.18,2,True,High,15.6,True,8,3,7,2024-07-11,5,0,0,4,0,3,1,1
2024-07-11 08:59:51.214360,Tokyo,-93.7,410.08,65.9,17.0,4.34,5G NSA,iPhone 14,T-Mobile,n260,23,32.8,14,4,395.1,1,False,Medium,56.7,True,8,3,7,2024-07-11,7,1,4,1,2,4,0,1
2024-07-11 09:09:51.214357,Mumbai,-96.3,245.58,30.85,16.0,4.37,4G,GT 7,BSNL,n28,65,26.9,58,3,366.76,5,True,Low,52.7,False,9,3,7,2024-07-11,4,0,2,2,1,0,1,0
2024-07-11 09:19:51.214355,Berlin,-94.9,641.39,67.57,6.4,2.18,4G,Nord 4,AT&T,n41,89,30.8,6,4,300.65,2,True,Low,79.8,False,9,3,7,2024-07-11,0,0,0,3,1,2,1,0
2024-07-11 09:29:51.214352,Chennai,-69.8,872.85,89.73,12.6,0.31,4G,GT 7,Vi,n28,87,44.7,35,4,308.91,4,True,Low,44.7,True,9,3,7,2024-07-11,1,0,6,2,1,0,1,1
2024-07-11 09:39:51.214349,Berlin,-100.8,163.94,57.18,13.1,2.5,5G SA,Galaxy S23,Verizon,n260,56,41.4,30,0,454.63,1,False,High,76.3,False,9,3,7,2024-07-11,0,2,5,1,0,1,0,0
2024-07-11 09:49:51.214347,Mumbai,-98.7,370.91,62.04,16.9,4.64,5G NSA,iPhone 14,Airtel,n258,32,23.9,47,4,471.39,3,False,Medium,40.9,True,9,3,7,2024-07-11,4,1,1,0,2,4,0,1
2024-07-11 09:59:51.214344,Tokyo,-91.7,633.25,146.85,10.4,2.89,5G NSA,Galaxy S23,AT&T,n41,29,33.0,54,2,358.47,3,False,Medium,51.4,True,9,3,7,2024-07-11,7,1,0,3,2,1,0,1
2024-07-11 10:09:51.214341,New York,-99.4,490.63,113.0,9.7,1.07,5G NSA,Nord 4,T-Mobile,n260,88,31.8,14,1,474.15,2,True,Medium,14.2,False,10,3,7,2024-07-11,5,1,4,1,2,2,1,0
2024-07-11 10:19:51.214339,Tokyo,-68.2,260.48,99.03,2.6,4.73,5G SA,GT 7,AT&T,n260,63,29.9,24,2,278.43,3,False,Medium,46.7,False,10,3,7,2024-07-11,7,2,0,1,2,0,0,0
2024-07-11 10:29:51.214336,Mumbai,-106.0,181.13,116.58,2.5,2.23,5G SA,iPhone 14,Jio,n258,64,30.0,28,4,185.68,2,True,Low,69.3,True,10,3,7,2024-07-11,4,2,3,0,1,4,1,1
2024-07-11 10:39:51.214334,Chennai,-61.4,603.59,67.5,10.8,2.31,5G SA,Galaxy S23,Vi,n78,36,33.5,47,3,97.18,2,False,Medium,10.1,False,10,3,7,2024-07-11,1,2,6,4,2,1,0,0
2024-07-11 10:49:51.214331,Kolkata,-70.8,795.29,143.58,11.5,3.01,4G,Nord 4,Vi,n28,60,28.0,28,1,65.76,3,False,Low,29.0,True,10,3,7,2024-07-11,3,0,6,2,1,2,0,1
2024-07-11 10:59:51.214328,Mumbai,-61.1,162.11,139.0,12.7,2.11,5G NSA,Galaxy S23,Vi,n28,29,33.0,44,3,284.71,1,True,High,91.9,True,10,3,7,2024-07-11,4,1,6,2,0,1,1,1
2024-07-11 11:09:51.214326,Mumbai,-89.7,749.09,41.83,3.0,0.3,5G NSA,Nord 4,BSNL,n258,80,41.0,18,0,18.13,5,True,High,36.4,True,11,3,7,2024-07-11,4,1,2,0,0,2,1,1
2024-07-11 11:19:51.214323,Chennai,-63.8,653.58,140.4,12.4,4.93,4G,Galaxy S23,Jio,n28,14,36.6,5,1,192.61,1,False,Low,96.1,True,11,3,7,2024-07-11,1,0,3,2,1,1,0,1
2024-07-11 11:29:51.214321,Mumbai,-64.5,182.07,131.54,5.3,2.92,5G SA,iPhone 14,BSNL,n28,73,24.3,45,1,244.24,3,False,High,29.3,True,11,3,7,2024-07-11,4,2,2,2,0,4,0,1
2024-07-11 11:39:51.214318,Delhi,-102.6,519.28,79.84,13.2,4.24,5G NSA,Galaxy S23,Jio,n28,59,27.5,13,3,413.08,3,True,Low,84.7,False,11,3,7,2024-07-11,2,1,3,2,1,1,1,0
2024-07-11 11:49:51.214315,San Francisco,-69.5,977.06,90.02,12.4,4.12,5G NSA,Pixel 7,AT&T,n78,94,41.3,55,4,34.4,4,False,Low,57.4,True,11,3,7,2024-07-11,6,1,0,4,1,3,0,1
2024-07-11 11:59:51.214313,Mumbai,-91.7,485.15,72.55,6.9,3.84,5G SA,iPhone 14,BSNL,n28,42,39.6,27,1,319.75,5,False,High,10.9,True,11,3,7,2024-07-11,4,2,2,2,0,4,0,1
2024-07-11 12:09:51.214310,Delhi,-104.9,100.86,66.15,1.1,1.71,4G,Pixel 7,BSNL,n258,92,43.9,31,2,42.22,5,True,Low,67.7,False,12,3,7,2024-07-11,2,0,2,0,1,3,1,0
2024-07-11 12:19:51.214308,New York,-81.3,889.92,114.43,7.0,3.77,5G NSA,Galaxy S23,Verizon,n78,30,37.5,32,1,357.17,3,False,High,96.9,False,12,3,7,2024-07-11,5,1,5,4,0,1,0,0
2024-07-11 12:29:51.214305,Delhi,-108.8,545.35,55.5,4.6,4.36,5G SA,Galaxy S23,Airtel,n78,38,30.3,21,1,398.15,1,False,High,91.7,True,12,3,7,2024-07-11,2,2,1,4,0,1,0,1
2024-07-11 12:39:51.214302,Delhi,-102.9,108.58,77.39,17.3,0.18,4G,Nord 4,Airtel,n258,31,37.5,55,2,451.09,5,True,Low,75.3,True,12,3,7,2024-07-11,2,0,1,0,1,2,1,1
2024-07-11 12:49:51.214300,Mumbai,-102.6,606.67,44.28,5.6,4.03,5G SA,Pixel 7,Vi,n28,43,27.7,34,3,414.89,5,True,High,70.6,True,12,3,7,2024-07-11,4,2,6,2,0,3,1,1
2024-07-11 12:59:51.214297,New York,-93.0,210.89,22.46,19.2,2.59,5G SA,Pixel 7,AT&T,n41,84,32.9,21,3,52.74,5,False,Medium,56.1,False,12,3,7,2024-07-11,5,2,0,3,2,3,0,0
2024-07-11 13:09:51.214295,Delhi,-79.7,620.88,131.0,19.7,2.68,5G SA,GT 7,BSNL,n258,90,37.7,20,4,446.84,5,False,Medium,62.1,False,13,3,7,2024-07-11,2,2,2,0,2,0,0,0
2024-07-11 13:19:51.214292,Tokyo,-84.7,430.23,139.0,16.8,2.92,5G SA,Galaxy S23,AT&T,n260,35,24.0,46,1,84.65,5,False,Low,82.0,False,13,3,7,2024-07-11,7,2,0,1,1,1,0,0
2024-07-11 13:29:51.214289,San Francisco,-75.6,283.04,145.71,9.6,2.97,5G SA,Pixel 7,T-Mobile,n78,67,42.3,19,4,332.97,4,False,Low,68.1,False,13,3,7,2024-07-11,6,2,4,4,1,3,0,0
2024-07-11 13:39:51.214287,Tokyo,-62.2,930.96,112.62,9.0,2.93,4G,Galaxy S23,T-Mobile,n78,64,39.9,19,2,92.87,5,True,Medium,93.9,True,13,3,7,2024-07-11,7,0,4,4,2,1,1,1
2024-07-11 13:49:51.214284,Chennai,-78.8,627.93,26.14,16.4,4.17,4G,Nord 4,Jio,n258,52,38.7,54,0,234.38,4,True,Medium,92.8,False,13,3,7,2024-07-11,1,0,3,0,2,2,1,0
2024-07-11 13:59:51.214282,Berlin,-64.1,264.95,138.23,18.3,1.36,5G SA,Nord 4,Verizon,n41,68,28.2,10,2,408.78,2,False,Medium,67.5,True,13,3,7,2024-07-11,0,2,5,3,2,2,0,1
2024-07-11 14:09:51.214279,Berlin,-91.7,619.42,23.57,8.8,1.74,5G SA,GT 7,Verizon,n260,97,39.8,50,0,230.97,3,False,Low,91.5,True,14,3,7,2024-07-11,0,2,5,1,1,0,0,1
2024-07-11 14:19:51.214276,Berlin,-89.8,942.57,126.64,11.3,0.22,5G NSA,Pixel 7,T-Mobile,n260,35,37.7,45,4,184.62,3,False,High,29.0,True,14,3,7,2024-07-11,0,1,4,1,0,3,0,1
2024-07-11 14:29:51.214274,Delhi,-70.0,952.12,79.44,12.3,4.01,4G,Galaxy S23,Jio,n78,61,27.2,39,2,181.39,2,False,Low,75.6,True,14,3,7,2024-07-11,2,0,3,4,1,1,0,1
2024-07-11 14:39:51.214271,Delhi,-87.5,912.4,53.35,17.8,2.78,5G SA,iPhone 14,Airtel,n258,87,41.5,58,3,344.6,4,False,High,76.5,False,14,3,7,2024-07-11,2,2,1,0,0,4,0,0
2024-07-11 14:49:51.214269,Mumbai,-88.2,279.14,49.28,18.1,2.03,5G SA,Pixel 7,Vi,n78,44,28.5,50,1,462.49,5,False,Low,33.2,True,14,3,7,2024-07-11,4,2,6,4,1,3,0,1
2024-07-11 14:59:51.214266,Tokyo,-86.3,958.53,139.84,7.8,4.08,5G NSA,Galaxy S23,Verizon,n260,25,32.0,19,1,358.4,3,True,Low,90.4,True,14,3,7,2024-07-11,7,1,5,1,1,1,1,1
2024-07-11 15:09:51.214263,Mumbai,-89.3,740.51,139.1,19.5,4.7,5G NSA,Nord 4,Vi,n258,85,33.5,22,4,319.86,2,True,High,66.7,True,15,3,7,2024-07-11,4,1,6,0,0,2,1,1
2024-07-11 15:19:51.214261,San Francisco,-69.9,378.81,77.18,14.6,0.69,4G,iPhone 14,AT&T,n41,12,37.7,31,4,235.27,2,False,High,82.1,True,15,3,7,2024-07-11,6,0,0,3,0,4,0,1
2024-07-11 15:29:51.214258,New York,-79.3,922.81,86.85,12.7,4.3,5G NSA,iPhone 14,T-Mobile,n78,89,41.3,51,0,324.55,2,True,Low,15.1,True,15,3,7,2024-07-11,5,1,4,4,1,4,1,1
2024-07-11 15:39:51.214256,San Francisco,-62.0,508.22,39.45,1.8,4.59,5G SA,GT 7,T-Mobile,n78,98,34.7,59,2,14.53,2,False,High,80.9,False,15,3,7,2024-07-11,6,2,4,4,0,0,0,0
2024-07-11 15:49:51.214253,Mumbai,-96.8,583.72,46.5,8.4,4.98,4G,Pixel 7,Airtel,n78,52,32.6,21,4,462.57,1,False,Medium,96.6,False,15,3,7,2024-07-11,4,0,1,4,2,3,0,0
2024-07-11 15:59:51.214250,New York,-74.9,810.04,37.32,9.1,4.22,4G,iPhone 14,Verizon,n41,68,26.0,18,0,335.72,5,True,High,86.7,False,15,3,7,2024-07-11,5,0,5,3,0,4,1,0
2024-07-11 16:09:51.214248,Delhi,-85.3,240.38,37.16,2.6,1.41,5G NSA,iPhone 14,BSNL,n78,18,36.1,39,3,469.11,2,False,High,29.8,False,16,3,7,2024-07-11,2,1,2,4,0,4,0,0
2024-07-11 16:19:51.214245,Delhi,-101.4,718.59,51.3,10.2,2.43,5G NSA,Nord 4,Vi,n78,16,32.2,14,2,151.71,1,True,Medium,34.1,True,16,3,7,2024-07-11,2,1,6,4,2,2,1,1
2024-07-11 16:29:51.214242,Mumbai,-79.2,585.44,22.8,1.8,3.53,4G,Nord 4,Airtel,n78,63,23.8,17,3,468.44,3,True,Low,43.4,False,16,3,7,2024-07-11,4,0,1,4,1,2,1,0
2024-07-11 16:39:51.214240,Mumbai,-65.6,296.31,80.04,7.2,0.86,4G,iPhone 14,Jio,n258,36,38.5,10,0,422.87,5,False,High,86.9,False,16,3,7,2024-07-11,4,0,3,0,0,4,0,0
2024-07-11 16:49:51.214237,New York,-107.0,440.12,101.53,17.1,4.33,4G,Pixel 7,AT&T,n260,30,25.3,22,1,175.21,1,False,High,51.2,True,16,3,7,2024-07-11,5,0,0,1,0,3,0,1
2024-07-11 16:59:51.214235,Chennai,-85.2,432.24,145.73,2.9,4.87,4G,Galaxy S23,Vi,n258,33,22.2,49,1,69.7,3,True,Medium,55.7,False,16,3,7,2024-07-11,1,0,6,0,2,1,1,0
2024-07-11 17:09:51.214232,San Francisco,-65.6,794.06,109.73,18.1,2.27,5G SA,Nord 4,Verizon,n41,80,40.3,7,2,281.89,1,True,High,29.0,False,17,3,7,2024-07-11,6,2,5,3,0,2,1,0
2024-07-11 17:19:51.214229,Tokyo,-72.3,850.12,61.06,12.1,1.86,5G NSA,Nord 4,Verizon,n260,47,20.1,50,0,275.6,2,False,Medium,24.3,False,17,3,7,2024-07-11,7,1,5,1,2,2,0,0
2024-07-11 17:29:51.214227,San Francisco,-95.3,597.33,105.97,14.9,4.55,5G SA,Pixel 7,AT&T,n41,83,26.6,50,3,315.32,2,False,High,97.1,False,17,3,7,2024-07-11,6,2,0,3,0,3,0,0
2024-07-11 17:39:51.214210,Tokyo,-67.0,784.93,59.84,12.6,1.96,5G SA,Nord 4,AT&T,n41,24,31.1,54,4,164.34,1,True,Low,61.7,True,17,3,7,2024-07-11,7,2,0,3,1,2,1,1
2024-07-11 17:49:51.214207,New York,-82.0,792.07,147.41,10.0,1.75,5G SA,Galaxy S23,T-Mobile,n260,28,22.4,55,3,306.42,3,False,Medium,22.6,True,17,3,7,2024-07-11,5,2,4,1,2,1,0,1
2024-07-11 17:59:51.214205,Chennai,-98.6,527.18,80.37,13.8,1.6,5G NSA,Nord 4,Vi,n28,62,25.7,41,0,268.49,3,True,Medium,77.7,False,17,3,7,2024-07-11,1,1,6,2,2,2,1,0
2024-07-11 18:09:51.214202,Tokyo,-96.9,812.33,98.88,1.7,3.74,5G NSA,iPhone 14,Verizon,n260,49,43.3,20,1,408.01,2,True,High,89.6,True,18,3,7,2024-07-11,7,1,5,1,0,4,1,1
2024-07-11 18:19:51.214200,Chennai,-62.7,464.97,115.86,13.6,1.3,4G,iPhone 14,Vi,n28,24,31.6,12,0,111.25,4,False,High,23.4,False,18,3,7,2024-07-11,1,0,6,2,0,4,0,0
2024-07-11 18:29:51.214197,Delhi,-81.5,868.13,26.74,1.2,1.19,5G SA,GT 7,Vi,n28,65,37.3,36,4,451.38,4,True,High,94.6,True,18,3,7,2024-07-11,2,2,6,2,0,0,1,1
2024-07-11 18:39:51.214194,San Francisco,-67.3,882.86,142.66,19.3,0.87,4G,Galaxy S23,AT&T,n260,21,41.5,32,0,168.52,2,True,Low,81.4,True,18,3,7,2024-07-11,6,0,0,1,1,1,1,1
2024-07-11 18:49:51.214192,Berlin,-75.7,338.42,121.3,18.1,2.16,5G SA,GT 7,AT&T,n260,89,24.3,1,4,124.92,4,True,Medium,46.3,True,18,3,7,2024-07-11,0,2,0,1,2,0,1,1
2024-07-11 18:59:51.214189,New York,-75.5,293.96,123.76,6.4,0.52,4G,iPhone 14,T-Mobile,n260,44,44.2,40,4,58.71,1,True,Low,42.5,True,18,3,7,2024-07-11,5,0,4,1,1,4,1,1
2024-07-11 19:09:51.214187,Berlin,-93.2,346.98,36.01,4.2,3.21,5G SA,iPhone 14,AT&T,n41,43,34.5,31,1,42.05,2,True,High,95.4,False,19,3,7,2024-07-11,0,2,0,3,0,4,1,0
2024-07-11 19:19:51.214184,Mumbai,-97.8,626.41,144.82,13.1,3.77,4G,Nord 4,Vi,n78,42,25.1,12,4,107.8,2,True,Low,40.9,False,19,3,7,2024-07-11,4,0,6,4,1,2,1,0
2024-07-11 19:29:51.214181,New York,-91.9,357.68,73.23,10.7,0.42,5G SA,Galaxy S23,Verizon,n41,66,30.7,36,1,466.32,1,True,High,79.4,True,19,3,7,2024-07-11,5,2,5,3,0,1,1,1
2024-07-11 19:39:51.214179,Berlin,-89.4,872.53,31.18,15.5,3.31,5G SA,Pixel 7,T-Mobile,n78,13,36.5,18,2,17.25,2,True,Low,11.9,False,19,3,7,2024-07-11,0,2,4,4,1,3,1,0
2024-07-11 19:49:51.214176,Mumbai,-66.2,255.67,78.0,18.8,0.3,4G,iPhone 14,Jio,n78,80,31.7,45,3,91.83,5,True,High,84.3,True,19,3,7,2024-07-11,4,0,3,4,0,4,1,1
2024-07-11 19:59:51.214174,Chennai,-78.5,106.59,132.87,15.0,3.58,4G,Pixel 7,BSNL,n78,87,38.2,28,4,414.34,1,True,High,68.4,False,19,3,7,2024-07-11,1,0,2,4,0,3,1,0
2024-07-11 20:09:51.214171,Kolkata,-68.2,296.69,26.8,13.8,2.59,5G SA,Pixel 7,Jio,n28,95,42.4,3,2,414.27,3,False,High,25.1,False,20,3,7,2024-07-11,3,2,3,2,0,3,0,0
2024-07-11 20:19:51.214168,Chennai,-72.0,404.34,100.84,19.2,4.1,5G NSA,Galaxy S23,Jio,n258,12,41.4,34,1,441.52,2,True,Low,30.0,True,20,3,7,2024-07-11,1,1,3,0,1,1,1,1
2024-07-11 20:29:51.214166,Kolkata,-64.2,371.29,49.97,14.7,3.31,4G,Pixel 7,Vi,n78,86,20.6,50,0,132.11,4,True,High,20.8,True,20,3,7,2024-07-11,3,0,6,4,0,3,1,1
2024-07-11 20:39:51.214163,Mumbai,-61.3,221.37,114.43,10.1,3.79,4G,GT 7,BSNL,n258,44,41.1,52,2,262.59,1,True,Medium,22.2,True,20,3,7,2024-07-11,4,0,2,0,2,0,1,1
2024-07-11 20:49:51.214158,Berlin,-102.1,787.37,49.8,9.2,4.28,4G,GT 7,AT&T,n260,98,38.8,44,1,229.13,5,False,High,98.6,False,20,3,7,2024-07-11,0,0,0,1,0,0,0,0
2024-07-11 20:59:51.214155,Delhi,-71.2,110.47,102.37,3.3,1.41,5G SA,GT 7,Airtel,n28,54,35.6,42,0,71.9,4,False,Low,32.1,False,20,3,7,2024-07-11,2,2,1,2,1,0,0,0
2024-07-11 21:09:51.214152,San Francisco,-66.3,863.84,140.2,12.5,2.24,5G NSA,Galaxy S23,Verizon,n260,83,40.7,40,3,169.67,5,False,High,47.9,True,21,3,7,2024-07-11,6,1,5,1,0,1,0,1
2024-07-11 21:19:51.214150,Mumbai,-75.5,182.25,101.14,17.7,4.24,4G,GT 7,Airtel,n258,47,20.8,25,4,234.86,3,False,Low,64.4,False,21,3,7,2024-07-11,4,0,1,0,1,0,0,0
2024-07-11 21:29:51.214147,Chennai,-75.2,825.23,35.83,5.9,1.75,4G,GT 7,BSNL,n78,65,38.6,58,3,331.84,2,True,High,50.1,False,21,3,7,2024-07-11,1,0,2,4,0,0,1,0
2024-07-11 21:39:51.214145,Berlin,-91.4,338.98,24.88,3.3,4.53,5G SA,GT 7,Verizon,n260,82,22.2,8,1,470.47,4,False,Medium,38.2,False,21,3,7,2024-07-11,0,2,5,1,2,0,0,0
2024-07-11 21:49:51.214142,New York,-89.5,229.38,70.19,5.3,0.26,5G NSA,Galaxy S23,AT&T,n260,93,25.8,25,2,350.44,5,True,Low,39.2,False,21,3,7,2024-07-11,5,1,0,1,1,1,1,0
2024-07-11 21:59:51.214139,Berlin,-70.9,507.12,129.06,3.5,4.1,4G,Pixel 7,AT&T,n78,26,40.3,58,3,264.46,4,False,High,29.8,False,21,3,7,2024-07-11,0,0,0,4,0,3,0,0
2024-07-11 22:09:51.214137,San Francisco,-93.6,838.3,29.18,1.2,4.32,5G SA,Nord 4,T-Mobile,n78,59,37.7,17,1,481.84,5,True,High,17.7,True,22,3,7,2024-07-11,6,2,4,4,0,2,1,1
2024-07-11 22:19:51.214134,Tokyo,-79.8,308.16,122.06,3.2,3.97,5G SA,iPhone 14,Verizon,n78,80,23.2,20,2,461.48,3,True,Medium,36.8,True,22,3,7,2024-07-11,7,2,5,4,2,4,1,1
2024-07-11 22:29:51.214132,Berlin,-91.3,456.39,69.44,6.0,0.17,5G SA,GT 7,T-Mobile,n41,90,36.2,20,3,362.99,1,True,High,48.0,False,22,3,7,2024-07-11,0,2,4,3,0,0,1,0
2024-07-11 22:39:51.214129,New York,-109.5,337.6,78.71,17.4,2.77,4G,Pixel 7,Verizon,n78,29,23.5,9,4,131.9,3,False,Medium,76.5,True,22,3,7,2024-07-11,5,0,5,4,2,3,0,1
2024-07-11 22:49:51.214126,Tokyo,-101.8,765.18,63.24,16.8,2.01,5G NSA,GT 7,T-Mobile,n41,61,33.6,57,2,431.11,3,False,Low,90.0,False,22,3,7,2024-07-11,7,1,4,3,1,0,0,0
2024-07-11 22:59:51.214124,Chennai,-97.7,403.97,40.8,1.5,2.9,5G NSA,iPhone 14,BSNL,n258,26,43.3,26,0,472.32,1,True,High,40.7,True,22,3,7,2024-07-11,1,1,2,0,0,4,1,1
2024-07-11 23:09:51.214121,New York,-66.5,295.95,93.4,4.9,0.62,4G,GT 7,T-Mobile,n260,83,43.9,47,4,389.76,4,False,Low,77.3,True,23,3,7,2024-07-11,5,0,4,1,1,0,0,1
2024-07-11 23:19:51.214119,Delhi,-62.4,664.58,46.86,18.4,3.59,5G SA,iPhone 14,Vi,n258,57,32.8,44,4,308.64,5,True,Medium,30.8,True,23,3,7,2024-07-11,2,2,6,0,2,4,1,1
2024-07-11 23:29:51.214116,San Francisco,-108.4,969.28,60.64,18.5,1.9,4G,Pixel 7,T-Mobile,n260,45,23.2,30,0,303.15,3,False,High,12.5,True,23,3,7,2024-07-11,6,0,4,1,0,3,0,1
2024-07-11 23:39:51.214113,San Francisco,-84.7,281.8,125.02,18.9,1.6,5G SA,Galaxy S23,Verizon,n260,93,39.1,43,0,52.82,4,True,Low,90.1,False,23,3,7,2024-07-11,6,2,5,1,1,1,1,0
2024-07-11 23:49:51.214111,Mumbai,-70.5,966.6,103.9,16.0,4.07,5G SA,Pixel 7,Jio,n28,16,31.1,25,3,235.56,5,False,Medium,50.5,True,23,3,7,2024-07-11,4,2,3,2,2,3,0,1
2024-07-11 23:59:51.214108,Tokyo,-74.6,952.25,81.45,2.3,3.98,4G,GT 7,T-Mobile,n41,66,43.8,36,0,282.05,5,True,Medium,13.1,False,23,3,7,2024-07-11,7,0,4,3,2,0,1,0
2024-07-12 00:09:51.214105,Tokyo,-76.1,651.89,123.94,2.2,2.44,4G,Nord 4,AT&T,n260,29,22.8,4,4,255.83,1,True,High,38.0,True,0,4,7,2024-07-12,7,0,0,1,0,2,1,1
2024-07-12 00:19:51.214103,San Francisco,-65.1,323.17,93.49,16.4,1.46,5G NSA,iPhone 14,AT&T,n78,68,25.9,53,1,272.28,5,False,Low,80.1,True,0,4,7,2024-07-12,6,1,0,4,1,4,0,1
2024-07-12 00:29:51.214100,Mumbai,-88.2,255.59,127.73,1.2,1.47,4G,Pixel 7,Jio,n78,97,29.0,24,3,423.45,4,False,High,73.7,False,0,4,7,2024-07-12,4,0,3,4,0,3,0,0
2024-07-12 00:39:51.214098,Mumbai,-70.7,776.01,79.09,11.4,3.28,5G SA,Pixel 7,Vi,n78,72,43.6,44,1,261.35,2,True,Medium,88.3,True,0,4,7,2024-07-12,4,2,6,4,2,3,1,1
2024-07-12 00:49:51.214095,Kolkata,-62.5,641.93,125.01,11.1,0.65,4G,Galaxy S23,Airtel,n28,18,29.6,55,3,10.04,5,False,Low,79.4,False,0,4,7,2024-07-12,3,0,1,2,1,1,0,0
2024-07-12 00:59:51.214092,San Francisco,-105.7,947.33,32.85,12.5,2.56,4G,Pixel 7,T-Mobile,n78,18,24.8,11,4,152.47,4,True,Medium,20.4,True,0,4,7,2024-07-12,6,0,4,4,2,3,1,1
2024-07-12 01:09:51.214090,Delhi,-94.2,567.09,113.68,19.7,3.64,5G NSA,Galaxy S23,BSNL,n258,12,21.2,26,1,479.35,4,True,High,65.2,False,1,4,7,2024-07-12,2,1,2,0,0,1,1,0
2024-07-12 01:19:51.214087,Kolkata,-106.3,687.31,122.1,17.6,0.83,5G SA,Nord 4,Vi,n28,36,32.7,31,3,116.01,2,False,Medium,24.3,True,1,4,7,2024-07-12,3,2,6,2,2,2,0,1
2024-07-12 01:29:51.214085,Tokyo,-64.1,138.52,90.35,3.2,4.59,5G SA,iPhone 14,AT&T,n78,65,41.0,19,1,258.02,1,False,Medium,38.1,True,1,4,7,2024-07-12,7,2,0,4,2,4,0,1
2024-07-12 01:39:51.214082,Berlin,-70.2,383.7,35.3,9.4,4.12,4G,iPhone 14,Verizon,n41,32,21.8,46,3,221.16,3,True,High,15.8,False,1,4,7,2024-07-12,0,0,5,3,0,4,1,0
2024-07-12 01:49:51.214079,Delhi,-85.4,813.86,95.38,9.7,0.63,4G,Pixel 7,Airtel,n28,71,42.5,4,2,148.31,4,True,Medium,65.5,False,1,4,7,2024-07-12,2,0,1,2,2,3,1,0
2024-07-12 01:59:51.214077,Mumbai,-67.6,495.17,28.66,7.7,1.76,4G,Galaxy S23,BSNL,n78,83,38.0,59,4,493.72,1,True,High,53.7,True,1,4,7,2024-07-12,4,0,2,4,0,1,1,1
2024-07-12 02:09:51.214074,San Francisco,-63.8,370.2,24.78,5.1,3.68,5G NSA,Nord 4,AT&T,n41,36,22.2,35,0,116.8,2,True,Low,69.7,True,2,4,7,2024-07-12,6,1,0,3,1,2,1,1
2024-07-12 02:19:51.214072,Delhi,-64.5,753.58,23.79,18.4,2.72,5G NSA,Nord 4,BSNL,n28,78,44.8,32,0,404.53,1,False,High,13.6,False,2,4,7,2024-07-12,2,1,2,2,0,2,0,0
2024-07-12 02:29:51.214069,Berlin,-64.9,822.61,27.62,19.6,0.47,5G SA,Galaxy S23,Verizon,n78,36,28.4,8,2,41.97,1,True,High,71.5,False,2,4,7,2024-07-12,0,2,5,4,0,1,1,0
2024-07-12 02:39:51.214067,Berlin,-62.7,495.96,105.48,17.2,1.59,5G NSA,Galaxy S23,T-Mobile,n41,43,36.4,21,2,172.85,2,True,Medium,64.0,True,2,4,7,2024-07-12,0,1,4,3,2,1,1,1
2024-07-12 02:49:51.214064,Chennai,-107.1,424.78,146.41,4.5,3.52,5G SA,Nord 4,Airtel,n78,44,25.1,38,0,359.93,3,True,High,32.2,False,2,4,7,2024-07-12,1,2,1,4,0,2,1,0
2024-07-12 02:59:51.214061,San Francisco,-67.4,218.17,146.94,3.2,1.82,4G,Nord 4,Verizon,n260,71,44.2,46,3,362.97,4,False,Low,58.9,True,2,4,7,2024-07-12,6,0,5,1,1,2,0,1
2024-07-12 03:09:51.214059,San Francisco,-61.7,648.96,130.45,18.2,2.09,4G,Nord 4,Verizon,n78,39,35.5,25,1,13.54,4,True,Low,13.8,False,3,4,7,2024-07-12,6,0,5,4,1,2,1,0
2024-07-12 03:19:51.214056,Kolkata,-90.2,534.11,92.83,15.3,3.75,5G NSA,Galaxy S23,Vi,n78,40,33.3,25,4,234.33,4,True,Low,52.7,True,3,4,7,2024-07-12,3,1,6,4,1,1,1,1
2024-07-12 03:29:51.214054,Kolkata,-77.6,690.03,97.48,2.7,1.44,5G NSA,Galaxy S23,Airtel,n258,54,42.9,53,2,59.04,4,True,Medium,63.4,True,3,4,7,2024-07-12,3,1,1,0,2,1,1,1
2024-07-12 03:39:51.214051,Chennai,-88.7,600.36,95.71,14.9,3.48,5G SA,iPhone 14,Vi,n28,71,36.4,59,2,342.84,3,True,High,69.4,False,3,4,7,2024-07-12,1,2,6,2,0,4,1,0
2024-07-12 03:49:51.214049,Tokyo,-89.8,358.0,99.81,13.1,2.6,5G SA,iPhone 14,T-Mobile,n78,62,36.1,45,0,455.89,1,True,High,70.0,True,3,4,7,2024-07-12,7,2,4,4,0,4,1,1
2024-07-12 03:59:51.214046,New York,-99.7,263.98,93.53,5.6,1.38,5G NSA,GT 7,AT&T,n260,20,35.2,23,4,283.41,4,True,Medium,82.3,False,3,4,7,2024-07-12,5,1,0,1,2,0,1,0
2024-07-12 04:09:51.214043,Tokyo,-72.4,316.85,29.54,10.3,0.87,4G,Galaxy S23,Verizon,n41,86,40.8,20,4,465.38,5,True,Low,73.1,False,4,4,7,2024-07-12,7,0,5,3,1,1,1,0
2024-07-12 04:19:51.214041,Tokyo,-95.0,191.59,91.49,19.5,3.99,5G NSA,GT 7,T-Mobile,n78,34,43.8,22,1,105.32,5,True,Low,56.7,True,4,4,7,2024-07-12,7,1,4,4,1,0,1,1
2024-07-12 04:29:51.214038,Berlin,-104.5,731.79,69.49,16.9,2.41,5G NSA,GT 7,Verizon,n260,92,31.4,38,0,354.76,2,True,High,39.6,False,4,4,7,2024-07-12,0,1,5,1,0,0,1,0
2024-07-12 04:39:51.214036,Chennai,-70.3,924.88,82.34,10.2,4.85,4G,Galaxy S23,Vi,n258,90,26.9,55,1,387.36,5,False,Low,39.3,True,4,4,7,2024-07-12,1,0,6,0,1,1,0,1
2024-07-12 04:49:51.214033,New York,-105.7,387.61,30.94,9.9,4.76,5G NSA,iPhone 14,Verizon,n78,38,24.4,36,4,265.46,5,True,Low,58.3,False,4,4,7,2024-07-12,5,1,5,4,1,4,1,0
2024-07-12 04:59:51.214030,Berlin,-66.2,509.75,116.12,8.7,3.95,5G SA,Nord 4,T-Mobile,n78,99,36.5,43,3,479.74,3,False,Low,25.7,True,4,4,7,2024-07-12,0,2,4,4,1,2,0,1
2024-07-12 05:09:51.214028,Tokyo,-99.7,494.17,113.74,12.0,3.53,5G SA,iPhone 14,Verizon,n78,47,28.4,13,2,126.27,4,True,High,96.3,True,5,4,7,2024-07-12,7,2,5,4,0,4,1,1
2024-07-12 05:19:51.214025,Kolkata,-107.9,928.44,97.86,15.8,4.91,4G,GT 7,Airtel,n258,39,20.8,17,2,285.99,3,True,High,84.1,True,5,4,7,2024-07-12,3,0,1,0,0,0,1,1
2024-07-12 05:29:51.214023,New York,-61.5,887.89,85.6,17.5,2.03,5G NSA,Pixel 7,Verizon,n78,53,29.1,42,0,374.34,2,True,High,77.8,True,5,4,7,2024-07-12,5,1,5,4,0,3,1,1
2024-07-12 05:39:51.214020,San Francisco,-93.5,543.69,145.48,16.0,3.43,5G SA,Nord 4,T-Mobile,n41,74,26.4,49,4,261.21,1,False,Low,38.8,True,5,4,7,2024-07-12,6,2,4,3,1,2,0,1
2024-07-12 05:49:51.214017,Tokyo,-71.9,678.98,31.96,13.7,3.9,5G SA,iPhone 14,T-Mobile,n260,73,34.4,11,4,107.94,1,False,Medium,35.8,False,5,4,7,2024-07-12,7,2,4,1,2,4,0,0
2024-07-12 05:59:51.214015,Mumbai,-67.0,243.28,54.06,19.7,1.4,5G SA,Pixel 7,BSNL,n78,18,27.1,56,1,144.44,4,True,Low,94.7,False,5,4,7,2024-07-12,4,2,2,4,1,3,1,0
2024-07-12 06:09:51.214012,New York,-93.4,331.12,29.46,7.3,1.65,5G SA,GT 7,T-Mobile,n260,72,29.9,39,1,481.96,5,True,High,29.8,False,6,4,7,2024-07-12,5,2,4,1,0,0,1,0
2024-07-12 06:19:51.214010,Mumbai,-100.9,838.68,57.49,11.4,1.54,4G,GT 7,Airtel,n78,54,38.3,42,3,347.72,2,False,Medium,38.3,False,6,4,7,2024-07-12,4,0,1,4,2,0,0,0
2024-07-12 06:29:51.214007,Delhi,-97.0,818.29,69.98,9.4,0.59,5G NSA,Galaxy S23,BSNL,n28,16,32.4,58,0,186.5,2,False,Low,74.2,False,6,4,7,2024-07-12,2,1,2,2,1,1,0,0
2024-07-12 06:39:51.214004,Kolkata,-104.6,687.16,135.16,6.4,3.05,5G SA,Pixel 7,Vi,n258,16,33.8,56,4,167.78,5,True,High,23.9,True,6,4,7,2024-07-12,3,2,6,0,0,3,1,1
2024-07-12 06:49:51.214002,New York,-63.5,902.79,129.59,11.8,2.45,5G SA,iPhone 14,Verizon,n41,25,43.3,55,4,279.08,5,False,Low,56.8,False,6,4,7,2024-07-12,5,2,5,3,1,4,0,0
2024-07-12 06:59:51.213999,San Francisco,-108.2,352.25,128.86,13.0,4.91,4G,Galaxy S23,AT&T,n78,41,21.8,16,3,180.0,1,True,Medium,86.4,True,6,4,7,2024-07-12,6,0,0,4,2,1,1,1
2024-07-12 07:09:51.213997,Mumbai,-68.3,477.4,89.83,18.3,3.79,5G NSA,Galaxy S23,Vi,n258,56,32.2,34,1,271.57,4,False,Medium,32.0,True,7,4,7,2024-07-12,4,1,6,0,2,1,0,1
2024-07-12 07:19:51.213994,Kolkata,-100.5,309.8,111.82,15.2,2.37,5G NSA,Galaxy S23,BSNL,n258,53,27.5,23,3,467.71,4,True,High,30.5,False,7,4,7,2024-07-12,3,1,2,0,0,1,1,0
2024-07-12 07:29:51.213991,Tokyo,-64.4,450.03,128.11,13.1,3.61,5G NSA,GT 7,AT&T,n78,31,36.9,40,3,370.82,1,False,Medium,13.7,True,7,4,7,2024-07-12,7,1,0,4,2,0,0,1
2024-07-12 07:39:51.213989,Kolkata,-106.6,933.64,73.59,3.6,0.97,4G,Galaxy S23,Vi,n28,44,32.2,38,2,94.67,3,True,Low,51.8,False,7,4,7,2024-07-12,3,0,6,2,1,1,1,0
2024-07-12 07:49:51.213986,Berlin,-81.0,886.81,142.76,11.1,2.58,5G SA,iPhone 14,T-Mobile,n78,46,29.2,2,2,250.84,1,False,Medium,87.4,False,7,4,7,2024-07-12,0,2,4,4,2,4,0,0
2024-07-12 07:59:51.213984,Kolkata,-100.8,487.86,55.23,3.7,2.4,4G,GT 7,Jio,n28,98,35.8,35,4,74.1,5,False,Medium,60.9,False,7,4,7,2024-07-12,3,0,3,2,2,0,0,0
2024-07-12 08:09:51.213981,Tokyo,-67.7,237.09,93.4,4.0,2.14,5G SA,Galaxy S23,AT&T,n41,70,40.9,18,1,137.12,4,False,Medium,60.9,False,8,4,7,2024-07-12,7,2,0,3,2,1,0,0
2024-07-12 08:19:51.213978,Tokyo,-64.0,744.67,103.26,10.6,2.0,5G SA,Pixel 7,Verizon,n78,45,34.2,3,3,437.96,1,False,High,64.8,True,8,4,7,2024-07-12,7,2,5,4,0,3,0,1
2024-07-12 08:29:51.213976,Chennai,-82.6,195.48,84.84,11.8,4.87,5G NSA,Galaxy S23,Jio,n28,50,22.1,46,3,241.43,5,False,Medium,96.3,False,8,4,7,2024-07-12,1,1,3,2,2,1,0,0
2024-07-12 08:39:51.213973,San Francisco,-108.6,255.38,121.25,17.8,4.62,4G,GT 7,AT&T,n260,66,20.6,5,3,297.25,3,True,Medium,47.1,False,8,4,7,2024-07-12,6,0,0,1,2,0,1,0
2024-07-12 08:49:51.213971,Berlin,-68.1,158.84,124.1,18.8,1.37,4G,Pixel 7,AT&T,n78,59,29.0,23,4,394.44,1,True,Medium,58.9,False,8,4,7,2024-07-12,0,0,0,4,2,3,1,0
2024-07-12 08:59:51.213968,Chennai,-94.1,909.3,90.9,15.4,2.29,4G,Nord 4,Airtel,n78,47,39.3,33,1,160.03,3,True,Low,33.7,True,8,4,7,2024-07-12,1,0,1,4,1,2,1,1
2024-07-12 09:09:51.213965,Mumbai,-64.2,291.02,23.11,1.2,3.39,4G,Nord 4,BSNL,n78,39,28.1,56,1,376.39,4,True,High,45.0,True,9,4,7,2024-07-12,4,0,2,4,0,2,1,1
2024-07-12 09:19:51.213963,Chennai,-92.1,440.83,122.26,17.0,2.6,5G SA,GT 7,Vi,n78,18,35.7,9,0,444.76,2,False,Low,20.0,True,9,4,7,2024-07-12,1,2,6,4,1,0,0,1
2024-07-12 09:29:51.213960,New York,-94.3,871.21,131.66,8.8,4.4,5G SA,Pixel 7,Verizon,n260,72,20.2,41,1,296.96,4,False,Medium,41.6,False,9,4,7,2024-07-12,5,2,5,1,2,3,0,0
2024-07-12 09:39:51.213957,New York,-67.3,808.24,137.25,1.7,2.24,4G,GT 7,T-Mobile,n78,55,26.0,59,2,312.3,5,True,High,73.1,False,9,4,7,2024-07-12,5,0,4,4,0,0,1,0
2024-07-12 09:49:51.213955,Berlin,-90.9,633.24,24.39,7.1,2.47,4G,iPhone 14,Verizon,n260,63,32.0,1,0,324.23,5,False,Low,75.4,True,9,4,7,2024-07-12,0,0,5,1,1,4,0,1
2024-07-12 09:59:51.213952,New York,-92.5,763.31,52.26,1.7,3.41,4G,Nord 4,AT&T,n41,50,43.5,9,0,415.49,2,False,Low,38.4,False,9,4,7,2024-07-12,5,0,0,3,1,2,0,0
2024-07-12 10:09:51.213950,San Francisco,-60.9,228.32,136.41,16.1,1.64,5G SA,Pixel 7,AT&T,n41,73,38.8,52,2,442.22,3,True,Medium,64.6,False,10,4,7,2024-07-12,6,2,0,3,2,3,1,0
2024-07-12 10:19:51.213947,San Francisco,-71.2,669.84,24.66,13.9,1.19,5G SA,Pixel 7,Verizon,n260,91,39.1,36,2,181.49,3,False,High,25.5,False,10,4,7,2024-07-12,6,2,5,1,0,3,0,0
2024-07-12 10:29:51.213944,Mumbai,-64.4,875.87,102.42,5.3,1.72,5G SA,Galaxy S23,Jio,n78,65,24.8,58,3,218.58,5,False,Low,90.5,True,10,4,7,2024-07-12,4,2,3,4,1,1,0,1
2024-07-12 10:39:51.213942,New York,-75.8,862.73,95.69,17.0,2.9,5G NSA,Nord 4,T-Mobile,n78,95,38.8,52,2,390.18,1,True,High,51.0,False,10,4,7,2024-07-12,5,1,4,4,0,2,1,0
2024-07-12 10:49:51.213939,San Francisco,-97.5,782.01,83.75,13.9,1.92,4G,Pixel 7,AT&T,n260,10,41.2,2,4,271.0,3,True,Medium,17.1,True,10,4,7,2024-07-12,6,0,0,1,2,3,1,1
2024-07-12 10:59:51.213934,Chennai,-105.0,747.07,45.83,9.6,4.05,4G,Galaxy S23,Jio,n78,53,41.4,35,4,332.22,3,True,High,95.8,False,10,4,7,2024-07-12,1,0,3,4,0,1,1,0
2024-07-12 11:09:51.213931,New York,-104.1,695.93,101.81,11.5,4.21,5G SA,GT 7,Verizon,n78,12,21.7,27,4,389.67,3,True,High,27.6,False,11,4,7,2024-07-12,5,2,5,4,0,0,1,0
2024-07-12 11:19:51.213929,Delhi,-64.6,949.16,29.73,11.4,1.64,5G NSA,Nord 4,Airtel,n28,72,29.6,51,4,413.75,4,False,Medium,65.7,True,11,4,7,2024-07-12,2,1,1,2,2,2,0,1
2024-07-12 11:29:51.213926,Tokyo,-84.1,206.44,66.38,15.1,0.63,5G NSA,Pixel 7,T-Mobile,n260,55,26.8,50,2,64.91,4,True,Medium,58.0,True,11,4,7,2024-07-12,7,1,4,1,2,3,1,1
2024-07-12 11:39:51.213923,Tokyo,-67.7,844.75,83.52,15.5,1.02,5G NSA,iPhone 14,Verizon,n41,46,42.2,5,1,229.96,5,False,High,51.0,True,11,4,7,2024-07-12,7,1,5,3,0,4,0,1
2024-07-12 11:49:51.213921,Delhi,-81.4,357.33,134.79,4.7,4.84,5G NSA,GT 7,BSNL,n28,23,27.7,18,2,308.91,3,True,Low,90.9,False,11,4,7,2024-07-12,2,1,2,2,1,0,1,0
2024-07-12 11:59:51.213918,San Francisco,-79.1,979.28,23.42,14.6,1.48,5G NSA,iPhone 14,AT&T,n260,12,29.4,59,1,42.2,5,False,Medium,78.5,True,11,4,7,2024-07-12,6,1,0,1,2,4,0,1
2024-07-12 12:09:51.213916,Chennai,-98.5,559.92,91.89,2.9,4.16,5G NSA,iPhone 14,Vi,n28,91,22.4,30,4,271.26,2,False,Medium,53.1,False,12,4,7,2024-07-12,1,1,6,2,2,4,0,0
2024-07-12 12:19:51.213913,Tokyo,-89.5,748.2,116.85,10.4,3.19,4G,Nord 4,Verizon,n41,50,36.5,20,0,489.93,4,True,Low,79.3,False,12,4,7,2024-07-12,7,0,5,3,1,2,1,0
2024-07-12 12:29:51.213910,Tokyo,-70.7,281.82,107.48,16.1,0.47,5G NSA,iPhone 14,T-Mobile,n78,34,43.3,29,1,288.56,1,False,High,85.4,True,12,4,7,2024-07-12,7,1,4,4,0,4,0,1
2024-07-12 12:39:51.213908,Kolkata,-81.7,967.66,54.73,13.3,3.39,5G SA,GT 7,Airtel,n258,97,37.1,45,3,111.82,3,True,High,56.6,False,12,4,7,2024-07-12,3,2,1,0,0,0,1,0
2024-07-12 12:49:51.213905,Chennai,-84.8,684.33,40.8,3.7,2.5,5G SA,iPhone 14,BSNL,n78,27,22.7,44,0,186.55,3,True,Medium,45.6,False,12,4,7,2024-07-12,1,2,2,4,2,4,1,0
2024-07-12 12:59:51.213903,Berlin,-64.9,839.09,77.31,12.6,4.32,5G SA,Nord 4,T-Mobile,n41,78,40.7,31,3,70.63,5,False,Low,49.3,False,12,4,7,2024-07-12,0,2,4,3,1,2,0,0
2024-07-12 13:09:51.213900,Kolkata,-83.1,273.33,71.29,19.8,3.28,5G SA,Pixel 7,BSNL,n28,51,35.8,50,2,25.65,2,False,Low,54.1,False,13,4,7,2024-07-12,3,2,2,2,1,3,0,0
2024-07-12 13:19:51.213897,Tokyo,-96.8,332.98,38.58,18.8,3.57,5G SA,Galaxy S23,AT&T,n41,51,25.2,52,4,220.11,1,False,Medium,28.5,True,13,4,7,2024-07-12,7,2,0,3,2,1,0,1
2024-07-12 13:29:51.213895,Berlin,-94.9,310.19,116.06,8.0,3.78,4G,Nord 4,Verizon,n41,11,44.7,22,2,203.24,1,False,Medium,23.2,False,13,4,7,2024-07-12,0,0,5,3,2,2,0,0
2024-07-12 13:39:51.213892,Berlin,-79.1,432.33,145.8,13.9,2.75,4G,GT 7,AT&T,n78,39,28.7,34,2,58.54,4,True,Medium,92.2,False,13,4,7,2024-07-12,0,0,0,4,2,0,1,0
2024-07-12 13:49:51.213890,Delhi,-71.4,141.79,25.5,15.3,4.24,4G,Pixel 7,BSNL,n28,17,27.5,36,4,306.93,3,True,Medium,91.0,False,13,4,7,2024-07-12,2,0,2,2,2,3,1,0
2024-07-12 13:59:51.213887,Delhi,-95.1,169.93,140.6,6.8,3.13,5G SA,Galaxy S23,Airtel,n78,89,43.7,22,1,351.68,5,True,Low,90.6,True,13,4,7,2024-07-12,2,2,1,4,1,1,1,1
2024-07-12 14:09:51.213884,Chennai,-71.4,644.31,111.49,19.8,2.67,5G NSA,Galaxy S23,Airtel,n28,35,37.2,22,1,176.6,1,False,Medium,11.2,True,14,4,7,2024-07-12,1,1,1,2,2,1,0,1
2024-07-12 14:19:51.213882,Delhi,-95.7,584.6,118.06,4.0,1.39,5G NSA,GT 7,BSNL,n28,73,34.3,11,0,426.36,5,True,Low,61.0,False,14,4,7,2024-07-12,2,1,2,2,1,0,1,0
2024-07-12 14:29:51.213879,Chennai,-96.4,911.99,105.34,18.5,2.74,4G,Pixel 7,Airtel,n78,66,26.4,22,1,344.51,1,True,High,55.0,False,14,4,7,2024-07-12,1,0,1,4,0,3,1,0
2024-07-12 14:39:51.213877,New York,-89.5,576.33,48.01,4.6,4.18,5G NSA,Pixel 7,Verizon,n260,38,34.0,25,2,194.7,4,False,High,97.2,True,14,4,7,2024-07-12,5,1,5,1,0,3,0,1
2024-07-12 14:49:51.213874,Kolkata,-81.7,535.44,64.6,15.7,2.37,5G NSA,Nord 4,Jio,n258,33,24.2,55,1,89.88,2,True,Low,38.2,True,14,4,7,2024-07-12,3,1,3,0,1,2,1,1
2024-07-12 14:59:51.213871,Chennai,-77.6,222.87,147.51,14.1,1.69,4G,Nord 4,Jio,n28,20,32.7,31,3,149.08,4,False,High,72.4,True,14,4,7,2024-07-12,1,0,3,2,0,2,0,1
2024-07-12 15:09:51.213869,Chennai,-95.9,212.73,80.93,7.8,1.64,5G NSA,GT 7,Vi,n258,84,33.0,31,1,346.2,3,False,Medium,39.0,True,15,4,7,2024-07-12,1,1,6,0,2,0,0,1
2024-07-12 15:19:51.213866,Delhi,-97.2,413.34,37.75,2.9,2.57,4G,iPhone 14,Vi,n28,17,33.5,33,3,176.72,1,False,Low,78.6,True,15,4,7,2024-07-12,2,0,6,2,1,4,0,1
2024-07-12 15:29:51.213864,Kolkata,-75.0,723.46,147.23,12.3,2.28,4G,GT 7,Airtel,n28,60,41.3,12,4,92.25,4,False,Medium,87.5,True,15,4,7,2024-07-12,3,0,1,2,2,0,0,1
2024-07-12 15:39:51.213861,New York,-70.7,322.36,53.49,14.1,4.07,5G SA,GT 7,Verizon,n260,84,24.5,27,4,145.82,1,False,High,66.6,True,15,4,7,2024-07-12,5,2,5,1,0,0,0,1
2024-07-12 15:49:51.213859,Mumbai,-103.8,763.36,20.57,5.8,4.4,5G SA,Nord 4,Jio,n78,56,37.8,58,0,242.6,3,False,Low,90.4,True,15,4,7,2024-07-12,4,2,3,4,1,2,0,1
2024-07-12 15:59:51.213856,New York,-71.2,783.59,126.67,12.9,1.21,4G,GT 7,AT&T,n41,29,27.3,20,3,73.69,3,True,Medium,39.4,False,15,4,7,2024-07-12,5,0,0,3,2,0,1,0
2024-07-12 16:09:51.213853,Berlin,-78.5,593.9,108.24,7.3,1.04,4G,iPhone 14,AT&T,n78,80,21.4,18,4,435.2,2,True,Low,21.0,False,16,4,7,2024-07-12,0,0,0,4,1,4,1,0
2024-07-12 16:19:51.213851,San Francisco,-60.2,415.81,107.85,1.7,2.52,5G NSA,Galaxy S23,T-Mobile,n260,60,33.2,47,3,142.88,5,True,Medium,87.0,True,16,4,7,2024-07-12,6,1,4,1,2,1,1,1
2024-07-12 16:29:51.213848,San Francisco,-77.4,605.72,23.03,10.7,1.13,4G,Galaxy S23,T-Mobile,n260,11,23.8,33,2,38.18,2,False,Low,13.9,True,16,4,7,2024-07-12,6,0,4,1,1,1,0,1
2024-07-12 16:39:51.213846,Berlin,-94.0,458.11,134.37,11.1,2.51,4G,iPhone 14,Verizon,n78,93,20.5,20,4,66.55,4,True,High,37.1,False,16,4,7,2024-07-12,0,0,5,4,0,4,1,0
2024-07-12 16:49:51.213843,Chennai,-108.5,342.5,126.71,14.0,4.92,5G NSA,Pixel 7,Vi,n258,74,35.1,42,0,62.77,2,False,Low,55.4,True,16,4,7,2024-07-12,1,1,6,0,1,3,0,1
2024-07-12 16:59:51.213840,Tokyo,-93.0,459.49,102.34,3.4,0.21,5G NSA,Pixel 7,T-Mobile,n41,99,22.4,58,0,44.14,2,False,Medium,66.8,True,16,4,7,2024-07-12,7,1,4,3,2,3,0,1
2024-07-12 17:09:51.213838,Kolkata,-92.5,259.49,37.53,19.2,1.17,5G SA,Galaxy S23,Jio,n258,57,30.3,7,3,400.21,3,True,Low,80.1,True,17,4,7,2024-07-12,3,2,3,0,1,1,1,1
2024-07-12 17:19:51.213835,San Francisco,-74.1,769.21,52.06,7.8,1.87,5G SA,Nord 4,T-Mobile,n78,44,41.2,38,4,350.48,4,True,High,36.5,True,17,4,7,2024-07-12,6,2,4,4,0,2,1,1
2024-07-12 17:29:51.213833,Chennai,-64.4,417.43,32.28,6.8,3.3,5G NSA,Galaxy S23,Airtel,n28,16,43.9,10,3,127.85,2,True,Medium,56.7,True,17,4,7,2024-07-12,1,1,1,2,2,1,1,1
2024-07-12 17:39:51.213830,Chennai,-107.7,934.51,137.22,3.3,3.94,4G,Nord 4,Airtel,n258,88,21.0,9,1,201.87,4,False,High,68.0,True,17,4,7,2024-07-12,1,0,1,0,0,2,0,1
2024-07-12 17:49:51.213827,Mumbai,-69.2,127.12,125.51,6.8,0.58,5G SA,Galaxy S23,BSNL,n78,12,31.5,48,3,27.44,3,False,Medium,49.0,False,17,4,7,2024-07-12,4,2,2,4,2,1,0,0
2024-07-12 17:59:51.213825,Berlin,-106.2,198.32,104.06,9.9,1.5,4G,iPhone 14,Verizon,n41,92,27.1,17,0,202.38,4,False,Low,31.6,False,17,4,7,2024-07-12,0,0,5,3,1,4,0,0
2024-07-12 18:09:51.213822,Delhi,-79.1,726.09,66.91,11.8,3.0,5G SA,iPhone 14,Airtel,n78,83,40.7,11,2,242.1,1,True,Low,66.8,False,18,4,7,2024-07-12,2,2,1,4,1,4,1,0
2024-07-12 18:19:51.213820,Tokyo,-80.9,435.78,65.95,10.5,3.82,5G SA,Pixel 7,T-Mobile,n41,78,34.9,24,4,165.96,5,True,Low,16.1,False,18,4,7,2024-07-12,7,2,4,3,1,3,1,0
2024-07-12 18:29:51.213817,Tokyo,-99.1,960.05,129.08,3.8,0.49,5G NSA,Nord 4,AT&T,n41,57,44.9,16,4,68.12,3,False,Medium,78.6,True,18,4,7,2024-07-12,7,1,0,3,2,2,0,1
2024-07-12 18:39:51.213814,Mumbai,-93.6,799.45,102.73,13.3,2.76,4G,Galaxy S23,BSNL,n28,14,29.1,27,1,147.59,4,True,Low,38.1,True,18,4,7,2024-07-12,4,0,2,2,1,1,1,1
2024-07-12 18:49:51.213812,Chennai,-77.9,546.88,23.37,4.4,3.35,5G NSA,iPhone 14,Jio,n258,48,21.9,52,2,209.81,5,True,Low,45.9,True,18,4,7,2024-07-12,1,1,3,0,1,4,1,1
2024-07-12 18:59:51.213809,New York,-83.4,190.3,24.23,12.1,3.78,5G SA,Nord 4,T-Mobile,n78,18,37.9,50,1,416.77,2,False,Medium,86.8,False,18,4,7,2024-07-12,5,2,4,4,2,2,0,0
2024-07-12 19:09:51.213807,Kolkata,-101.3,899.34,20.47,17.7,2.62,5G NSA,Nord 4,Vi,n28,92,43.1,8,3,26.32,4,True,Low,51.9,True,19,4,7,2024-07-12,3,1,6,2,1,2,1,1
2024-07-12 19:19:51.213804,New York,-78.5,760.02,147.88,6.6,4.96,5G NSA,Pixel 7,T-Mobile,n41,87,40.2,5,1,139.1,5,True,Low,35.5,True,19,4,7,2024-07-12,5,1,4,3,1,3,1,1
2024-07-12 19:29:51.213801,Chennai,-83.0,839.44,128.51,14.1,2.11,5G SA,Nord 4,BSNL,n78,76,28.6,35,1,372.45,3,False,Medium,18.8,True,19,4,7,2024-07-12,1,2,2,4,2,2,0,1
2024-07-12 19:39:51.213799,Tokyo,-66.8,110.5,117.28,10.7,0.23,5G NSA,Nord 4,T-Mobile,n78,64,35.9,51,3,12.19,3,False,Medium,72.5,False,19,4,7,2024-07-12,7,1,4,4,2,2,0,0
2024-07-12 19:49:51.213796,Berlin,-105.7,641.7,30.77,5.0,0.36,4G,GT 7,T-Mobile,n260,98,43.1,12,1,373.82,5,True,Medium,21.1,True,19,4,7,2024-07-12,0,0,4,1,2,0,1,1
2024-07-12 19:59:51.213793,Kolkata,-74.3,842.8,80.01,4.2,0.35,4G,iPhone 14,BSNL,n28,54,42.8,15,4,13.58,2,True,Medium,50.7,False,19,4,7,2024-07-12,3,0,2,2,2,4,1,0
2024-07-12 20:09:51.213791,San Francisco,-109.4,233.38,119.87,9.2,2.99,5G SA,iPhone 14,T-Mobile,n41,62,39.2,25,0,144.43,5,True,High,73.6,True,20,4,7,2024-07-12,6,2,4,3,0,4,1,1
2024-07-12 20:19:51.213788,Berlin,-102.9,974.94,125.17,2.4,1.45,4G,GT 7,T-Mobile,n260,26,30.9,30,2,481.3,3,False,High,71.6,False,20,4,7,2024-07-12,0,0,4,1,0,0,0,0
2024-07-12 20:29:51.213786,Chennai,-95.4,736.86,97.63,20.0,0.4,5G SA,Nord 4,Vi,n258,63,27.5,44,3,160.42,5,True,Medium,81.8,False,20,4,7,2024-07-12,1,2,6,0,2,2,1,0
2024-07-12 20:39:51.213783,Delhi,-61.9,972.27,102.74,8.4,0.11,5G SA,Nord 4,BSNL,n78,59,39.8,25,1,408.82,1,True,Low,20.1,True,20,4,7,2024-07-12,2,2,2,4,1,2,1,1
2024-07-12 20:49:51.213780,Chennai,-89.6,494.87,37.43,2.9,3.92,5G NSA,Pixel 7,BSNL,n258,79,39.5,27,1,26.56,5,False,Medium,30.7,True,20,4,7,2024-07-12,1,1,2,0,2,3,0,1
2024-07-12 20:59:51.213778,New York,-76.6,888.36,28.32,5.5,1.0,5G NSA,GT 7,T-Mobile,n260,85,31.9,9,3,371.99,5,True,Low,69.5,False,20,4,7,2024-07-12,5,1,4,1,1,0,1,0
2024-07-12 21:09:51.213775,Berlin,-84.7,772.53,65.26,10.7,0.17,5G SA,Pixel 7,Verizon,n41,89,38.9,41,1,63.64,3,True,Low,62.1,False,21,4,7,2024-07-12,0,2,5,3,1,3,1,0
2024-07-12 21:19:51.213773,Kolkata,-74.7,449.94,36.41,2.7,1.53,5G SA,iPhone 14,Airtel,n28,98,44.1,55,3,151.63,5,False,Low,82.4,True,21,4,7,2024-07-12,3,2,1,2,1,4,0,1
2024-07-12 21:29:51.213770,Chennai,-99.9,495.78,138.43,6.4,2.99,5G SA,GT 7,Jio,n28,31,42.5,43,4,148.11,5,True,High,28.3,False,21,4,7,2024-07-12,1,2,3,2,0,0,1,0
2024-07-12 21:39:51.213767,Tokyo,-105.6,921.29,120.43,3.7,0.81,4G,GT 7,T-Mobile,n260,80,41.9,55,3,81.25,5,False,High,65.2,False,21,4,7,2024-07-12,7,0,4,1,0,0,0,0
2024-07-12 21:49:51.213765,Berlin,-73.5,565.86,115.33,4.7,1.33,5G SA,iPhone 14,Verizon,n260,27,22.9,46,0,353.91,4,True,Medium,10.4,False,21,4,7,2024-07-12,0,2,5,1,2,4,1,0
2024-07-12 21:59:51.213762,Chennai,-64.7,594.9,56.64,8.8,2.93,5G SA,iPhone 14,Vi,n78,45,39.5,13,4,268.28,2,False,High,64.5,False,21,4,7,2024-07-12,1,2,6,4,0,4,0,0
2024-07-12 22:09:51.213760,Tokyo,-83.3,582.5,103.0,15.5,4.73,4G,Galaxy S23,T-Mobile,n78,76,22.7,14,0,343.26,4,True,High,81.7,True,22,4,7,2024-07-12,7,0,4,4,0,1,1,1
2024-07-12 22:19:51.213757,Kolkata,-96.3,723.32,53.95,8.5,0.54,5G NSA,iPhone 14,Jio,n258,47,39.0,51,2,164.26,4,True,Low,99.6,False,22,4,7,2024-07-12,3,1,3,0,1,4,1,0
2024-07-12 22:29:51.213754,Mumbai,-98.0,314.26,25.69,2.3,2.73,5G SA,Pixel 7,Vi,n258,53,33.6,44,0,468.59,2,False,Medium,17.0,True,22,4,7,2024-07-12,4,2,6,0,2,3,0,1
2024-07-12 22:39:51.213752,Kolkata,-76.1,879.0,54.18,11.6,2.05,5G NSA,Galaxy S23,Jio,n78,49,32.1,59,1,98.6,5,False,High,41.1,False,22,4,7,2024-07-12,3,1,3,4,0,1,0,0
2024-07-12 22:49:51.213749,Tokyo,-76.1,406.78,35.88,14.5,1.29,5G NSA,Galaxy S23,Verizon,n78,86,25.3,4,3,489.8,5,True,Low,41.5,False,22,4,7,2024-07-12,7,1,5,4,1,1,1,0
2024-07-12 22:59:51.213747,Mumbai,-68.7,882.81,56.69,6.8,1.46,5G NSA,Galaxy S23,BSNL,n258,97,31.3,50,3,209.42,3,True,High,62.7,True,22,4,7,2024-07-12,4,1,2,0,0,1,1,1
2024-07-12 23:09:51.213744,Tokyo,-81.7,278.67,46.32,17.1,0.86,5G SA,iPhone 14,Verizon,n78,16,40.8,55,2,154.85,1,True,Low,97.2,False,23,4,7,2024-07-12,7,2,5,4,1,4,1,0
2024-07-12 23:19:51.213741,Berlin,-73.6,501.0,77.23,2.3,4.97,4G,iPhone 14,AT&T,n78,42,30.7,30,2,31.38,5,False,High,53.0,False,23,4,7,2024-07-12,0,0,0,4,0,4,0,0
2024-07-12 23:29:51.213739,San Francisco,-106.0,474.87,146.21,12.2,3.75,5G NSA,Nord 4,T-Mobile,n260,63,35.9,29,1,344.79,5,True,High,29.5,True,23,4,7,2024-07-12,6,1,4,1,0,2,1,1
2024-07-12 23:39:51.213736,New York,-95.5,211.63,82.08,16.5,3.79,4G,iPhone 14,T-Mobile,n78,69,42.8,23,1,339.31,3,False,Medium,51.4,False,23,4,7,2024-07-12,5,0,4,4,2,4,0,0
2024-07-12 23:49:51.213734,San Francisco,-72.1,703.84,26.0,5.4,2.66,5G SA,Pixel 7,Verizon,n78,10,22.3,31,0,373.97,3,False,High,84.2,True,23,4,7,2024-07-12,6,2,5,4,0,3,0,1
2024-07-12 23:59:51.213731,San Francisco,-99.8,572.71,23.05,18.0,4.56,5G NSA,GT 7,Verizon,n78,87,34.4,25,0,275.99,5,True,Low,85.2,False,23,4,7,2024-07-12,6,1,5,4,1,0,1,0
2024-07-13 00:09:51.213728,Berlin,-81.4,118.51,129.83,3.6,1.84,5G SA,GT 7,Verizon,n41,74,27.6,54,4,206.72,4,True,High,29.3,True,0,5,7,2024-07-13,0,2,5,3,0,0,1,1
2024-07-13 00:19:51.213726,New York,-107.0,903.52,59.19,18.3,3.01,5G SA,Pixel 7,Verizon,n41,23,36.0,34,3,74.21,5,True,Low,26.8,False,0,5,7,2024-07-13,5,2,5,3,1,3,1,0
2024-07-13 00:29:51.213723,Delhi,-68.4,330.08,100.56,18.1,0.88,4G,Pixel 7,Airtel,n78,34,41.3,40,0,59.89,2,False,Medium,65.0,True,0,5,7,2024-07-13,2,0,1,4,2,3,0,1
2024-07-13 00:39:51.213721,San Francisco,-84.9,622.88,73.9,16.7,0.75,5G SA,GT 7,Verizon,n41,34,27.1,38,3,472.43,2,True,Low,72.0,True,0,5,7,2024-07-13,6,2,5,3,1,0,1,1
2024-07-13 00:49:51.213718,Chennai,-62.1,912.43,60.47,10.3,4.66,5G NSA,iPhone 14,Vi,n258,31,26.9,24,0,274.35,5,True,Medium,95.1,True,0,5,7,2024-07-13,1,1,6,0,2,4,1,1
2024-07-13 00:59:51.213715,Delhi,-62.8,892.86,131.63,2.8,3.35,5G SA,Galaxy S23,Jio,n78,69,36.3,4,0,302.55,4,False,Medium,73.4,True,0,5,7,2024-07-13,2,2,3,4,2,1,0,1
2024-07-13 01:09:51.213710,Tokyo,-93.3,437.96,57.55,1.6,1.99,5G NSA,GT 7,T-Mobile,n41,68,35.7,16,4,194.25,5,False,High,17.8,False,1,5,7,2024-07-13,7,1,4,3,0,0,0,0
2024-07-13 01:19:51.213707,Delhi,-104.4,706.17,88.36,4.9,4.55,4G,Galaxy S23,Vi,n78,73,39.0,35,3,149.94,2,False,Low,11.7,True,1,5,7,2024-07-13,2,0,6,4,1,1,0,1
2024-07-13 01:29:51.213705,Chennai,-64.1,535.31,46.93,13.0,4.74,4G,iPhone 14,Vi,n78,55,23.7,24,4,437.83,5,False,Low,85.5,True,1,5,7,2024-07-13,1,0,6,4,1,4,0,1
2024-07-13 01:39:51.213702,San Francisco,-91.1,970.25,110.52,19.4,2.85,4G,GT 7,T-Mobile,n260,63,30.9,13,1,200.38,4,False,Medium,75.6,True,1,5,7,2024-07-13,6,0,4,1,2,0,0,1
2024-07-13 01:49:51.213700,Kolkata,-86.8,458.01,49.39,19.9,2.67,5G NSA,Nord 4,Airtel,n78,55,20.5,43,3,20.44,3,True,High,81.4,True,1,5,7,2024-07-13,3,1,1,4,0,2,1,1
2024-07-13 01:59:51.213697,Berlin,-96.9,372.31,135.41,5.3,4.09,5G NSA,GT 7,AT&T,n78,45,26.5,20,2,26.35,4,True,Low,83.6,False,1,5,7,2024-07-13,0,1,0,4,1,0,1,0
2024-07-13 02:09:51.213694,Tokyo,-81.2,793.95,147.11,18.3,3.56,4G,Pixel 7,T-Mobile,n78,49,42.3,37,4,358.63,4,True,Medium,59.7,True,2,5,7,2024-07-13,7,0,4,4,2,3,1,1
2024-07-13 02:19:51.213692,Kolkata,-77.4,544.49,73.9,9.3,1.81,5G SA,Galaxy S23,BSNL,n28,72,43.8,5,0,419.55,4,True,Low,33.9,False,2,5,7,2024-07-13,3,2,2,2,1,1,1,0
2024-07-13 02:29:51.213689,Mumbai,-105.1,173.34,113.49,17.9,3.95,5G NSA,iPhone 14,Vi,n258,34,33.5,4,1,40.32,5,True,Medium,45.7,False,2,5,7,2024-07-13,4,1,6,0,2,4,1,0
2024-07-13 02:39:51.213687,Delhi,-108.9,127.42,79.95,1.6,0.49,5G NSA,iPhone 14,Jio,n258,65,37.1,7,2,393.41,5,False,Low,47.6,False,2,5,7,2024-07-13,2,1,3,0,1,4,0,0
2024-07-13 02:49:51.213684,Tokyo,-88.8,131.5,21.71,11.7,2.66,5G NSA,Pixel 7,Verizon,n41,15,28.3,30,2,228.48,3,False,Low,95.8,False,2,5,7,2024-07-13,7,1,5,3,1,3,0,0
2024-07-13 02:59:51.213682,Delhi,-95.3,855.4,108.13,6.7,1.83,4G,Pixel 7,Vi,n258,84,32.4,1,4,448.13,5,False,High,24.1,False,2,5,7,2024-07-13,2,0,6,0,0,3,0,0
2024-07-13 03:09:51.213679,Tokyo,-74.8,511.51,21.82,14.7,0.28,5G NSA,GT 7,Verizon,n41,85,44.8,1,2,86.29,4,True,Low,78.8,False,3,5,7,2024-07-13,7,1,5,3,1,0,1,0
2024-07-13 03:19:51.213676,Berlin,-63.5,501.92,86.75,1.0,4.67,5G SA,Nord 4,T-Mobile,n78,55,41.6,8,4,148.54,4,True,High,32.8,True,3,5,7,2024-07-13,0,2,4,4,0,2,1,1
2024-07-13 03:29:51.213674,Tokyo,-75.5,292.6,127.17,19.9,3.57,5G NSA,iPhone 14,Verizon,n41,57,26.9,2,4,454.24,5,False,High,82.3,True,3,5,7,2024-07-13,7,1,5,3,0,4,0,1
2024-07-13 03:39:51.213671,Chennai,-83.3,515.83,143.86,17.2,1.2,4G,Galaxy S23,BSNL,n28,13,41.1,34,4,361.57,3,False,Medium,23.6,False,3,5,7,2024-07-13,1,0,2,2,2,1,0,0
2024-07-13 03:49:51.213669,Berlin,-105.5,335.56,90.98,14.9,2.61,5G SA,iPhone 14,T-Mobile,n41,38,42.1,57,1,174.2,1,False,High,42.8,False,3,5,7,2024-07-13,0,2,4,3,0,4,0,0
2024-07-13 03:59:51.213666,Tokyo,-76.0,646.31,128.3,9.2,1.02,5G NSA,iPhone 14,AT&T,n41,12,34.6,32,1,53.18,5,False,Medium,11.6,True,3,5,7,2024-07-13,7,1,0,3,2,4,0,1
2024-07-13 04:09:51.213664,Delhi,-82.5,784.25,146.87,5.1,0.24,5G NSA,iPhone 14,Airtel,n258,49,26.0,36,4,53.27,5,True,Low,33.1,True,4,5,7,2024-07-13,2,1,1,0,1,4,1,1
2024-07-13 04:19:51.213661,Chennai,-104.9,931.17,132.16,11.2,0.73,5G NSA,Galaxy S23,Jio,n78,34,38.2,48,1,84.53,1,False,Low,50.3,False,4,5,7,2024-07-13,1,1,3,4,1,1,0,0
2024-07-13 04:29:51.213658,Delhi,-65.2,536.93,73.96,14.9,2.89,5G SA,Pixel 7,Jio,n78,89,34.8,5,3,461.39,3,True,Medium,77.2,False,4,5,7,2024-07-13,2,2,3,4,2,3,1,0
2024-07-13 04:39:51.213656,Mumbai,-107.5,368.17,43.65,18.3,1.66,5G SA,iPhone 14,Airtel,n28,96,43.3,36,0,48.94,3,True,Low,33.6,True,4,5,7,2024-07-13,4,2,1,2,1,4,1,1
2024-07-13 04:49:51.213653,Tokyo,-101.3,892.0,143.42,8.7,4.87,5G SA,Nord 4,Verizon,n78,32,22.5,59,2,142.68,4,False,Medium,81.8,True,4,5,7,2024-07-13,7,2,5,4,2,2,0,1
2024-07-13 04:59:51.213651,Delhi,-100.2,683.19,31.59,15.6,1.71,5G NSA,Nord 4,BSNL,n78,35,44.4,36,1,321.92,5,False,High,75.9,True,4,5,7,2024-07-13,2,1,2,4,0,2,0,1
2024-07-13 05:09:51.213648,Chennai,-76.5,182.9,140.58,4.4,1.94,5G NSA,iPhone 14,BSNL,n28,84,41.1,21,0,56.04,2,False,Low,42.2,True,5,5,7,2024-07-13,1,1,2,2,1,4,0,1
2024-07-13 05:19:51.213646,New York,-78.6,323.63,58.88,15.2,2.32,5G NSA,iPhone 14,T-Mobile,n78,81,31.5,36,4,277.8,3,True,Low,57.3,True,5,5,7,2024-07-13,5,1,4,4,1,4,1,1
2024-07-13 05:29:51.213643,Mumbai,-83.1,301.09,98.33,4.1,0.24,5G SA,Pixel 7,BSNL,n28,11,20.5,32,3,110.35,5,False,Medium,19.3,True,5,5,7,2024-07-13,4,2,2,2,2,3,0,1
2024-07-13 05:39:51.213640,Kolkata,-107.7,120.16,106.87,10.2,1.93,4G,GT 7,Vi,n28,64,44.3,16,4,154.11,1,False,High,23.8,False,5,5,7,2024-07-13,3,0,6,2,0,0,0,0
2024-07-13 05:49:51.213638,Mumbai,-85.3,263.63,70.21,11.9,2.62,5G SA,Pixel 7,Jio,n28,26,44.5,40,2,121.46,5,True,Medium,20.0,False,5,5,7,2024-07-13,4,2,3,2,2,3,1,0
2024-07-13 05:59:51.213635,Chennai,-87.0,513.34,106.88,12.2,1.23,5G NSA,Pixel 7,BSNL,n258,30,29.4,50,0,198.55,4,True,Low,13.9,False,5,5,7,2024-07-13,1,1,2,0,1,3,1,0
2024-07-13 06:09:51.213633,Berlin,-65.7,317.91,98.66,19.9,3.26,4G,GT 7,AT&T,n78,26,20.5,26,2,62.66,3,False,Medium,65.9,True,6,5,7,2024-07-13,0,0,0,4,2,0,0,1
2024-07-13 06:19:51.213630,Kolkata,-96.1,413.82,102.94,9.3,3.27,5G NSA,Pixel 7,Vi,n258,85,33.0,39,0,486.13,5,False,High,96.3,False,6,5,7,2024-07-13,3,1,6,0,0,3,0,0
2024-07-13 06:29:51.213628,New York,-81.4,420.59,35.58,3.1,2.53,5G SA,Pixel 7,Verizon,n260,45,40.9,55,3,440.56,1,False,Medium,38.9,True,6,5,7,2024-07-13,5,2,5,1,2,3,0,1
2024-07-13 06:39:51.213625,Tokyo,-86.7,187.82,98.14,7.6,4.12,5G SA,GT 7,AT&T,n78,15,26.2,24,3,209.93,2,True,High,81.5,False,6,5,7,2024-07-13,7,2,0,4,0,0,1,0
2024-07-13 06:49:51.213622,Mumbai,-85.5,361.08,148.79,16.2,0.51,4G,Nord 4,Vi,n258,74,36.2,55,1,42.94,2,False,High,17.1,True,6,5,7,2024-07-13,4,0,6,0,0,2,0,1
2024-07-13 06:59:51.213620,Berlin,-91.6,738.27,128.82,2.9,0.21,5G NSA,Pixel 7,Verizon,n78,44,35.3,55,0,320.11,3,True,Medium,75.8,True,6,5,7,2024-07-13,0,1,5,4,2,3,1,1
2024-07-13 07:09:51.213617,Berlin,-77.5,806.69,90.08,13.7,3.31,5G NSA,Pixel 7,Verizon,n41,10,44.5,54,4,498.25,3,True,Low,55.3,False,7,5,7,2024-07-13,0,1,5,3,1,3,1,0
2024-07-13 07:19:51.213615,Tokyo,-97.2,616.69,145.74,14.8,3.46,4G,Pixel 7,T-Mobile,n41,93,20.1,39,0,197.31,5,True,High,76.8,True,7,5,7,2024-07-13,7,0,4,3,0,3,1,1
2024-07-13 07:29:51.213612,Delhi,-67.4,682.43,124.9,1.1,1.16,5G SA,iPhone 14,BSNL,n258,93,40.7,8,3,117.74,2,False,Low,80.5,False,7,5,7,2024-07-13,2,2,2,0,1,4,0,0
2024-07-13 07:39:51.213610,Tokyo,-88.9,610.96,76.73,19.1,4.43,5G NSA,iPhone 14,Verizon,n78,33,42.9,58,4,437.56,3,False,Low,89.7,True,7,5,7,2024-07-13,7,1,5,4,1,4,0,1
2024-07-13 07:49:51.213607,New York,-89.8,300.32,26.19,15.2,0.81,5G SA,Nord 4,T-Mobile,n78,70,33.9,42,3,172.74,4,True,High,84.4,True,7,5,7,2024-07-13,5,2,4,4,0,2,1,1
2024-07-13 07:59:51.213605,Chennai,-83.8,225.98,127.21,8.3,0.19,5G NSA,Pixel 7,Airtel,n78,22,36.8,36,4,113.42,2,True,Low,29.6,True,7,5,7,2024-07-13,1,1,1,4,1,3,1,1
2024-07-13 08:09:51.213602,Delhi,-66.9,334.46,46.18,8.3,3.23,5G SA,iPhone 14,Jio,n28,56,34.0,49,4,65.35,4,False,High,77.3,False,8,5,7,2024-07-13,2,2,3,2,0,4,0,0
2024-07-13 08:19:51.213599,Mumbai,-64.7,470.62,146.24,13.5,4.69,5G SA,Pixel 7,BSNL,n78,89,40.9,50,3,128.6,4,False,Medium,59.6,True,8,5,7,2024-07-13,4,2,2,4,2,3,0,1
2024-07-13 08:29:51.213597,San Francisco,-75.5,253.56,89.62,1.8,4.65,5G SA,iPhone 14,AT&T,n41,10,21.0,53,2,235.66,5,True,High,68.1,False,8,5,7,2024-07-13,6,2,0,3,0,4,1,0
2024-07-13 08:39:51.213594,Mumbai,-72.9,659.13,113.44,11.1,3.95,4G,Galaxy S23,Vi,n258,62,40.0,48,2,66.27,4,True,High,16.9,True,8,5,7,2024-07-13,4,0,6,0,0,1,1,1
2024-07-13 08:49:51.213592,New York,-91.6,158.84,86.26,7.3,3.29,4G,Nord 4,AT&T,n260,39,27.9,53,0,167.71,1,False,Medium,44.2,False,8,5,7,2024-07-13,5,0,0,1,2,2,0,0
2024-07-13 08:59:51.213589,Chennai,-85.3,545.32,89.48,5.4,2.28,5G SA,Nord 4,BSNL,n78,48,29.9,22,1,196.11,3,True,Low,74.4,True,8,5,7,2024-07-13,1,2,2,4,1,2,1,1
2024-07-13 09:09:51.213586,Chennai,-62.8,997.28,79.23,6.6,3.77,5G SA,Galaxy S23,BSNL,n28,22,33.6,37,2,327.08,1,False,Medium,73.8,True,9,5,7,2024-07-13,1,2,2,2,2,1,0,1
2024-07-13 09:19:51.213584,New York,-85.6,462.68,32.1,3.9,1.45,5G NSA,Pixel 7,AT&T,n260,39,26.4,1,4,22.97,1,False,Low,10.7,False,9,5,7,2024-07-13,5,1,0,1,1,3,0,0
2024-07-13 09:29:51.213581,Mumbai,-78.6,792.03,103.04,14.0,1.09,4G,Nord 4,Vi,n28,95,35.8,25,4,159.64,3,True,Medium,84.2,True,9,5,7,2024-07-13,4,0,6,2,2,2,1,1
2024-07-13 09:39:51.213579,Delhi,-63.5,856.39,66.54,12.0,2.73,5G NSA,GT 7,Vi,n28,99,26.1,51,1,456.54,1,False,High,34.1,False,9,5,7,2024-07-13,2,1,6,2,0,0,0,0
2024-07-13 09:49:51.213576,Chennai,-94.6,595.32,112.85,18.9,3.33,4G,iPhone 14,Vi,n258,52,38.6,35,2,136.23,2,False,Medium,87.7,True,9,5,7,2024-07-13,1,0,6,0,2,4,0,1
2024-07-13 09:59:51.213573,San Francisco,-73.8,355.93,85.0,9.4,2.4,5G NSA,iPhone 14,Verizon,n78,62,38.9,58,1,351.3,1,False,High,53.4,True,9,5,7,2024-07-13,6,1,5,4,0,4,0,1
2024-07-13 10:09:51.213571,Delhi,-87.9,602.07,80.05,7.6,3.01,4G,Pixel 7,Airtel,n258,98,25.0,45,0,198.7,4,True,High,41.7,True,10,5,7,2024-07-13,2,0,1,0,0,3,1,1
2024-07-13 10:19:51.213568,Kolkata,-65.4,158.32,30.52,19.8,2.87,4G,Pixel 7,Vi,n78,38,43.7,22,3,491.35,1,True,Medium,37.1,False,10,5,7,2024-07-13,3,0,6,4,2,3,1,0
2024-07-13 10:29:51.213565,Mumbai,-91.6,308.86,131.16,15.4,1.01,5G NSA,Nord 4,Airtel,n258,37,23.6,23,4,139.08,5,True,Low,97.7,False,10,5,7,2024-07-13,4,1,1,0,1,2,1,0
2024-07-13 10:39:51.213563,New York,-87.2,678.99,62.75,14.9,3.98,5G NSA,Nord 4,AT&T,n78,22,36.8,4,4,499.33,4,False,Medium,17.3,True,10,5,7,2024-07-13,5,1,0,4,2,2,0,1
2024-07-13 10:49:51.213560,Chennai,-96.7,985.52,21.36,12.3,1.11,5G NSA,Nord 4,Jio,n258,81,44.7,48,2,287.36,1,True,Medium,55.8,True,10,5,7,2024-07-13,1,1,3,0,2,2,1,1
2024-07-13 10:59:51.213558,Delhi,-81.6,918.09,148.71,12.3,2.28,5G SA,iPhone 14,Vi,n28,23,36.2,40,1,479.95,1,True,Low,96.8,False,10,5,7,2024-07-13,2,2,6,2,1,4,1,0
2024-07-13 11:09:51.213555,Mumbai,-70.1,114.01,109.4,4.2,1.54,5G SA,Nord 4,Vi,n28,61,23.5,22,3,254.29,4,True,Medium,50.3,False,11,5,7,2024-07-13,4,2,6,2,2,2,1,0
2024-07-13 11:19:51.213553,Mumbai,-75.1,933.57,37.43,6.9,0.23,4G,Galaxy S23,BSNL,n78,51,44.4,38,3,438.13,3,True,Low,43.9,False,11,5,7,2024-07-13,4,0,2,4,1,1,1,0
2024-07-13 11:29:51.213550,New York,-88.5,954.83,43.08,1.6,2.53,4G,Nord 4,Verizon,n260,39,27.2,31,4,39.61,2,False,Medium,44.9,False,11,5,7,2024-07-13,5,0,5,1,2,2,0,0
2024-07-13 11:39:51.213547,Tokyo,-101.6,824.6,109.72,1.3,3.58,5G NSA,Pixel 7,AT&T,n260,44,29.8,45,3,235.93,3,False,High,58.8,True,11,5,7,2024-07-13,7,1,0,1,0,3,0,1
2024-07-13 11:49:51.213545,Delhi,-60.7,394.73,50.15,10.3,4.36,4G,Nord 4,Jio,n258,28,39.0,26,3,98.78,2,True,Low,42.5,False,11,5,7,2024-07-13,2,0,3,0,1,2,1,0
2024-07-13 11:59:51.213542,Berlin,-61.6,810.02,140.39,6.5,2.22,5G NSA,iPhone 14,AT&T,n41,35,33.5,4,3,186.63,3,True,Low,50.9,False,11,5,7,2024-07-13,0,1,0,3,1,4,1,0
2024-07-13 12:09:51.213540,Delhi,-73.8,848.26,109.53,1.9,0.36,5G SA,iPhone 14,Airtel,n28,85,29.8,9,0,62.73,1,True,High,90.5,True,12,5,7,2024-07-13,2,2,1,2,0,4,1,1
2024-07-13 12:19:51.213537,Chennai,-68.1,545.8,103.27,14.2,0.54,4G,GT 7,Vi,n258,97,44.2,3,2,48.27,2,True,Medium,70.1,True,12,5,7,2024-07-13,1,0,6,0,2,0,1,1
2024-07-13 12:29:51.213534,Chennai,-81.1,375.5,95.5,1.4,3.61,5G SA,iPhone 14,Vi,n78,15,30.8,51,0,272.89,4,False,High,22.9,False,12,5,7,2024-07-13,1,2,6,4,0,4,0,0
2024-07-13 12:39:51.213532,Tokyo,-86.8,547.14,136.59,2.2,2.84,5G SA,iPhone 14,AT&T,n260,44,38.2,22,4,19.75,5,True,Low,34.6,False,12,5,7,2024-07-13,7,2,0,1,1,4,1,0
2024-07-13 12:49:51.213529,New York,-106.7,458.63,47.34,12.2,1.07,5G SA,iPhone 14,T-Mobile,n78,64,23.3,23,4,445.8,5,False,Medium,32.3,False,12,5,7,2024-07-13,5,2,4,4,2,4,0,0
2024-07-13 12:59:51.213527,Mumbai,-76.5,579.22,95.87,5.5,3.56,4G,iPhone 14,Airtel,n28,22,34.7,34,0,243.14,5,False,High,48.4,True,12,5,7,2024-07-13,4,0,1,2,0,4,0,1
2024-07-13 13:09:51.213524,Tokyo,-79.4,145.85,75.81,9.5,3.53,5G SA,Nord 4,T-Mobile,n41,37,44.2,50,3,86.87,5,True,High,65.3,False,13,5,7,2024-07-13,7,2,4,3,0,2,1,0
2024-07-13 13:19:51.213522,San Francisco,-98.2,622.09,118.75,6.3,1.74,4G,Nord 4,T-Mobile,n41,64,43.0,51,0,271.47,4,False,High,29.5,False,13,5,7,2024-07-13,6,0,4,3,0,2,0,0
2024-07-13 13:29:51.213519,San Francisco,-97.0,533.71,85.3,19.5,3.7,5G SA,iPhone 14,T-Mobile,n41,30,44.7,5,3,383.43,1,True,High,51.6,False,13,5,7,2024-07-13,6,2,4,3,0,4,1,0
2024-07-13 13:39:51.213516,Mumbai,-96.7,446.32,129.77,15.3,1.19,4G,Nord 4,Airtel,n258,16,25.8,6,4,472.71,2,True,High,95.1,False,13,5,7,2024-07-13,4,0,1,0,0,2,1,0
2024-07-13 13:49:51.213514,Berlin,-100.0,762.15,91.47,19.0,0.95,5G SA,Nord 4,AT&T,n260,25,35.1,39,1,295.69,2,False,Low,72.5,False,13,5,7,2024-07-13,0,2,0,1,1,2,0,0
2024-07-13 13:59:51.213511,San Francisco,-109.3,859.07,114.75,6.9,0.26,4G,Nord 4,T-Mobile,n78,28,29.2,11,2,253.12,1,True,High,39.5,False,13,5,7,2024-07-13,6,0,4,4,0,2,1,0
2024-07-13 14:09:51.213509,Kolkata,-102.6,295.66,138.16,14.2,3.87,5G NSA,Pixel 7,BSNL,n258,68,39.6,45,4,78.0,5,True,Low,75.8,True,14,5,7,2024-07-13,3,1,2,0,1,3,1,1
2024-07-13 14:19:51.213506,Mumbai,-67.4,608.06,95.66,15.8,3.39,5G NSA,Pixel 7,BSNL,n78,51,25.6,32,2,196.01,3,False,Medium,48.7,True,14,5,7,2024-07-13,4,1,2,4,2,3,0,1
2024-07-13 14:29:51.213504,New York,-61.3,641.04,74.3,11.1,2.82,5G NSA,Nord 4,T-Mobile,n41,43,28.0,13,2,387.6,2,True,High,18.8,True,14,5,7,2024-07-13,5,1,4,3,0,2,1,1
2024-07-13 14:39:51.213501,Chennai,-62.7,347.98,45.39,19.7,1.27,5G NSA,Nord 4,BSNL,n78,39,42.7,46,0,172.44,2,False,Low,46.2,False,14,5,7,2024-07-13,1,1,2,4,1,2,0,0
2024-07-13 14:49:51.213498,Berlin,-99.4,576.96,39.24,6.7,2.37,5G SA,Galaxy S23,Verizon,n78,93,40.1,7,4,12.87,1,False,High,22.3,False,14,5,7,2024-07-13,0,2,5,4,0,1,0,0
2024-07-13 14:59:51.213496,Tokyo,-104.7,538.54,37.89,1.3,1.89,4G,Pixel 7,AT&T,n78,64,40.0,14,0,121.58,5,False,Medium,32.1,False,14,5,7,2024-07-13,7,0,0,4,2,3,0,0
2024-07-13 15:09:51.213490,Kolkata,-89.9,743.78,123.24,13.9,3.3,4G,Nord 4,Jio,n78,97,27.9,41,0,198.38,4,True,Medium,68.1,True,15,5,7,2024-07-13,3,0,3,4,2,2,1,1
2024-07-13 15:19:51.213487,Chennai,-62.5,921.37,74.76,15.3,1.12,5G SA,GT 7,Vi,n78,76,42.0,46,4,204.13,3,False,High,39.1,False,15,5,7,2024-07-13,1,2,6,4,0,0,0,0
2024-07-13 15:29:51.213485,Kolkata,-74.1,264.91,31.85,14.6,1.07,5G NSA,iPhone 14,Jio,n78,87,33.6,24,1,291.79,1,False,Low,27.9,True,15,5,7,2024-07-13,3,1,3,4,1,4,0,1
2024-07-13 15:39:51.213483,Kolkata,-101.7,835.22,103.42,16.0,1.98,4G,Nord 4,Jio,n78,59,39.8,38,4,348.81,3,True,Medium,24.6,False,15,5,7,2024-07-13,3,0,3,4,2,2,1,0
2024-07-13 15:49:51.213481,Mumbai,-90.8,459.39,138.27,1.6,4.84,4G,GT 7,BSNL,n78,63,43.3,25,0,175.43,2,True,High,86.4,True,15,5,7,2024-07-13,4,0,2,4,0,0,1,1
2024-07-13 15:59:51.213479,Tokyo,-74.2,169.65,95.78,15.9,2.37,5G SA,Pixel 7,T-Mobile,n260,47,33.4,36,1,175.9,3,True,Medium,88.5,False,15,5,7,2024-07-13,7,2,4,1,2,3,1,0
2024-07-13 16:09:51.213477,New York,-85.1,178.33,39.98,2.3,0.75,5G NSA,GT 7,Verizon,n41,22,21.1,2,0,123.06,2,True,High,88.2,True,16,5,7,2024-07-13,5,1,5,3,0,0,1,1
2024-07-13 16:19:51.213475,New York,-99.8,160.62,30.9,3.0,4.68,5G SA,Pixel 7,T-Mobile,n41,24,26.1,18,0,439.78,1,False,Low,97.8,True,16,5,7,2024-07-13,5,2,4,3,1,3,0,1
2024-07-13 16:29:51.213473,Chennai,-90.9,524.54,94.56,18.1,1.06,5G SA,Galaxy S23,Jio,n258,95,38.6,34,4,60.52,3,True,Medium,16.2,False,16,5,7,2024-07-13,1,2,3,0,2,1,1,0
2024-07-13 16:39:51.213471,Delhi,-96.2,488.34,143.84,13.7,4.45,5G NSA,iPhone 14,Vi,n78,45,22.6,27,1,220.11,4,True,Medium,41.4,True,16,5,7,2024-07-13,2,1,6,4,2,4,1,1
2024-07-13 16:49:51.213469,Tokyo,-78.5,864.11,107.58,15.8,3.78,4G,GT 7,T-Mobile,n41,37,28.4,13,1,104.16,1,True,Medium,75.4,False,16,5,7,2024-07-13,7,0,4,3,2,0,1,0
2024-07-13 16:59:51.213467,Mumbai,-106.0,120.68,54.64,8.4,0.26,4G,Pixel 7,Airtel,n258,26,21.8,12,3,266.5,2,True,Medium,70.8,True,16,5,7,2024-07-13,4,0,1,0,2,3,1,1
2024-07-13 17:09:51.213464,Chennai,-85.7,131.07,63.45,10.2,2.18,5G NSA,GT 7,Vi,n258,12,35.2,7,0,17.23,1,False,Low,33.1,True,17,5,7,2024-07-13,1,1,6,0,1,0,0,1
2024-07-13 17:19:51.213462,Berlin,-71.4,767.83,56.24,9.8,4.05,4G,Nord 4,Verizon,n260,37,21.3,35,3,475.53,1,True,Medium,92.4,True,17,5,7,2024-07-13,0,0,5,1,2,2,1,1
2024-07-13 17:29:51.213459,Tokyo,-70.0,674.7,140.65,1.8,4.08,4G,GT 7,T-Mobile,n78,47,28.6,58,4,154.57,5,False,High,56.9,False,17,5,7,2024-07-13,7,0,4,4,0,0,0,0
2024-07-13 17:39:51.213457,San Francisco,-109.0,614.88,84.95,16.6,2.84,5G NSA,Pixel 7,T-Mobile,n41,75,40.6,6,2,495.07,2,True,Low,43.8,False,17,5,7,2024-07-13,6,1,4,3,1,3,1,0
2024-07-13 17:49:51.213454,Mumbai,-92.8,771.61,108.43,6.3,4.41,5G SA,Galaxy S23,Vi,n78,22,23.4,21,1,398.81,1,False,Low,89.9,False,17,5,7,2024-07-13,4,2,6,4,1,1,0,0
2024-07-13 17:59:51.213452,Chennai,-65.7,252.68,88.82,9.3,1.73,4G,GT 7,Airtel,n78,30,27.2,39,1,433.59,2,True,Medium,82.3,True,17,5,7,2024-07-13,1,0,1,4,2,0,1,1
2024-07-13 18:09:51.213449,Kolkata,-78.3,174.31,145.73,16.2,0.17,5G SA,Galaxy S23,Airtel,n28,27,37.2,1,1,116.97,5,True,Low,58.9,True,18,5,7,2024-07-13,3,2,1,2,1,1,1,1
2024-07-13 18:19:51.213446,Chennai,-108.9,224.04,35.31,6.9,4.9,5G NSA,Galaxy S23,Jio,n78,77,29.2,22,1,183.8,4,False,Low,68.2,False,18,5,7,2024-07-13,1,1,3,4,1,1,0,0
2024-07-13 18:29:51.213444,New York,-73.0,953.91,95.86,16.5,3.09,5G NSA,Galaxy S23,Verizon,n78,91,20.7,6,4,230.32,2,True,Low,85.4,False,18,5,7,2024-07-13,5,1,5,4,1,1,1,0
2024-07-13 18:39:51.213441,Delhi,-100.8,520.79,27.67,10.4,0.67,5G SA,GT 7,BSNL,n28,58,24.9,20,2,299.55,1,True,Low,28.8,True,18,5,7,2024-07-13,2,2,2,2,1,0,1,1
2024-07-13 18:49:51.213439,Delhi,-104.2,690.33,92.11,13.9,1.88,4G,Nord 4,Jio,n28,61,30.9,45,2,77.45,4,True,Low,87.0,True,18,5,7,2024-07-13,2,0,3,2,1,2,1,1
2024-07-13 18:59:51.213436,Tokyo,-88.9,293.14,42.37,12.8,0.34,5G SA,Pixel 7,AT&T,n260,11,30.4,23,0,355.8,3,True,Medium,45.7,True,18,5,7,2024-07-13,7,2,0,1,2,3,1,1
2024-07-13 19:09:51.213434,Mumbai,-102.7,342.81,123.21,7.2,3.9,5G NSA,GT 7,BSNL,n258,15,44.5,57,3,276.89,2,False,Medium,33.9,True,19,5,7,2024-07-13,4,1,2,0,2,0,0,1
2024-07-13 19:19:51.213431,Chennai,-100.3,253.6,137.49,17.9,4.37,5G SA,Nord 4,Vi,n78,99,28.5,5,2,300.16,1,False,Medium,65.2,True,19,5,7,2024-07-13,1,2,6,4,2,2,0,1
2024-07-13 19:29:51.213428,Tokyo,-108.0,459.62,100.48,14.4,4.08,5G SA,Nord 4,T-Mobile,n78,67,43.6,39,1,284.67,4,False,High,92.5,False,19,5,7,2024-07-13,7,2,4,4,0,2,0,0
2024-07-13 19:39:51.213426,Mumbai,-103.9,857.7,69.18,17.9,1.27,5G SA,Galaxy S23,BSNL,n258,16,29.3,47,3,124.16,1,False,Medium,63.3,True,19,5,7,2024-07-13,4,2,2,0,2,1,0,1
2024-07-13 19:49:51.213423,San Francisco,-104.5,633.68,133.88,5.0,3.33,5G SA,iPhone 14,Verizon,n41,92,28.7,22,1,74.97,3,False,High,33.6,True,19,5,7,2024-07-13,6,2,5,3,0,4,0,1
2024-07-13 19:59:51.213421,Mumbai,-100.5,257.63,49.49,8.8,2.08,5G SA,iPhone 14,Airtel,n28,98,36.9,13,3,92.14,1,True,Medium,43.8,True,19,5,7,2024-07-13,4,2,1,2,2,4,1,1
2024-07-13 20:09:51.213418,San Francisco,-77.2,154.26,104.24,5.8,4.65,5G SA,iPhone 14,T-Mobile,n260,14,20.8,46,1,22.03,2,True,High,13.5,False,20,5,7,2024-07-13,6,2,4,1,0,4,1,0
2024-07-13 20:19:51.213415,Delhi,-89.3,401.87,30.12,7.9,0.27,5G NSA,Galaxy S23,Airtel,n78,80,31.2,44,3,445.18,1,False,Low,31.7,True,20,5,7,2024-07-13,2,1,1,4,1,1,0,1
2024-07-13 20:29:51.213413,Tokyo,-75.1,372.51,64.64,3.1,3.46,5G SA,Nord 4,Verizon,n41,80,41.1,10,2,303.65,4,True,High,76.0,True,20,5,7,2024-07-13,7,2,5,3,0,2,1,1
2024-07-13 20:39:51.213410,Berlin,-83.5,300.84,139.74,4.0,0.9,4G,Pixel 7,AT&T,n260,56,33.0,27,0,116.75,4,True,Medium,45.1,False,20,5,7,2024-07-13,0,0,0,1,2,3,1,0
2024-07-13 20:49:51.213408,New York,-85.2,763.53,22.9,11.7,3.06,5G SA,GT 7,Verizon,n260,87,23.4,47,4,130.08,4,False,High,42.6,True,20,5,7,2024-07-13,5,2,5,1,0,0,0,1
2024-07-13 20:59:51.213405,Berlin,-89.6,124.65,125.8,12.4,4.41,5G NSA,Nord 4,T-Mobile,n260,20,21.6,9,0,81.86,5,False,Low,74.2,False,20,5,7,2024-07-13,0,1,4,1,1,2,0,0
2024-07-13 21:09:51.213402,Mumbai,-95.9,557.24,62.47,9.6,3.15,5G SA,Nord 4,Airtel,n258,65,29.5,36,3,219.06,4,False,Medium,90.3,True,21,5,7,2024-07-13,4,2,1,0,2,2,0,1
2024-07-13 21:19:51.213400,Tokyo,-84.9,199.21,127.7,3.3,0.19,5G NSA,Nord 4,T-Mobile,n78,10,40.9,44,1,209.33,1,True,Medium,52.8,True,21,5,7,2024-07-13,7,1,4,4,2,2,1,1
2024-07-13 21:29:51.213397,Delhi,-85.1,504.07,68.78,12.1,3.74,5G SA,GT 7,Airtel,n258,59,26.8,50,4,131.69,2,True,Medium,30.8,True,21,5,7,2024-07-13,2,2,1,0,2,0,1,1
2024-07-13 21:39:51.213395,Chennai,-106.6,341.97,121.67,12.2,1.64,5G SA,Galaxy S23,Jio,n28,20,21.5,2,2,168.81,4,True,Low,21.1,False,21,5,7,2024-07-13,1,2,3,2,1,1,1,0
2024-07-13 21:49:51.213392,Kolkata,-71.7,388.96,22.16,7.0,3.54,5G SA,GT 7,Airtel,n78,28,42.1,46,1,114.45,1,False,Low,62.6,True,21,5,7,2024-07-13,3,2,1,4,1,0,0,1
2024-07-13 21:59:51.213390,New York,-65.8,920.58,37.5,2.7,1.19,5G NSA,GT 7,Verizon,n260,40,39.9,44,3,245.19,1,True,Low,50.7,False,21,5,7,2024-07-13,5,1,5,1,1,0,1,0
2024-07-13 22:09:51.213387,Delhi,-74.6,312.8,137.03,1.8,1.2,4G,iPhone 14,Vi,n78,25,44.3,25,3,98.21,4,False,High,65.7,True,22,5,7,2024-07-13,2,0,6,4,0,4,0,1
2024-07-13 22:19:51.213385,Kolkata,-74.7,144.62,53.47,11.5,1.57,5G NSA,Pixel 7,BSNL,n28,75,38.3,23,4,76.96,1,False,Medium,52.6,True,22,5,7,2024-07-13,3,1,2,2,2,3,0,1
2024-07-13 22:29:51.213382,Kolkata,-67.5,955.55,22.05,12.6,2.45,5G NSA,Galaxy S23,Airtel,n28,50,29.5,58,1,401.5,5,True,Low,85.4,True,22,5,7,2024-07-13,3,1,1,2,1,1,1,1
2024-07-13 22:39:51.213379,Tokyo,-69.9,701.9,134.15,13.3,1.08,5G SA,Pixel 7,Verizon,n78,73,39.3,19,0,122.56,3,False,High,67.1,False,22,5,7,2024-07-13,7,2,5,4,0,3,0,0
2024-07-13 22:49:51.213377,Berlin,-80.4,952.02,55.48,18.8,0.43,4G,Pixel 7,Verizon,n41,86,29.8,44,2,17.81,4,True,Medium,70.1,False,22,5,7,2024-07-13,0,0,5,3,2,3,1,0
2024-07-13 22:59:51.213374,Chennai,-85.1,552.07,40.51,19.2,4.44,4G,GT 7,BSNL,n78,28,39.5,9,4,393.23,4,False,Low,51.2,True,22,5,7,2024-07-13,1,0,2,4,1,0,0,1
2024-07-13 23:09:51.213372,Chennai,-103.0,739.95,21.93,3.3,1.82,5G SA,Nord 4,Airtel,n258,29,20.8,42,4,382.9,5,False,High,17.6,True,23,5,7,2024-07-13,1,2,1,0,0,2,0,1
2024-07-13 23:19:51.213369,New York,-81.3,246.33,96.89,6.2,1.01,5G NSA,Nord 4,AT&T,n78,19,35.4,14,4,339.19,2,True,Low,23.5,True,23,5,7,2024-07-13,5,1,0,4,1,2,1,1
2024-07-13 23:29:51.213366,Delhi,-78.5,359.93,111.45,17.2,4.87,5G NSA,Nord 4,Jio,n258,46,38.4,49,2,477.81,5,False,Low,70.1,False,23,5,7,2024-07-13,2,1,3,0,1,2,0,0
2024-07-13 23:39:51.213364,Chennai,-62.4,990.3,93.52,17.9,1.04,5G SA,iPhone 14,Airtel,n28,33,41.8,7,3,86.51,1,False,High,58.7,True,23,5,7,2024-07-13,1,2,1,2,0,4,0,1
2024-07-13 23:49:51.213361,Tokyo,-64.9,177.15,114.44,9.0,3.02,5G SA,iPhone 14,T-Mobile,n41,64,34.6,43,1,12.52,4,True,High,77.4,True,23,5,7,2024-07-13,7,2,4,3,0,4,1,1
2024-07-13 23:59:51.213359,Chennai,-104.2,269.57,141.09,10.1,1.86,5G NSA,Nord 4,Vi,n258,96,30.8,56,2,390.91,5,False,Medium,73.7,True,23,5,7,2024-07-13,1,1,6,0,2,2,0,1
2024-07-14 00:09:51.213356,Berlin,-63.9,965.56,55.13,12.1,0.33,5G NSA,Galaxy S23,T-Mobile,n78,57,38.3,38,3,456.45,4,True,High,70.7,False,0,6,7,2024-07-14,0,1,4,4,0,1,1,0
2024-07-14 00:19:51.213353,Chennai,-71.0,614.22,148.55,3.6,2.44,5G SA,Galaxy S23,Vi,n78,88,35.2,55,4,186.78,3,True,Medium,58.2,False,0,6,7,2024-07-14,1,2,6,4,2,1,1,0
2024-07-14 00:29:51.213351,Mumbai,-78.1,343.73,42.94,1.6,4.22,5G NSA,Pixel 7,Jio,n78,39,32.2,38,1,461.35,1,False,Low,23.8,True,0,6,7,2024-07-14,4,1,3,4,1,3,0,1
2024-07-14 00:39:51.213348,Kolkata,-94.4,829.91,30.47,11.4,3.79,4G,iPhone 14,Airtel,n78,17,27.6,50,3,289.68,1,False,High,48.2,False,0,6,7,2024-07-14,3,0,1,4,0,4,0,0
2024-07-14 00:49:51.213346,Kolkata,-61.2,416.68,37.08,14.9,4.13,5G SA,GT 7,Vi,n78,75,32.3,6,0,209.63,4,True,Medium,49.0,False,0,6,7,2024-07-14,3,2,6,4,2,0,1,0
2024-07-14 00:59:51.213343,New York,-67.6,791.65,42.33,16.3,3.39,5G SA,iPhone 14,AT&T,n41,78,39.1,8,0,279.87,3,False,High,17.7,True,0,6,7,2024-07-14,5,2,0,3,0,4,0,1
2024-07-14 01:09:51.213340,Mumbai,-80.2,134.67,58.03,15.3,0.98,5G NSA,iPhone 14,BSNL,n28,64,31.8,53,0,482.88,1,False,High,14.4,False,1,6,7,2024-07-14,4,1,2,2,0,4,0,0
2024-07-14 01:19:51.213338,Berlin,-89.9,619.11,64.05,8.7,4.66,5G SA,Pixel 7,T-Mobile,n260,78,42.9,10,3,481.64,2,True,Medium,60.8,True,1,6,7,2024-07-14,0,2,4,1,2,3,1,1
2024-07-14 01:29:51.213335,Mumbai,-92.3,735.77,26.98,18.9,2.58,5G NSA,GT 7,BSNL,n78,41,22.6,34,0,394.54,4,False,Low,82.3,True,1,6,7,2024-07-14,4,1,2,4,1,0,0,1
2024-07-14 01:39:51.213333,Berlin,-70.8,991.47,54.11,2.4,4.13,4G,iPhone 14,T-Mobile,n260,45,39.1,5,3,495.55,1,False,Medium,14.8,False,1,6,7,2024-07-14,0,0,4,1,2,4,0,0
2024-07-14 01:49:51.213330,Chennai,-107.0,345.7,62.2,17.2,3.78,5G SA,GT 7,Vi,n258,52,43.9,55,1,234.39,2,True,Low,98.4,False,1,6,7,2024-07-14,1,2,6,0,1,0,1,0
2024-07-14 01:59:51.213327,Berlin,-91.3,614.38,102.38,14.6,3.06,5G SA,Pixel 7,Verizon,n260,68,28.7,31,1,456.35,4,True,Low,98.5,True,1,6,7,2024-07-14,0,2,5,1,1,3,1,1
2024-07-14 02:09:51.213325,Chennai,-104.8,460.59,142.93,12.9,3.23,5G SA,GT 7,Airtel,n78,83,41.5,46,0,28.65,5,False,Low,87.4,True,2,6,7,2024-07-14,1,2,1,4,1,0,0,1
2024-07-14 02:19:51.213322,Kolkata,-77.0,151.82,98.48,2.9,2.85,5G SA,Pixel 7,Vi,n78,81,34.1,11,1,222.58,2,False,High,71.0,False,2,6,7,2024-07-14,3,2,6,4,0,3,0,0
2024-07-14 02:29:51.213320,Chennai,-85.4,948.47,41.34,5.9,2.13,4G,GT 7,Jio,n78,77,37.5,46,0,318.39,2,True,Medium,32.4,True,2,6,7,2024-07-14,1,0,3,4,2,0,1,1
2024-07-14 02:39:51.213317,Tokyo,-101.2,860.43,149.71,4.0,1.35,5G SA,Galaxy S23,Verizon,n78,41,35.2,23,2,371.49,5,True,High,83.4,False,2,6,7,2024-07-14,7,2,5,4,0,1,1,0
2024-07-14 02:49:51.213315,Delhi,-88.9,843.39,22.2,19.6,3.53,4G,Galaxy S23,Airtel,n258,54,23.8,34,0,357.01,3,False,High,14.5,False,2,6,7,2024-07-14,2,0,1,0,0,1,0,0
2024-07-14 02:59:51.213312,Mumbai,-67.9,448.41,108.73,1.6,0.77,4G,Pixel 7,Vi,n28,13,41.7,40,3,185.55,3,True,Medium,67.3,True,2,6,7,2024-07-14,4,0,6,2,2,3,1,1
2024-07-14 03:09:51.213309,Mumbai,-100.0,243.57,141.53,3.5,4.15,5G NSA,Galaxy S23,Vi,n28,27,21.1,14,2,396.95,3,False,Low,34.7,False,3,6,7,2024-07-14,4,1,6,2,1,1,0,0
2024-07-14 03:19:51.213307,Chennai,-82.6,579.41,32.47,2.0,3.26,5G NSA,GT 7,Vi,n28,73,43.6,54,0,140.54,4,True,Low,20.4,True,3,6,7,2024-07-14,1,1,6,2,1,0,1,1
2024-07-14 03:29:51.213304,Mumbai,-94.2,390.32,52.03,4.1,2.56,5G SA,Galaxy S23,Vi,n78,94,30.9,14,4,335.15,3,False,High,65.3,True,3,6,7,2024-07-14,4,2,6,4,0,1,0,1
2024-07-14 03:39:51.213302,San Francisco,-71.5,942.51,143.85,11.1,2.77,4G,Pixel 7,Verizon,n260,50,39.7,34,2,139.91,4,True,Medium,52.5,True,3,6,7,2024-07-14,6,0,5,1,2,3,1,1
2024-07-14 03:49:51.213299,Delhi,-97.8,715.1,53.65,14.6,2.44,5G NSA,Pixel 7,Vi,n258,81,39.9,8,4,260.32,4,False,Medium,66.9,True,3,6,7,2024-07-14,2,1,6,0,2,3,0,1
2024-07-14 03:59:51.213296,San Francisco,-68.0,496.68,75.31,10.0,4.8,5G SA,iPhone 14,AT&T,n78,25,33.3,11,1,57.62,2,False,High,27.0,False,3,6,7,2024-07-14,6,2,0,4,0,4,0,0
2024-07-14 04:09:51.213294,New York,-84.8,629.87,71.03,11.5,3.06,5G NSA,Nord 4,AT&T,n41,55,43.5,24,0,52.8,2,False,Low,80.7,True,4,6,7,2024-07-14,5,1,0,3,1,2,0,1
2024-07-14 04:19:51.213291,Berlin,-89.5,404.99,37.85,17.6,3.03,5G NSA,iPhone 14,Verizon,n41,64,29.5,35,1,248.89,5,True,Medium,48.3,True,4,6,7,2024-07-14,0,1,5,3,2,4,1,1
2024-07-14 04:29:51.213289,Mumbai,-80.6,474.72,68.03,10.3,4.13,5G SA,Nord 4,BSNL,n78,55,24.4,12,4,308.1,4,True,High,62.8,True,4,6,7,2024-07-14,4,2,2,4,0,2,1,1
2024-07-14 04:39:51.213286,New York,-74.8,487.96,84.29,9.4,3.06,5G SA,Pixel 7,AT&T,n41,10,40.0,13,0,131.22,1,False,Medium,52.4,True,4,6,7,2024-07-14,5,2,0,3,2,3,0,1
2024-07-14 04:49:51.213283,Tokyo,-65.0,519.14,82.09,6.9,1.01,4G,GT 7,Verizon,n260,62,40.3,7,0,374.11,1,True,Low,14.7,True,4,6,7,2024-07-14,7,0,5,1,1,0,1,1
2024-07-14 04:59:51.213281,Berlin,-66.6,456.95,112.4,8.1,2.71,4G,GT 7,T-Mobile,n78,87,31.0,5,1,130.11,4,True,Low,92.7,False,4,6,7,2024-07-14,0,0,4,4,1,0,1,0
2024-07-14 05:09:51.213278,Kolkata,-87.7,877.99,112.04,18.2,4.84,5G SA,iPhone 14,Jio,n78,57,25.9,51,1,494.87,3,False,Medium,21.2,True,5,6,7,2024-07-14,3,2,3,4,2,4,0,1
2024-07-14 05:19:51.213275,Mumbai,-102.2,932.15,90.45,11.6,4.67,4G,Nord 4,Airtel,n28,55,21.3,35,4,50.17,4,False,Medium,76.6,False,5,6,7,2024-07-14,4,0,1,2,2,2,0,0
2024-07-14 05:29:51.213268,Chennai,-108.2,195.93,31.97,13.0,0.36,5G NSA,iPhone 14,Airtel,n258,25,26.7,12,2,172.4,4,True,Low,73.2,True,5,6,7,2024-07-14,1,1,1,0,1,4,1,1
2024-07-14 05:39:51.213265,Delhi,-70.1,631.84,145.04,8.8,4.2,4G,Pixel 7,Airtel,n28,46,32.6,25,3,207.16,2,False,Low,16.2,True,5,6,7,2024-07-14,2,0,1,2,1,3,0,1
2024-07-14 05:49:51.213262,Kolkata,-66.1,338.93,49.72,16.0,3.52,4G,iPhone 14,Jio,n78,25,35.7,37,1,128.4,4,False,Medium,43.4,False,5,6,7,2024-07-14,3,0,3,4,2,4,0,0
2024-07-14 05:59:51.213260,Chennai,-62.6,605.55,94.23,17.5,3.03,4G,Galaxy S23,Vi,n28,29,27.2,1,3,481.89,5,False,High,64.2,False,5,6,7,2024-07-14,1,0,6,2,0,1,0,0
2024-07-14 06:09:51.213257,Tokyo,-66.0,459.05,79.82,5.7,3.85,4G,Nord 4,T-Mobile,n41,58,32.8,11,0,264.25,1,False,High,81.9,False,6,6,7,2024-07-14,7,0,4,3,0,2,0,0
2024-07-14 06:19:51.213255,Berlin,-77.1,301.58,21.88,11.2,3.37,5G NSA,iPhone 14,Verizon,n41,67,36.9,40,1,423.47,4,False,Medium,82.2,True,6,6,7,2024-07-14,0,1,5,3,2,4,0,1
2024-07-14 06:29:51.213252,Mumbai,-69.1,280.21,70.32,13.4,2.41,5G SA,iPhone 14,BSNL,n258,19,37.9,54,1,369.17,4,False,Low,40.4,True,6,6,7,2024-07-14,4,2,2,0,1,4,0,1
2024-07-14 06:39:51.213249,Delhi,-95.3,524.1,137.34,18.4,0.34,5G NSA,iPhone 14,Vi,n28,34,44.3,32,2,401.79,3,True,Medium,87.9,False,6,6,7,2024-07-14,2,1,6,2,2,4,1,0
2024-07-14 06:49:51.213247,New York,-63.5,401.01,85.6,1.9,0.87,5G SA,GT 7,AT&T,n41,37,39.6,1,3,40.71,2,True,High,55.0,True,6,6,7,2024-07-14,5,2,0,3,0,0,1,1
2024-07-14 06:59:51.213244,Tokyo,-104.2,173.64,29.22,17.1,0.69,4G,Nord 4,AT&T,n78,29,42.8,21,1,153.79,5,True,Medium,23.2,True,6,6,7,2024-07-14,7,0,0,4,2,2,1,1
2024-07-14 07:09:51.213242,San Francisco,-81.7,211.61,89.61,2.5,2.28,5G SA,Nord 4,T-Mobile,n41,23,37.7,33,3,498.68,2,True,Medium,43.3,False,7,6,7,2024-07-14,6,2,4,3,2,2,1,0
2024-07-14 07:19:51.213239,Tokyo,-91.0,902.02,60.75,16.6,0.55,5G NSA,GT 7,T-Mobile,n260,77,35.4,1,2,43.02,5,True,Low,29.6,True,7,6,7,2024-07-14,7,1,4,1,1,0,1,1
2024-07-14 07:29:51.213236,Berlin,-90.9,923.02,24.06,4.8,3.26,5G SA,GT 7,Verizon,n41,24,36.2,28,4,411.12,3,True,Medium,79.3,False,7,6,7,2024-07-14,0,2,5,3,2,0,1,0
2024-07-14 07:39:51.213234,New York,-94.4,805.44,89.54,19.2,2.67,5G SA,Pixel 7,Verizon,n260,78,43.3,17,4,271.05,5,False,High,18.2,False,7,6,7,2024-07-14,5,2,5,1,0,3,0,0
2024-07-14 07:49:51.213231,Chennai,-108.9,853.13,57.65,19.4,0.74,5G NSA,Galaxy S23,BSNL,n258,64,26.0,29,1,104.4,5,False,Low,47.8,True,7,6,7,2024-07-14,1,1,2,0,1,1,0,1
2024-07-14 07:59:51.213229,Delhi,-108.2,964.22,100.56,2.8,0.76,5G NSA,Pixel 7,Airtel,n28,38,34.6,50,0,31.14,5,False,Medium,76.3,True,7,6,7,2024-07-14,2,1,1,2,2,3,0,1
2024-07-14 08:09:51.213226,Kolkata,-72.5,474.16,77.97,17.5,3.52,4G,iPhone 14,Vi,n258,74,44.5,32,1,332.03,2,True,Medium,39.3,False,8,6,7,2024-07-14,3,0,6,0,2,4,1,0
2024-07-14 08:19:51.213210,Kolkata,-98.5,866.92,84.28,13.6,1.56,4G,iPhone 14,BSNL,n28,61,26.8,2,3,220.3,1,False,Medium,27.7,False,8,6,7,2024-07-14,3,0,2,2,2,4,0,0
2024-07-14 08:29:51.213207,Tokyo,-87.8,298.21,140.46,8.9,0.14,4G,iPhone 14,T-Mobile,n78,84,41.9,59,4,146.11,4,True,Low,40.6,False,8,6,7,2024-07-14,7,0,4,4,1,4,1,0
2024-07-14 08:39:51.213205,New York,-72.1,950.37,117.1,3.9,1.17,5G NSA,GT 7,Verizon,n78,46,26.9,52,1,491.28,4,True,Low,56.6,False,8,6,7,2024-07-14,5,1,5,4,1,0,1,0
2024-07-14 08:49:51.213203,Berlin,-77.0,749.59,27.92,1.9,4.85,5G SA,Galaxy S23,AT&T,n260,27,28.8,9,0,461.45,3,True,High,97.5,True,8,6,7,2024-07-14,0,2,0,1,0,1,1,1
2024-07-14 08:59:51.213200,Tokyo,-103.5,311.49,139.75,15.9,2.7,5G NSA,GT 7,AT&T,n260,64,26.7,38,1,244.84,1,True,Medium,96.6,True,8,6,7,2024-07-14,7,1,0,1,2,0,1,1
2024-07-14 09:09:51.213197,Tokyo,-91.7,208.64,147.56,5.5,3.44,5G NSA,GT 7,T-Mobile,n260,42,43.9,49,1,115.66,3,False,Low,81.1,False,9,6,7,2024-07-14,7,1,4,1,1,0,0,0
2024-07-14 09:19:51.213195,New York,-99.0,178.92,56.2,4.4,1.29,4G,iPhone 14,T-Mobile,n78,29,26.1,48,2,225.42,5,False,High,45.3,True,9,6,7,2024-07-14,5,0,4,4,0,4,0,1
2024-07-14 09:29:51.213192,Kolkata,-61.2,563.89,81.37,16.2,0.63,5G NSA,Pixel 7,Jio,n78,79,35.2,9,4,266.6,5,False,Low,50.5,False,9,6,7,2024-07-14,3,1,3,4,1,3,0,0
2024-07-14 09:39:51.213190,Mumbai,-62.3,960.52,142.19,5.6,1.5,5G NSA,Nord 4,BSNL,n78,42,25.5,7,0,380.07,5,False,High,82.7,True,9,6,7,2024-07-14,4,1,2,4,0,2,0,1
2024-07-14 09:49:51.213187,New York,-84.8,621.32,106.43,6.3,1.21,4G,GT 7,T-Mobile,n260,99,23.4,33,0,371.42,5,False,Low,84.1,True,9,6,7,2024-07-14,5,0,4,1,1,0,0,1
2024-07-14 09:59:51.213185,New York,-85.0,513.06,36.36,4.9,4.15,4G,Galaxy S23,T-Mobile,n78,69,43.4,1,2,73.1,1,False,High,33.1,False,9,6,7,2024-07-14,5,0,4,4,0,1,0,0
2024-07-14 10:09:51.213182,Berlin,-105.4,456.11,101.69,9.7,3.61,5G SA,Galaxy S23,Verizon,n41,17,41.4,57,0,226.11,5,True,Low,71.3,True,10,6,7,2024-07-14,0,2,5,3,1,1,1,1
2024-07-14 10:19:51.213179,San Francisco,-100.7,511.93,77.26,16.5,3.84,5G SA,iPhone 14,T-Mobile,n78,15,29.2,11,0,454.25,4,False,High,72.1,True,10,6,7,2024-07-14,6,2,4,4,0,4,0,1
2024-07-14 10:29:51.213177,Chennai,-60.3,674.1,74.07,7.4,1.2,4G,GT 7,Vi,n78,59,23.7,9,0,485.61,1,False,Medium,60.8,True,10,6,7,2024-07-14,1,0,6,4,2,0,0,1
2024-07-14 10:39:51.213174,San Francisco,-103.0,611.56,79.81,18.8,0.11,5G SA,Nord 4,Verizon,n260,26,39.4,38,2,164.76,2,True,Medium,82.0,False,10,6,7,2024-07-14,6,2,5,1,2,2,1,0
2024-07-14 10:49:51.213172,Delhi,-98.8,799.03,55.23,17.7,2.13,5G SA,iPhone 14,BSNL,n28,55,22.9,52,1,313.42,2,True,Low,91.6,True,10,6,7,2024-07-14,2,2,2,2,1,4,1,1
2024-07-14 10:59:51.213169,Kolkata,-72.5,644.76,121.88,17.2,1.92,5G NSA,GT 7,Vi,n78,24,40.7,23,0,484.68,5,False,High,59.9,False,10,6,7,2024-07-14,3,1,6,4,0,0,0,0
2024-07-14 11:09:51.213167,Delhi,-73.0,709.6,119.99,9.8,3.23,5G SA,Nord 4,Jio,n258,44,21.2,47,1,186.49,3,False,Low,84.8,True,11,6,7,2024-07-14,2,2,3,0,1,2,0,1
2024-07-14 11:19:51.213164,New York,-101.3,439.35,83.14,16.4,3.83,4G,Galaxy S23,T-Mobile,n78,78,35.5,13,0,468.22,5,True,Medium,20.0,False,11,6,7,2024-07-14,5,0,4,4,2,1,1,0
2024-07-14 11:29:51.213161,Mumbai,-93.4,687.72,33.57,12.7,1.11,5G SA,Galaxy S23,BSNL,n78,67,31.5,6,4,316.74,3,False,Low,91.1,True,11,6,7,2024-07-14,4,2,2,4,1,1,0,1
2024-07-14 11:39:51.213159,San Francisco,-107.2,158.34,122.06,11.3,2.51,5G SA,GT 7,T-Mobile,n260,54,23.8,56,3,285.92,1,True,High,25.0,True,11,6,7,2024-07-14,6,2,4,1,0,0,1,1
2024-07-14 11:49:51.213156,Berlin,-98.8,690.47,32.57,1.9,3.46,5G NSA,Nord 4,Verizon,n41,54,27.5,23,3,272.17,5,True,Medium,60.7,True,11,6,7,2024-07-14,0,1,5,3,2,2,1,1
2024-07-14 11:59:51.213154,Chennai,-66.1,359.72,65.18,19.8,1.5,5G SA,Galaxy S23,BSNL,n28,19,29.1,28,2,304.61,1,False,Medium,73.4,True,11,6,7,2024-07-14,1,2,2,2,2,1,0,1
2024-07-14 12:09:51.213151,Mumbai,-92.8,137.51,112.95,1.6,2.31,4G,Nord 4,Airtel,n258,70,31.1,14,4,324.98,1,False,Low,17.0,True,12,6,7,2024-07-14,4,0,1,0,1,2,0,1
2024-07-14 12:19:51.213149,New York,-67.9,285.23,99.57,7.1,3.63,4G,iPhone 14,Verizon,n78,14,38.5,42,3,286.25,1,False,High,11.2,False,12,6,7,2024-07-14,5,0,5,4,0,4,0,0
2024-07-14 12:29:51.213146,San Francisco,-102.0,748.88,36.6,7.2,4.97,5G SA,Pixel 7,AT&T,n78,92,23.0,4,4,360.43,1,False,Medium,56.6,False,12,6,7,2024-07-14,6,2,0,4,2,3,0,0
2024-07-14 12:39:51.213143,Berlin,-79.1,297.99,148.98,11.8,2.22,5G SA,Pixel 7,T-Mobile,n260,95,41.4,56,2,420.37,3,True,Medium,53.5,True,12,6,7,2024-07-14,0,2,4,1,2,3,1,1
2024-07-14 12:49:51.213141,Delhi,-101.3,117.25,57.62,8.0,3.5,5G NSA,Galaxy S23,BSNL,n78,40,29.8,2,1,178.65,3,True,High,38.0,True,12,6,7,2024-07-14,2,1,2,4,0,1,1,1
2024-07-14 12:59:51.213138,Kolkata,-106.5,536.7,59.61,13.8,0.69,5G NSA,Nord 4,Airtel,n78,49,29.3,22,0,358.08,5,True,Low,76.8,False,12,6,7,2024-07-14,3,1,1,4,1,2,1,0
2024-07-14 13:09:51.213136,Tokyo,-60.7,282.13,47.57,12.8,1.26,5G NSA,Pixel 7,AT&T,n78,49,35.4,7,3,475.71,4,False,High,98.0,False,13,6,7,2024-07-14,7,1,0,4,0,3,0,0
2024-07-14 13:19:51.213133,Mumbai,-93.1,719.67,99.95,3.4,0.53,5G SA,Pixel 7,Vi,n28,24,34.0,8,1,75.67,5,False,Low,48.8,False,13,6,7,2024-07-14,4,2,6,2,1,3,0,0
2024-07-14 13:29:51.213130,Mumbai,-86.8,546.88,57.12,15.0,0.14,5G NSA,iPhone 14,Vi,n258,95,38.4,44,4,274.67,1,True,High,24.6,False,13,6,7,2024-07-14,4,1,6,0,0,4,1,0
2024-07-14 13:39:51.213128,San Francisco,-108.4,163.44,108.26,2.6,3.42,4G,iPhone 14,AT&T,n78,63,32.3,42,1,198.18,3,True,Low,18.1,True,13,6,7,2024-07-14,6,0,0,4,1,4,1,1
2024-07-14 13:49:51.213125,Tokyo,-80.3,454.24,123.52,2.9,2.32,5G NSA,iPhone 14,AT&T,n41,35,32.3,29,1,103.93,2,True,Low,22.2,True,13,6,7,2024-07-14,7,1,0,3,1,4,1,1
2024-07-14 13:59:51.213123,San Francisco,-79.9,775.87,111.86,17.4,3.58,5G SA,Pixel 7,Verizon,n260,51,24.6,35,4,391.04,5,True,Medium,71.7,False,13,6,7,2024-07-14,6,2,5,1,2,3,1,0
2024-07-14 14:09:51.213120,Chennai,-94.1,959.67,63.05,7.6,1.5,5G SA,Pixel 7,Airtel,n28,70,41.4,4,1,356.14,5,False,Medium,39.5,True,14,6,7,2024-07-14,1,2,1,2,2,3,0,1
2024-07-14 14:19:51.213118,Kolkata,-73.9,477.62,109.96,15.9,2.03,4G,Nord 4,Vi,n258,92,40.1,47,2,158.84,5,True,Medium,85.4,True,14,6,7,2024-07-14,3,0,6,0,2,2,1,1
2024-07-14 14:29:51.213115,Chennai,-96.9,573.89,76.15,1.6,0.86,4G,iPhone 14,Jio,n78,28,30.1,35,4,38.12,4,False,Low,50.8,True,14,6,7,2024-07-14,1,0,3,4,1,4,0,1
2024-07-14 14:39:51.213112,Chennai,-65.7,879.01,40.78,1.5,0.57,5G NSA,Nord 4,Airtel,n258,88,35.0,21,0,471.95,1,False,Medium,72.6,True,14,6,7,2024-07-14,1,1,1,0,2,2,0,1
2024-07-14 14:49:51.213110,San Francisco,-91.6,346.62,64.7,18.0,0.91,4G,Nord 4,AT&T,n78,74,28.1,17,4,219.82,3,True,Low,57.1,True,14,6,7,2024-07-14,6,0,0,4,1,2,1,1
2024-07-14 14:59:51.213107,San Francisco,-82.4,253.49,117.74,8.3,0.54,5G NSA,Galaxy S23,Verizon,n260,84,37.2,26,4,273.31,1,False,Low,70.5,True,14,6,7,2024-07-14,6,1,5,1,1,1,0,1
2024-07-14 15:09:51.213104,Mumbai,-69.0,731.5,72.3,1.9,4.73,5G SA,GT 7,BSNL,n28,64,23.7,33,4,50.49,1,False,Medium,58.6,True,15,6,7,2024-07-14,4,2,2,2,2,0,0,1
2024-07-14 15:19:51.213099,Chennai,-89.7,652.47,65.15,13.5,2.97,4G,iPhone 14,Jio,n258,68,24.9,36,1,403.04,2,False,Medium,78.1,False,15,6,7,2024-07-14,1,0,3,0,2,4,0,0
2024-07-14 15:29:51.213097,Kolkata,-60.6,361.7,135.16,14.7,0.83,5G SA,GT 7,BSNL,n28,69,22.7,52,3,406.8,3,True,Medium,70.7,True,15,6,7,2024-07-14,3,2,2,2,2,0,1,1
2024-07-14 15:39:51.213094,Kolkata,-65.6,826.79,120.59,15.1,4.88,4G,iPhone 14,BSNL,n78,64,32.7,35,2,30.34,1,False,High,56.4,True,15,6,7,2024-07-14,3,0,2,4,0,4,0,1
2024-07-14 15:49:51.213091,Mumbai,-100.0,428.21,139.47,2.9,4.12,5G SA,Nord 4,Airtel,n78,21,36.3,20,1,131.78,4,True,High,35.5,True,15,6,7,2024-07-14,4,2,1,4,0,2,1,1
2024-07-14 15:59:51.213089,San Francisco,-71.2,179.62,89.37,1.4,1.87,5G SA,iPhone 14,Verizon,n78,31,43.4,50,4,419.56,3,True,High,82.1,True,15,6,7,2024-07-14,6,2,5,4,0,4,1,1
2024-07-14 16:09:51.213086,Chennai,-94.1,439.46,91.38,13.2,2.28,5G NSA,Nord 4,Airtel,n78,51,36.0,31,3,326.64,3,False,Low,91.9,False,16,6,7,2024-07-14,1,1,1,4,1,2,0,0
2024-07-14 16:19:51.213084,Chennai,-104.8,619.16,135.95,1.3,4.2,5G SA,iPhone 14,Vi,n28,16,43.9,43,2,283.14,3,False,Low,73.8,False,16,6,7,2024-07-14,1,2,6,2,1,4,0,0
2024-07-14 16:29:51.213081,San Francisco,-69.5,786.8,102.51,10.6,1.65,5G NSA,Nord 4,AT&T,n41,77,40.8,18,0,200.09,4,True,High,50.5,False,16,6,7,2024-07-14,6,1,0,3,0,2,1,0
2024-07-14 16:39:51.213078,Tokyo,-68.1,413.77,141.94,2.8,0.34,5G NSA,Nord 4,AT&T,n41,46,28.2,4,1,314.43,2,False,High,69.7,True,16,6,7,2024-07-14,7,1,0,3,0,2,0,1
2024-07-14 16:49:51.213076,Tokyo,-68.0,724.98,112.92,5.6,3.76,5G SA,GT 7,Verizon,n260,23,41.1,15,1,169.31,1,False,High,77.4,False,16,6,7,2024-07-14,7,2,5,1,0,0,0,0
2024-07-14 16:59:51.213073,Mumbai,-71.6,189.5,89.19,17.3,0.52,5G NSA,GT 7,Airtel,n28,55,39.3,37,1,318.0,3,False,High,17.2,False,16,6,7,2024-07-14,4,1,1,2,0,0,0,0
2024-07-14 17:09:51.213071,Berlin,-94.6,604.0,143.65,6.9,3.84,4G,iPhone 14,Verizon,n260,95,20.4,55,1,134.37,4,False,Medium,42.8,False,17,6,7,2024-07-14,0,0,5,1,2,4,0,0
2024-07-14 17:19:51.213068,Delhi,-90.8,504.08,85.15,2.6,2.19,5G SA,GT 7,Airtel,n28,89,24.3,51,1,372.02,4,True,Low,76.4,True,17,6,7,2024-07-14,2,2,1,2,1,0,1,1
2024-07-14 17:29:51.213066,Berlin,-77.1,221.64,34.22,12.3,4.52,5G NSA,Pixel 7,Verizon,n78,45,22.6,9,1,31.73,4,True,Low,22.3,False,17,6,7,2024-07-14,0,1,5,4,1,3,1,0
2024-07-14 17:39:51.213063,San Francisco,-97.7,659.22,135.11,3.0,2.31,5G NSA,GT 7,Verizon,n260,42,41.1,54,2,198.86,5,True,Low,67.6,True,17,6,7,2024-07-14,6,1,5,1,1,0,1,1
2024-07-14 17:49:51.213060,Kolkata,-68.4,112.75,140.8,18.2,0.4,5G NSA,Pixel 7,BSNL,n258,97,34.4,39,3,392.88,5,True,Medium,61.5,False,17,6,7,2024-07-14,3,1,2,0,2,3,1,0
2024-07-14 17:59:51.213058,Tokyo,-74.6,360.55,95.44,15.2,3.12,4G,iPhone 14,Verizon,n260,15,29.9,47,0,466.69,4,False,Medium,65.5,False,17,6,7,2024-07-14,7,0,5,1,2,4,0,0
2024-07-14 18:09:51.213055,Mumbai,-95.3,590.57,24.06,3.8,2.19,5G NSA,iPhone 14,Jio,n28,31,30.9,28,0,243.4,5,False,Medium,36.2,True,18,6,7,2024-07-14,4,1,3,2,2,4,0,1
2024-07-14 18:19:51.213053,San Francisco,-101.7,380.94,34.04,5.3,2.3,4G,iPhone 14,T-Mobile,n78,56,34.1,29,0,437.53,3,False,Low,89.1,True,18,6,7,2024-07-14,6,0,4,4,1,4,0,1
2024-07-14 18:29:51.213050,Chennai,-80.6,548.16,56.91,9.1,1.91,5G NSA,Galaxy S23,Airtel,n258,15,22.0,33,1,213.59,4,True,High,46.4,False,18,6,7,2024-07-14,1,1,1,0,0,1,1,0
2024-07-14 18:39:51.213047,Berlin,-106.5,570.44,61.12,13.5,1.87,4G,Galaxy S23,AT&T,n41,57,43.7,17,0,27.05,2,False,Medium,33.4,True,18,6,7,2024-07-14,0,0,0,3,2,1,0,1
2024-07-14 18:49:51.213045,Delhi,-86.2,715.41,42.62,10.5,0.16,5G NSA,Nord 4,Airtel,n258,81,35.1,44,4,192.15,2,False,Low,33.2,False,18,6,7,2024-07-14,2,1,1,0,1,2,0,0
2024-07-14 18:59:51.213042,Berlin,-93.4,806.0,91.44,5.6,0.24,4G,GT 7,Verizon,n260,68,33.0,49,1,21.7,3,True,Low,27.1,True,18,6,7,2024-07-14,0,0,5,1,1,0,1,1
2024-07-14 19:09:51.213040,Chennai,-72.2,887.14,139.63,2.7,1.21,4G,Galaxy S23,Airtel,n78,55,41.6,52,4,371.83,3,True,Medium,40.6,False,19,6,7,2024-07-14,1,0,1,4,2,1,1,0
2024-07-14 19:19:51.213037,Delhi,-92.3,637.43,56.85,17.3,1.15,5G SA,Pixel 7,BSNL,n78,34,30.7,32,2,53.22,2,False,Medium,70.2,True,19,6,7,2024-07-14,2,2,2,4,2,3,0,1
2024-07-14 19:29:51.213034,Kolkata,-63.4,926.1,118.24,19.5,0.93,5G SA,Galaxy S23,Vi,n28,34,33.2,53,4,149.75,1,True,Medium,52.8,True,19,6,7,2024-07-14,3,2,6,2,2,1,1,1
2024-07-14 19:39:51.213029,Kolkata,-96.6,852.38,76.62,5.5,3.12,5G NSA,Galaxy S23,Jio,n28,69,42.4,15,0,410.67,1,False,High,28.2,True,19,6,7,2024-07-14,3,1,3,2,0,1,0,1
2024-07-14 19:49:51.213027,Kolkata,-93.1,869.1,76.98,3.3,0.76,4G,Pixel 7,BSNL,n258,30,42.7,37,2,496.44,5,False,High,22.8,True,19,6,7,2024-07-14,3,0,2,0,0,3,0,1
2024-07-14 19:59:51.213024,Kolkata,-92.3,869.2,29.18,14.9,3.91,5G NSA,Galaxy S23,Airtel,n28,46,42.7,22,4,311.54,3,False,High,75.1,False,19,6,7,2024-07-14,3,1,1,2,0,1,0,0
2024-07-14 20:09:51.213022,Chennai,-99.0,107.21,92.86,6.9,3.3,4G,Galaxy S23,Vi,n258,61,40.2,39,4,462.15,4,True,High,29.9,False,20,6,7,2024-07-14,1,0,6,0,0,1,1,0
2024-07-14 20:19:51.213019,Chennai,-88.0,885.05,113.45,19.1,1.76,5G NSA,Nord 4,Jio,n78,33,40.4,56,0,217.33,3,False,High,56.6,True,20,6,7,2024-07-14,1,1,3,4,0,2,0,1
2024-07-14 20:29:51.213017,San Francisco,-93.3,330.07,105.44,2.0,3.97,5G SA,Galaxy S23,T-Mobile,n78,75,42.8,34,4,96.31,1,False,Medium,65.5,True,20,6,7,2024-07-14,6,2,4,4,2,1,0,1
2024-07-14 20:39:51.213014,Mumbai,-108.5,726.09,59.73,9.5,0.29,5G SA,Nord 4,Jio,n258,29,41.5,43,3,95.44,3,False,Low,92.1,False,20,6,7,2024-07-14,4,2,3,0,1,2,0,0
2024-07-14 20:49:51.213011,New York,-61.8,961.13,66.25,1.8,1.83,4G,Galaxy S23,Verizon,n78,67,26.3,48,1,51.6,3,False,High,95.9,False,20,6,7,2024-07-14,5,0,5,4,0,1,0,0
2024-07-14 20:59:51.213009,Kolkata,-71.9,933.47,65.77,12.6,4.0,4G,iPhone 14,Airtel,n78,83,20.1,54,4,127.73,5,True,Medium,39.4,True,20,6,7,2024-07-14,3,0,1,4,2,4,1,1
2024-07-14 21:09:51.213006,Kolkata,-105.0,370.98,40.12,7.2,3.21,5G NSA,GT 7,Jio,n78,95,26.5,24,1,337.53,1,False,Medium,46.8,True,21,6,7,2024-07-14,3,1,3,4,2,0,0,1
2024-07-14 21:19:51.213004,Mumbai,-65.6,516.34,73.08,8.4,0.8,5G SA,Galaxy S23,Airtel,n78,94,28.7,48,4,119.67,1,False,Low,36.5,False,21,6,7,2024-07-14,4,2,1,4,1,1,0,0
2024-07-14 21:29:51.213001,Delhi,-99.2,143.58,38.74,6.7,2.07,5G SA,GT 7,Jio,n28,98,38.8,17,4,264.04,1,False,High,58.8,False,21,6,7,2024-07-14,2,2,3,2,0,0,0,0
2024-07-14 21:39:51.212998,Delhi,-77.1,280.98,102.24,4.5,4.12,5G SA,iPhone 14,Vi,n78,75,21.2,4,0,328.33,3,False,Medium,69.9,True,21,6,7,2024-07-14,2,2,6,4,2,4,0,1
2024-07-14 21:49:51.212996,San Francisco,-92.6,106.59,116.62,8.7,1.1,5G SA,GT 7,T-Mobile,n260,24,20.8,32,3,485.92,3,False,Low,13.5,True,21,6,7,2024-07-14,6,2,4,1,1,0,0,1
2024-07-14 21:59:51.212993,Mumbai,-96.7,192.96,33.98,11.6,2.28,4G,GT 7,Jio,n28,89,26.1,29,3,118.11,1,True,Medium,27.5,False,21,6,7,2024-07-14,4,0,3,2,2,0,1,0
2024-07-14 22:09:51.212990,Mumbai,-86.9,464.71,100.03,18.3,1.48,4G,iPhone 14,Jio,n28,41,41.7,21,4,455.67,3,True,Medium,31.0,True,22,6,7,2024-07-14,4,0,3,2,2,4,1,1
2024-07-14 22:19:51.212988,Chennai,-90.0,335.8,147.68,10.8,4.97,5G SA,GT 7,Airtel,n78,17,33.9,11,1,274.23,5,False,Medium,72.6,False,22,6,7,2024-07-14,1,2,1,4,2,0,0,0
2024-07-14 22:29:51.212985,Delhi,-71.0,463.46,125.71,13.6,2.68,4G,Galaxy S23,Airtel,n258,80,31.3,11,1,46.08,1,True,Low,40.9,False,22,6,7,2024-07-14,2,0,1,0,1,1,1,0
2024-07-14 22:39:51.212983,Tokyo,-67.9,327.95,135.28,10.8,0.18,5G SA,Galaxy S23,T-Mobile,n260,65,43.0,18,1,52.1,2,True,Medium,37.6,False,22,6,7,2024-07-14,7,2,4,1,2,1,1,0
2024-07-14 22:49:51.212980,Kolkata,-64.0,652.12,93.63,4.1,1.1,4G,Pixel 7,Airtel,n258,49,29.4,43,1,206.76,2,False,Medium,92.6,False,22,6,7,2024-07-14,3,0,1,0,2,3,0,0
2024-07-14 22:59:51.212977,San Francisco,-105.8,680.92,143.47,18.4,4.52,5G SA,iPhone 14,Verizon,n260,41,36.2,32,0,313.93,4,True,Medium,49.7,True,22,6,7,2024-07-14,6,2,5,1,2,4,1,1
2024-07-14 23:09:51.212975,New York,-65.8,812.96,77.65,10.0,2.8,5G SA,GT 7,AT&T,n41,77,37.6,50,0,76.0,4,False,Low,96.7,True,23,6,7,2024-07-14,5,2,0,3,1,0,0,1
2024-07-14 23:19:51.212972,New York,-81.2,685.1,119.15,1.1,3.85,4G,Nord 4,T-Mobile,n41,78,23.8,36,2,140.14,1,True,Medium,99.2,True,23,6,7,2024-07-14,5,0,4,3,2,2,1,1
2024-07-14 23:29:51.212970,Chennai,-107.9,230.61,96.75,2.2,3.31,4G,Nord 4,Jio,n78,55,42.5,49,3,60.87,5,True,Medium,80.6,False,23,6,7,2024-07-14,1,0,3,4,2,2,1,0
2024-07-14 23:39:51.212967,Tokyo,-95.4,208.08,119.12,18.2,1.38,5G NSA,Nord 4,AT&T,n41,83,23.4,31,3,46.33,4,False,Medium,28.4,False,23,6,7,2024-07-14,7,1,0,3,2,2,0,0
2024-07-14 23:49:51.212964,New York,-104.1,960.25,22.65,2.4,2.11,5G SA,GT 7,Verizon,n78,10,22.0,1,0,93.99,4,True,Low,63.7,False,23,6,7,2024-07-14,5,2,5,4,1,0,1,0
2024-07-14 23:59:51.212962,Tokyo,-76.2,622.55,36.64,19.4,0.36,5G SA,Nord 4,Verizon,n78,66,31.4,13,3,60.94,3,True,Medium,78.1,True,23,6,7,2024-07-14,7,2,5,4,2,2,1,1
2024-07-15 00:09:51.212959,Chennai,-93.6,372.37,96.94,5.3,1.73,5G NSA,iPhone 14,BSNL,n78,82,38.1,17,1,456.2,5,True,Medium,80.9,True,0,0,7,2024-07-15,1,1,2,4,2,4,1,1
2024-07-15 00:19:51.212957,Delhi,-85.6,575.38,79.78,11.5,1.06,4G,iPhone 14,Vi,n28,47,35.5,59,0,363.86,5,True,Medium,83.2,False,0,0,7,2024-07-15,2,0,6,2,2,4,1,0
2024-07-15 00:29:51.212954,Berlin,-95.0,743.9,117.21,13.9,4.76,4G,GT 7,Verizon,n41,38,24.3,2,0,67.01,1,False,Medium,44.5,False,0,0,7,2024-07-15,0,0,5,3,2,0,0,0
2024-07-15 00:39:51.212951,Mumbai,-100.5,827.85,106.19,11.3,2.93,5G SA,GT 7,Jio,n78,53,25.6,42,2,261.76,1,True,Medium,26.5,False,0,0,7,2024-07-15,4,2,3,4,2,0,1,0
2024-07-15 00:49:51.212949,Delhi,-75.3,521.07,49.26,2.2,1.63,4G,GT 7,Jio,n78,75,36.7,40,3,462.78,2,False,Low,30.8,False,0,0,7,2024-07-15,2,0,3,4,1,0,0,0
2024-07-15 00:59:51.212946,Kolkata,-102.6,494.26,29.0,10.8,0.86,4G,Galaxy S23,BSNL,n78,25,38.9,12,0,43.89,5,True,Low,44.3,True,0,0,7,2024-07-15,3,0,2,4,1,1,1,1
2024-07-15 01:09:51.212944,Tokyo,-108.5,390.98,77.67,4.2,1.08,5G NSA,Pixel 7,AT&T,n260,65,36.1,58,2,226.67,5,True,High,19.9,True,1,0,7,2024-07-15,7,1,0,1,0,3,1,1
2024-07-15 01:19:51.212941,Delhi,-69.6,932.83,130.1,17.6,4.69,5G NSA,GT 7,Jio,n258,67,39.2,55,0,48.19,3,False,Medium,68.1,False,1,0,7,2024-07-15,2,1,3,0,2,0,0,0
2024-07-15 01:29:51.212939,Tokyo,-74.8,215.28,25.61,12.5,1.95,5G SA,Pixel 7,Verizon,n78,17,44.9,59,0,394.37,1,True,High,93.2,True,1,0,7,2024-07-15,7,2,5,4,0,3,1,1
2024-07-15 01:39:51.212936,San Francisco,-65.6,709.74,20.56,19.4,4.03,5G SA,Pixel 7,T-Mobile,n260,69,41.7,55,2,477.26,4,False,Low,59.5,True,1,0,7,2024-07-15,6,2,4,1,1,3,0,1
2024-07-15 01:49:51.212933,San Francisco,-96.6,163.44,89.8,4.8,0.16,5G NSA,iPhone 14,AT&T,n41,76,37.2,55,1,330.72,4,False,High,74.2,False,1,0,7,2024-07-15,6,1,0,3,0,4,0,0
2024-07-15 01:59:51.212931,San Francisco,-71.4,483.67,54.48,7.6,1.64,5G SA,iPhone 14,AT&T,n260,29,24.4,2,0,275.26,2,False,High,92.9,False,1,0,7,2024-07-15,6,2,0,1,0,4,0,0
2024-07-15 02:09:51.212928,Berlin,-64.1,830.87,109.57,10.2,3.57,5G SA,iPhone 14,T-Mobile,n78,94,20.2,35,0,242.41,5,False,Medium,49.8,False,2,0,7,2024-07-15,0,2,4,4,2,4,0,0
2024-07-15 02:19:51.212926,San Francisco,-68.5,469.84,149.61,19.7,3.94,4G,Galaxy S23,T-Mobile,n78,58,38.1,32,0,226.77,4,True,Medium,36.0,True,2,0,7,2024-07-15,6,0,4,4,2,1,1,1
2024-07-15 02:29:51.212923,Kolkata,-67.2,790.29,32.32,11.9,1.32,5G NSA,iPhone 14,Vi,n258,21,29.8,16,4,185.46,3,False,Medium,12.0,True,2,0,7,2024-07-15,3,1,6,0,2,4,0,1
2024-07-15 02:39:51.212920,Chennai,-93.6,229.31,31.69,18.3,0.78,5G NSA,Galaxy S23,BSNL,n28,28,35.8,50,4,453.18,3,True,Low,46.5,False,2,0,7,2024-07-15,1,1,2,2,1,1,1,0
2024-07-15 02:49:51.212918,Kolkata,-74.6,279.08,123.37,10.1,3.64,5G SA,Galaxy S23,BSNL,n78,58,24.3,20,0,322.1,3,False,High,47.0,True,2,0,7,2024-07-15,3,2,2,4,0,1,0,1
2024-07-15 02:59:51.212915,Chennai,-87.5,443.54,97.72,6.8,3.26,4G,Nord 4,Vi,n78,75,28.4,46,3,94.17,5,True,High,65.0,True,2,0,7,2024-07-15,1,0,6,4,0,2,1,1
2024-07-15 03:09:51.212913,Berlin,-92.7,259.98,23.95,19.0,4.42,5G NSA,GT 7,Verizon,n78,78,37.3,16,1,86.48,5,True,High,45.1,False,3,0,7,2024-07-15,0,1,5,4,0,0,1,0
2024-07-15 03:19:51.212910,Berlin,-83.7,663.91,107.27,12.9,4.67,5G NSA,Galaxy S23,AT&T,n260,80,29.9,32,0,245.09,3,False,Low,54.4,True,3,0,7,2024-07-15,0,1,0,1,1,1,0,1
2024-07-15 03:29:51.212907,Tokyo,-97.3,492.63,110.46,14.6,3.19,4G,GT 7,T-Mobile,n41,74,39.1,23,4,216.9,4,False,Medium,43.9,True,3,0,7,2024-07-15,7,0,4,3,2,0,0,1
2024-07-15 03:39:51.212905,Mumbai,-76.8,986.78,21.85,14.3,0.27,5G SA,Nord 4,Airtel,n28,17,21.7,11,1,129.12,2,False,High,59.2,True,3,0,7,2024-07-15,4,2,1,2,0,2,0,1
2024-07-15 03:49:51.212902,Berlin,-95.1,984.03,42.26,2.2,4.11,4G,Galaxy S23,T-Mobile,n260,30,44.5,7,4,485.17,4,True,High,32.4,False,3,0,7,2024-07-15,0,0,4,1,0,1,1,0
2024-07-15 03:59:51.212900,Mumbai,-92.1,421.97,38.57,2.3,3.21,5G NSA,iPhone 14,BSNL,n28,50,28.7,6,0,287.44,2,False,Medium,97.6,False,3,0,7,2024-07-15,4,1,2,2,2,4,0,0
2024-07-15 04:09:51.212897,Tokyo,-95.5,649.75,22.88,8.6,1.23,4G,Pixel 7,Verizon,n78,71,31.9,23,1,283.99,3,False,High,72.6,True,4,0,7,2024-07-15,7,0,5,4,0,3,0,1
2024-07-15 04:19:51.212895,Delhi,-104.9,451.04,65.63,7.4,1.78,5G SA,Nord 4,Vi,n78,41,36.0,8,0,21.51,2,False,High,18.0,True,4,0,7,2024-07-15,2,2,6,4,0,2,0,1
2024-07-15 04:29:51.212892,Delhi,-89.2,208.76,123.73,2.7,0.97,5G NSA,iPhone 14,Airtel,n258,38,44.8,23,2,34.86,4,False,Low,74.4,True,4,0,7,2024-07-15,2,1,1,0,1,4,0,1
2024-07-15 04:39:51.212889,New York,-104.9,360.37,94.47,6.2,2.59,4G,GT 7,T-Mobile,n260,62,33.2,57,1,190.11,4,True,High,96.9,False,4,0,7,2024-07-15,5,0,4,1,0,0,1,0
2024-07-15 04:49:51.212887,Tokyo,-71.3,223.57,31.26,19.0,2.01,5G SA,Pixel 7,Verizon,n260,20,41.8,43,4,92.08,5,False,High,15.4,False,4,0,7,2024-07-15,7,2,5,1,0,3,0,0
2024-07-15 04:59:51.212884,Kolkata,-99.6,441.7,120.69,1.6,3.76,5G SA,iPhone 14,Jio,n78,65,42.6,29,0,73.8,2,False,High,56.6,True,4,0,7,2024-07-15,3,2,3,4,0,4,0,1
2024-07-15 05:09:51.212882,Chennai,-68.1,829.73,43.16,18.1,2.67,5G SA,iPhone 14,Jio,n258,72,39.5,2,4,450.49,3,False,Medium,27.6,True,5,0,7,2024-07-15,1,2,3,0,2,4,0,1
2024-07-15 05:19:51.212879,San Francisco,-87.2,384.92,65.88,13.6,0.89,5G SA,Galaxy S23,AT&T,n260,35,37.9,48,2,341.52,2,True,Low,44.5,True,5,0,7,2024-07-15,6,2,0,1,1,1,1,1
2024-07-15 05:29:51.212876,Delhi,-109.3,893.6,71.12,4.5,1.22,4G,iPhone 14,Vi,n258,67,39.3,1,0,421.27,2,False,Low,45.5,False,5,0,7,2024-07-15,2,0,6,0,1,4,0,0
2024-07-15 05:39:51.212874,Mumbai,-82.8,307.57,136.08,7.7,0.59,5G NSA,Galaxy S23,Airtel,n28,40,36.5,6,3,259.49,1,True,Low,59.8,True,5,0,7,2024-07-15,4,1,1,2,1,1,1,1
2024-07-15 05:49:51.212871,Delhi,-75.0,205.07,120.06,16.2,0.81,5G SA,GT 7,Jio,n28,23,22.5,32,4,307.66,3,True,High,72.7,True,5,0,7,2024-07-15,2,2,3,2,0,0,1,1
2024-07-15 05:59:51.212868,Chennai,-93.6,103.73,81.46,14.0,1.31,4G,GT 7,Airtel,n258,44,29.9,56,2,141.23,4,True,Low,66.0,True,5,0,7,2024-07-15,1,0,1,0,1,0,1,1
2024-07-15 06:09:51.212866,Chennai,-60.8,611.27,128.07,10.1,2.54,5G SA,iPhone 14,Airtel,n78,83,38.5,24,3,131.89,1,True,Medium,94.7,False,6,0,7,2024-07-15,1,2,1,4,2,4,1,0
2024-07-15 06:19:51.212863,New York,-106.4,330.74,72.95,6.4,2.24,5G SA,GT 7,AT&T,n41,91,44.7,5,2,229.86,4,True,High,46.4,True,6,0,7,2024-07-15,5,2,0,3,0,0,1,1
2024-07-15 06:29:51.212861,Kolkata,-97.9,297.55,76.13,9.7,2.37,5G SA,Galaxy S23,Jio,n78,52,37.7,9,3,176.89,4,False,Low,74.1,True,6,0,7,2024-07-15,3,2,3,4,1,1,0,1
2024-07-15 06:39:51.212858,Mumbai,-98.1,334.49,58.25,16.9,3.82,4G,Pixel 7,BSNL,n258,28,28.1,40,1,199.41,3,False,Low,91.6,False,6,0,7,2024-07-15,4,0,2,0,1,3,0,0
2024-07-15 06:49:51.212855,New York,-61.8,750.26,74.22,5.0,3.17,5G NSA,Galaxy S23,AT&T,n260,95,39.0,6,3,221.66,5,False,Low,44.7,True,6,0,7,2024-07-15,5,1,0,1,1,1,0,1
2024-07-15 06:59:51.212853,Delhi,-104.7,453.05,65.49,16.7,3.93,5G NSA,Pixel 7,BSNL,n28,56,43.4,38,2,34.02,3,True,Medium,32.0,True,6,0,7,2024-07-15,2,1,2,2,2,3,1,1
2024-07-15 07:09:51.212850,Kolkata,-87.3,437.89,79.55,9.4,0.7,5G SA,Nord 4,Airtel,n28,27,44.0,24,2,202.13,3,True,Low,91.5,True,7,0,7,2024-07-15,3,2,1,2,1,2,1,1
2024-07-15 07:19:51.212848,Chennai,-97.9,996.09,127.97,5.4,1.34,5G NSA,Nord 4,Vi,n28,58,44.2,12,4,355.94,3,True,High,97.5,False,7,0,7,2024-07-15,1,1,6,2,0,2,1,0
2024-07-15 07:29:51.212845,San Francisco,-81.2,771.19,27.64,4.9,4.35,5G SA,Galaxy S23,Verizon,n78,38,34.0,1,2,463.04,1,True,Medium,42.3,True,7,0,7,2024-07-15,6,2,5,4,2,1,1,1
2024-07-15 07:39:51.212842,San Francisco,-108.2,473.72,146.9,3.3,1.56,4G,iPhone 14,Verizon,n78,60,20.9,17,0,229.71,1,False,Low,24.3,True,7,0,7,2024-07-15,6,0,5,4,1,4,0,1
2024-07-15 07:49:51.212840,Berlin,-89.2,457.73,67.51,19.1,3.12,4G,Pixel 7,AT&T,n260,99,44.1,1,2,89.91,4,False,High,52.2,True,7,0,7,2024-07-15,0,0,0,1,0,3,0,1
2024-07-15 07:59:51.212837,Tokyo,-63.8,950.79,129.74,6.3,3.51,5G NSA,Galaxy S23,T-Mobile,n78,78,42.0,17,0,213.2,2,False,High,47.3,False,7,0,7,2024-07-15,7,1,4,4,0,1,0,0
2024-07-15 08:09:51.212835,Delhi,-66.5,942.65,89.53,7.2,4.85,4G,Nord 4,Jio,n258,42,34.0,14,0,56.26,2,True,Low,37.2,True,8,0,7,2024-07-15,2,0,3,0,1,2,1,1
2024-07-15 08:19:51.212832,Chennai,-101.1,248.37,132.85,14.2,3.52,4G,Nord 4,Jio,n78,56,23.8,12,2,349.48,3,True,Low,31.9,True,8,0,7,2024-07-15,1,0,3,4,1,2,1,1
2024-07-15 08:29:51.212830,Chennai,-69.5,178.72,23.99,1.8,2.55,5G NSA,Pixel 7,Vi,n258,77,44.8,48,4,234.73,5,False,Medium,37.7,True,8,0,7,2024-07-15,1,1,6,0,2,3,0,1
2024-07-15 08:39:51.212827,New York,-98.8,507.34,31.93,11.9,0.16,5G SA,iPhone 14,AT&T,n260,91,40.8,2,0,87.11,4,True,Medium,94.8,False,8,0,7,2024-07-15,5,2,0,1,2,4,1,0
2024-07-15 08:49:51.212825,Delhi,-98.8,164.26,124.42,13.6,0.46,5G NSA,Galaxy S23,Vi,n28,21,39.3,13,0,130.77,4,True,Low,79.6,True,8,0,7,2024-07-15,2,1,6,2,1,1,1,1
2024-07-15 08:59:51.212822,Mumbai,-80.8,979.0,134.97,14.0,1.47,5G SA,iPhone 14,Airtel,n28,65,32.2,51,4,184.83,2,False,Low,93.5,True,8,0,7,2024-07-15,4,2,1,2,1,4,0,1
2024-07-15 09:09:51.212819,New York,-102.1,210.79,69.1,9.1,3.07,5G SA,GT 7,AT&T,n260,93,33.8,43,0,396.32,3,True,Low,18.6,False,9,0,7,2024-07-15,5,2,0,1,1,0,1,0
2024-07-15 09:19:51.212817,San Francisco,-85.3,428.43,76.01,17.0,4.98,5G NSA,Galaxy S23,AT&T,n41,45,30.2,43,1,171.29,1,False,Medium,13.5,True,9,0,7,2024-07-15,6,1,0,3,2,1,0,1
2024-07-15 09:29:51.212814,Mumbai,-74.9,264.04,82.45,4.1,0.28,5G SA,Pixel 7,Airtel,n78,16,42.6,13,0,82.65,4,False,High,81.8,True,9,0,7,2024-07-15,4,2,1,4,0,3,0,1
2024-07-15 09:39:51.212812,Kolkata,-108.7,301.97,112.62,4.5,1.17,4G,Nord 4,Airtel,n78,95,20.2,16,4,17.56,1,True,Low,20.9,True,9,0,7,2024-07-15,3,0,1,4,1,2,1,1
2024-07-15 09:49:51.212806,Delhi,-94.4,429.72,146.32,2.5,1.48,5G SA,Pixel 7,BSNL,n258,79,33.7,20,2,92.8,2,True,High,35.3,False,9,0,7,2024-07-15,2,2,2,0,0,3,1,0
2024-07-15 09:59:51.212804,Delhi,-89.5,287.06,124.34,14.5,3.82,5G SA,Galaxy S23,Jio,n78,14,28.2,7,1,333.16,3,True,Medium,55.0,False,9,0,7,2024-07-15,2,2,3,4,2,1,1,0
2024-07-15 10:09:51.212801,Berlin,-71.7,272.86,71.23,4.5,2.82,4G,Pixel 7,T-Mobile,n41,15,42.2,38,3,79.82,4,True,Medium,56.3,True,10,0,7,2024-07-15,0,0,4,3,2,3,1,1
2024-07-15 10:19:51.212799,Delhi,-105.9,117.81,61.73,5.5,2.59,5G NSA,iPhone 14,Vi,n258,60,31.7,19,0,149.51,1,True,Low,60.4,False,10,0,7,2024-07-15,2,1,6,0,1,4,1,0
2024-07-15 10:29:51.212796,Berlin,-64.6,888.95,130.21,3.8,1.51,5G SA,Nord 4,AT&T,n260,59,22.4,1,3,139.43,3,False,Medium,55.2,True,10,0,7,2024-07-15,0,2,0,1,2,2,0,1
2024-07-15 10:39:51.212793,Mumbai,-82.1,455.15,61.04,18.9,0.23,5G SA,Galaxy S23,Jio,n78,66,30.8,52,0,418.53,5,False,High,93.1,True,10,0,7,2024-07-15,4,2,3,4,0,1,0,1
2024-07-15 10:49:51.212791,Mumbai,-67.0,329.83,133.17,1.0,4.33,5G SA,iPhone 14,BSNL,n258,18,42.1,35,4,42.65,3,False,High,57.9,True,10,0,7,2024-07-15,4,2,2,0,0,4,0,1
2024-07-15 10:59:51.212788,Kolkata,-79.4,673.09,71.34,11.8,0.42,5G SA,GT 7,BSNL,n78,54,25.9,17,4,164.18,4,True,Low,40.8,True,10,0,7,2024-07-15,3,2,2,4,1,0,1,1
2024-07-15 11:09:51.212786,Kolkata,-88.0,936.17,100.49,1.8,1.82,5G NSA,Pixel 7,Vi,n78,48,34.9,53,2,102.65,4,True,High,24.4,False,11,0,7,2024-07-15,3,1,6,4,0,3,1,0
2024-07-15 11:19:51.212783,Mumbai,-88.7,762.02,108.51,1.9,2.98,5G SA,Pixel 7,BSNL,n28,90,23.3,50,1,434.17,4,False,Low,16.5,False,11,0,7,2024-07-15,4,2,2,2,1,3,0,0
2024-07-15 11:29:51.212780,Kolkata,-108.8,780.52,79.71,9.2,1.57,4G,Pixel 7,Vi,n78,57,31.0,27,1,141.88,5,True,High,73.1,False,11,0,7,2024-07-15,3,0,6,4,0,3,1,0
2024-07-15 11:39:51.212778,Kolkata,-105.7,503.76,75.58,10.1,4.36,5G NSA,GT 7,Vi,n258,67,27.5,26,0,28.84,3,False,Low,17.7,False,11,0,7,2024-07-15,3,1,6,0,1,0,0,0
2024-07-15 11:49:51.212775,Delhi,-63.3,373.04,135.47,1.5,0.8,4G,Galaxy S23,Airtel,n28,12,34.1,51,2,428.26,1,True,High,39.4,False,11,0,7,2024-07-15,2,0,1,2,0,1,1,0
2024-07-15 11:59:51.212773,San Francisco,-89.2,460.21,126.62,9.9,1.96,4G,iPhone 14,Verizon,n41,58,40.8,36,4,444.44,3,True,Medium,71.1,False,11,0,7,2024-07-15,6,0,5,3,2,4,1,0
2024-07-15 12:09:51.212770,Mumbai,-76.7,422.47,86.15,9.7,0.6,5G SA,Galaxy S23,Airtel,n258,30,24.4,44,1,441.12,5,False,Low,65.1,True,12,0,7,2024-07-15,4,2,1,0,1,1,0,1
2024-07-15 12:19:51.212767,Chennai,-71.2,944.46,143.01,20.0,2.44,4G,Galaxy S23,BSNL,n28,25,30.0,26,2,158.73,4,False,Medium,24.4,True,12,0,7,2024-07-15,1,0,2,2,2,1,0,1
2024-07-15 12:29:51.212765,Chennai,-109.8,229.54,24.31,10.6,2.89,5G NSA,iPhone 14,Airtel,n28,55,26.2,24,0,329.1,4,True,High,80.6,True,12,0,7,2024-07-15,1,1,1,2,0,4,1,1
2024-07-15 12:39:51.212762,Mumbai,-65.4,398.25,46.91,18.8,3.18,5G SA,Nord 4,Vi,n78,26,36.4,19,3,449.94,3,True,Low,48.5,True,12,0,7,2024-07-15,4,2,6,4,1,2,1,1
2024-07-15 12:49:51.212760,Berlin,-102.7,404.93,22.24,18.7,3.77,5G SA,Galaxy S23,T-Mobile,n41,48,35.8,43,0,467.38,3,True,High,67.7,False,12,0,7,2024-07-15,0,2,4,3,0,1,1,0
2024-07-15 12:59:51.212757,Berlin,-101.4,717.25,42.02,11.9,4.15,4G,iPhone 14,T-Mobile,n41,24,41.2,10,4,17.13,4,False,Low,79.9,False,12,0,7,2024-07-15,0,0,4,3,1,4,0,0
2024-07-15 13:09:51.212755,Delhi,-63.6,345.97,55.46,6.1,1.82,5G NSA,Galaxy S23,Airtel,n28,58,42.1,33,3,22.23,1,True,Low,87.8,True,13,0,7,2024-07-15,2,1,1,2,1,1,1,1
2024-07-15 13:19:51.212752,Tokyo,-99.4,259.73,109.78,18.3,1.53,5G SA,iPhone 14,AT&T,n78,99,20.9,4,4,139.04,1,False,High,85.6,False,13,0,7,2024-07-15,7,2,0,4,0,4,0,0
2024-07-15 13:29:51.212749,San Francisco,-73.2,805.73,62.13,2.7,3.05,5G SA,Nord 4,AT&T,n260,56,24.6,42,2,387.38,4,False,Medium,41.8,False,13,0,7,2024-07-15,6,2,0,1,2,2,0,0
2024-07-15 13:39:51.212747,New York,-75.2,303.01,28.46,3.6,2.59,4G,GT 7,AT&T,n41,44,24.6,54,3,108.38,4,True,High,29.5,True,13,0,7,2024-07-15,5,0,0,3,0,0,1,1
2024-07-15 13:49:51.212744,Tokyo,-71.2,626.9,53.14,13.5,0.55,4G,Nord 4,AT&T,n78,10,30.1,31,3,94.18,2,False,Low,78.3,True,13,0,7,2024-07-15,7,0,0,4,1,2,0,1
2024-07-15 13:59:51.212742,Kolkata,-105.0,919.76,88.42,2.2,2.57,5G NSA,Pixel 7,BSNL,n78,95,43.8,1,1,62.14,5,True,High,20.8,False,13,0,7,2024-07-15,3,1,2,4,0,3,1,0
2024-07-15 14:09:51.212739,Berlin,-74.8,922.5,96.95,5.2,2.77,5G SA,GT 7,Verizon,n41,51,25.9,45,1,312.84,3,True,High,26.5,True,14,0,7,2024-07-15,0,2,5,3,0,0,1,1
2024-07-15 14:19:51.212736,Mumbai,-68.7,510.32,29.32,10.3,0.96,5G NSA,iPhone 14,Vi,n28,96,37.2,3,4,411.87,5,False,Medium,60.3,True,14,0,7,2024-07-15,4,1,6,2,2,4,0,1
2024-07-15 14:29:51.212734,Tokyo,-80.2,916.76,62.06,12.5,4.58,4G,iPhone 14,T-Mobile,n41,16,38.7,48,0,420.95,3,True,High,93.8,True,14,0,7,2024-07-15,7,0,4,3,0,4,1,1
2024-07-15 14:39:51.212731,Tokyo,-71.1,911.16,95.13,10.3,0.56,5G SA,GT 7,Verizon,n260,35,25.2,47,2,257.64,5,False,High,10.1,False,14,0,7,2024-07-15,7,2,5,1,0,0,0,0
2024-07-15 14:49:51.212729,New York,-86.7,208.74,38.56,20.0,3.67,4G,Pixel 7,AT&T,n78,33,33.2,43,3,179.8,3,False,Medium,77.2,False,14,0,7,2024-07-15,5,0,0,4,2,3,0,0
2024-07-15 14:59:51.212726,New York,-73.1,562.81,67.92,8.4,3.71,4G,Nord 4,AT&T,n41,79,37.0,49,4,12.77,1,False,High,34.6,False,14,0,7,2024-07-15,5,0,0,3,0,2,0,0
2024-07-15 15:09:51.212724,New York,-78.1,768.3,52.68,12.0,0.92,4G,Nord 4,AT&T,n78,83,32.2,36,4,408.28,1,True,Low,47.1,False,15,0,7,2024-07-15,5,0,0,4,1,2,1,0
2024-07-15 15:19:51.212721,New York,-75.7,717.55,64.43,13.4,0.88,5G NSA,Nord 4,T-Mobile,n260,96,34.6,45,4,347.28,2,True,Low,44.9,False,15,0,7,2024-07-15,5,1,4,1,1,2,1,0
2024-07-15 15:29:51.212718,Kolkata,-89.9,508.08,146.74,11.8,3.76,5G SA,GT 7,Airtel,n78,16,44.9,18,1,340.86,5,True,High,92.0,False,15,0,7,2024-07-15,3,2,1,4,0,0,1,0
2024-07-15 15:39:51.212716,Delhi,-70.4,570.48,88.99,12.8,2.91,4G,iPhone 14,Airtel,n78,48,34.2,10,1,485.92,1,False,Low,69.7,False,15,0,7,2024-07-15,2,0,1,4,1,4,0,0
2024-07-15 15:49:51.212713,Berlin,-85.6,935.97,148.07,18.9,4.12,4G,GT 7,Verizon,n260,23,38.4,21,1,473.27,5,False,High,59.9,True,15,0,7,2024-07-15,0,0,5,1,0,0,0,1
2024-07-15 15:59:51.212711,Mumbai,-78.5,854.89,23.76,2.8,2.81,5G NSA,Galaxy S23,Airtel,n78,84,39.4,47,2,309.23,4,False,High,94.9,True,15,0,7,2024-07-15,4,1,1,4,0,1,0,1
2024-07-15 16:09:51.212708,Tokyo,-93.4,432.17,137.05,18.9,1.04,4G,Pixel 7,Verizon,n78,66,42.4,18,0,150.43,5,True,High,20.8,False,16,0,7,2024-07-15,7,0,5,4,0,3,1,0
2024-07-15 16:19:51.212705,Chennai,-72.7,570.96,146.12,3.5,1.92,5G SA,GT 7,Airtel,n28,84,28.2,23,2,81.93,2,False,Low,95.9,True,16,0,7,2024-07-15,1,2,1,2,1,0,0,1
2024-07-15 16:29:51.212703,San Francisco,-68.3,629.58,57.54,9.9,2.33,5G NSA,Nord 4,T-Mobile,n260,49,43.1,29,1,246.18,2,True,Medium,26.3,True,16,0,7,2024-07-15,6,1,4,1,2,2,1,1
2024-07-15 16:39:51.212700,Tokyo,-80.7,470.29,58.06,15.8,4.85,4G,Galaxy S23,AT&T,n78,42,24.1,9,0,164.67,1,False,Low,55.2,False,16,0,7,2024-07-15,7,0,0,4,1,1,0,0
2024-07-15 16:49:51.212698,Berlin,-108.3,403.43,86.63,18.3,4.22,5G SA,Galaxy S23,Verizon,n260,66,42.2,54,3,230.47,4,True,High,60.4,True,16,0,7,2024-07-15,0,2,5,1,0,1,1,1
2024-07-15 16:59:51.212695,San Francisco,-66.7,151.08,129.88,4.5,0.7,5G NSA,Pixel 7,AT&T,n41,22,31.4,47,0,497.7,1,False,Low,11.4,False,16,0,7,2024-07-15,6,1,0,3,1,3,0,0
2024-07-15 17:09:51.212692,Delhi,-65.1,316.19,92.76,7.9,2.49,5G SA,iPhone 14,Vi,n28,99,39.3,43,3,19.9,5,True,Medium,59.3,True,17,0,7,2024-07-15,2,2,6,2,2,4,1,1
2024-07-15 17:19:51.212690,Tokyo,-74.5,789.95,74.71,16.7,2.71,4G,Nord 4,AT&T,n78,60,23.3,34,4,409.27,2,True,Medium,50.5,False,17,0,7,2024-07-15,7,0,0,4,2,2,1,0
2024-07-15 17:29:51.212687,New York,-85.7,403.52,138.78,7.3,2.65,5G NSA,Nord 4,AT&T,n41,80,44.2,8,0,137.68,3,False,Low,88.9,True,17,0,7,2024-07-15,5,1,0,3,1,2,0,1
2024-07-15 17:39:51.212685,Berlin,-71.7,202.79,115.9,7.7,2.04,4G,GT 7,Verizon,n41,85,32.7,5,0,375.19,4,True,Medium,59.9,False,17,0,7,2024-07-15,0,0,5,3,2,0,1,0
2024-07-15 17:49:51.212682,Chennai,-98.3,687.61,37.8,9.2,3.04,5G NSA,Galaxy S23,Airtel,n258,54,41.9,32,4,475.86,3,False,Medium,25.6,True,17,0,7,2024-07-15,1,1,1,0,2,1,0,1
2024-07-15 17:59:51.212679,Chennai,-99.6,890.58,33.24,13.1,1.49,5G NSA,Galaxy S23,Airtel,n258,96,22.2,39,2,361.38,5,False,Low,81.3,True,17,0,7,2024-07-15,1,1,1,0,1,1,0,1
2024-07-15 18:09:51.212677,Berlin,-67.3,980.52,23.19,19.6,3.31,4G,Galaxy S23,AT&T,n260,46,36.2,14,0,40.73,5,True,Medium,23.4,False,18,0,7,2024-07-15,0,0,0,1,2,1,1,0
2024-07-15 18:19:51.212674,Kolkata,-104.2,727.28,73.18,6.3,2.62,4G,Galaxy S23,Airtel,n28,19,24.8,23,3,85.15,1,False,Medium,56.8,False,18,0,7,2024-07-15,3,0,1,2,2,1,0,0
2024-07-15 18:29:51.212672,New York,-64.7,665.26,54.71,9.3,4.92,5G NSA,GT 7,Verizon,n78,46,29.0,44,2,497.91,4,True,Low,78.0,False,18,0,7,2024-07-15,5,1,5,4,1,0,1,0
2024-07-15 18:39:51.212669,Mumbai,-78.6,997.64,129.61,5.7,3.39,5G SA,Nord 4,Airtel,n78,65,36.4,31,4,401.1,1,False,High,51.4,True,18,0,7,2024-07-15,4,2,1,4,0,2,0,1
2024-07-15 18:49:51.212667,Chennai,-88.1,932.44,122.94,19.3,3.61,5G SA,iPhone 14,Airtel,n28,26,36.8,30,4,241.91,5,True,Low,16.4,False,18,0,7,2024-07-15,1,2,1,2,1,4,1,0
2024-07-15 18:59:51.212664,San Francisco,-78.5,473.53,21.85,17.6,2.8,4G,GT 7,AT&T,n78,76,28.2,51,1,108.02,2,False,Medium,31.8,True,18,0,7,2024-07-15,6,0,0,4,2,0,0,1
2024-07-15 19:09:51.212661,Tokyo,-110.0,409.1,128.46,18.0,4.0,5G NSA,iPhone 14,T-Mobile,n41,96,23.8,59,0,485.12,3,True,High,63.8,True,19,0,7,2024-07-15,7,1,4,3,0,4,1,1
2024-07-15 19:19:51.212659,Chennai,-60.3,327.33,26.28,13.8,1.94,5G NSA,Nord 4,Vi,n78,37,40.4,57,0,462.78,2,False,Low,99.3,True,19,0,7,2024-07-15,1,1,6,4,1,2,0,1
2024-07-15 19:29:51.212656,Chennai,-109.9,390.16,70.42,2.7,2.84,5G SA,iPhone 14,Jio,n78,69,20.1,37,1,271.41,5,True,Medium,47.2,True,19,0,7,2024-07-15,1,2,3,4,2,4,1,1
2024-07-15 19:39:51.212653,Delhi,-73.9,362.31,113.71,6.2,1.79,5G SA,iPhone 14,Jio,n258,92,42.6,55,1,335.33,4,False,Low,40.3,True,19,0,7,2024-07-15,2,2,3,0,1,4,0,1
2024-07-15 19:49:51.212651,Berlin,-85.6,182.97,49.18,6.2,0.5,5G NSA,Pixel 7,T-Mobile,n41,24,23.6,59,0,37.61,3,False,Low,83.0,False,19,0,7,2024-07-15,0,1,4,3,1,3,0,0
2024-07-15 19:59:51.212648,San Francisco,-68.0,730.98,22.92,14.5,4.1,5G NSA,Galaxy S23,Verizon,n78,19,38.1,10,2,193.21,1,True,High,22.8,True,19,0,7,2024-07-15,6,1,5,4,0,1,1,1
2024-07-15 20:09:51.212646,Tokyo,-74.7,113.58,78.08,16.4,1.26,5G NSA,GT 7,T-Mobile,n41,63,20.7,26,4,261.41,5,True,High,74.6,False,20,0,7,2024-07-15,7,1,4,3,0,0,1,0
2024-07-15 20:19:51.212643,Chennai,-89.6,194.89,42.07,17.7,4.19,5G NSA,Nord 4,Airtel,n78,89,36.7,28,0,169.74,4,True,Low,20.6,True,20,0,7,2024-07-15,1,1,1,4,1,2,1,1
2024-07-15 20:29:51.212641,San Francisco,-83.7,155.37,21.26,17.2,3.61,5G NSA,Galaxy S23,T-Mobile,n260,56,35.6,45,1,214.36,1,True,High,28.6,True,20,0,7,2024-07-15,6,1,4,1,0,1,1,1
2024-07-15 20:39:51.212638,San Francisco,-63.9,664.92,89.77,5.9,2.08,5G SA,Galaxy S23,T-Mobile,n260,16,26.2,21,1,112.19,1,False,Low,65.2,True,20,0,7,2024-07-15,6,2,4,1,1,1,0,1
2024-07-15 20:49:51.212635,New York,-101.4,472.17,92.1,16.0,0.11,5G NSA,GT 7,T-Mobile,n41,16,20.6,10,2,119.16,1,False,Medium,47.7,False,20,0,7,2024-07-15,5,1,4,3,2,0,0,0
2024-07-15 20:59:51.212633,Berlin,-97.3,462.16,47.8,17.9,0.42,5G SA,iPhone 14,T-Mobile,n41,21,28.4,9,2,357.11,4,True,Low,30.2,False,20,0,7,2024-07-15,0,2,4,3,1,4,1,0
2024-07-15 21:09:51.212630,Berlin,-105.8,231.82,147.38,12.2,0.13,4G,Nord 4,T-Mobile,n260,17,36.2,46,4,170.04,4,False,Low,81.1,False,21,0,7,2024-07-15,0,0,4,1,1,2,0,0
2024-07-15 21:19:51.212628,Mumbai,-96.8,363.55,46.02,9.5,3.11,4G,iPhone 14,Vi,n258,80,37.1,16,4,231.03,5,True,Low,30.0,False,21,0,7,2024-07-15,4,0,6,0,1,4,1,0
2024-07-15 21:29:51.212625,Delhi,-89.8,176.23,58.06,13.3,2.7,4G,Galaxy S23,BSNL,n28,49,37.6,59,4,241.91,2,False,Medium,87.7,True,21,0,7,2024-07-15,2,0,2,2,2,1,0,1
2024-07-15 21:39:51.212623,Chennai,-69.0,852.74,85.36,1.4,2.1,5G SA,iPhone 14,Airtel,n258,68,32.9,55,1,73.38,4,False,Medium,89.3,True,21,0,7,2024-07-15,1,2,1,0,2,4,0,1
2024-07-15 21:49:51.212620,New York,-92.1,294.19,146.7,5.2,3.02,5G NSA,Galaxy S23,T-Mobile,n78,95,22.1,53,3,80.18,1,True,Medium,34.3,False,21,0,7,2024-07-15,5,1,4,4,2,1,1,0
2024-07-15 21:59:51.212617,Tokyo,-92.7,875.81,28.86,18.3,3.32,5G NSA,GT 7,AT&T,n260,39,34.7,14,0,452.53,3,False,High,90.4,True,21,0,7,2024-07-15,7,1,0,1,0,0,0,1
2024-07-15 22:09:51.212615,Tokyo,-88.0,757.37,149.09,9.7,3.43,4G,Nord 4,T-Mobile,n41,77,23.5,51,1,197.49,4,False,High,72.2,True,22,0,7,2024-07-15,7,0,4,3,0,2,0,1
2024-07-15 22:19:51.212612,Chennai,-72.2,956.33,137.36,11.3,3.35,4G,GT 7,Jio,n28,88,39.9,52,2,159.63,5,False,Low,75.6,False,22,0,7,2024-07-15,1,0,3,2,1,0,0,0
2024-07-15 22:29:51.212610,New York,-98.1,360.33,75.77,3.2,0.95,5G NSA,Nord 4,T-Mobile,n260,12,44.9,54,0,356.58,4,True,High,48.0,False,22,0,7,2024-07-15,5,1,4,1,0,2,1,0
2024-07-15 22:39:51.212607,San Francisco,-103.3,406.19,48.44,4.5,1.9,5G NSA,Pixel 7,Verizon,n260,69,40.0,54,1,66.91,2,True,High,18.4,True,22,0,7,2024-07-15,6,1,5,1,0,3,1,1
2024-07-15 22:49:51.212604,Berlin,-90.4,292.24,92.37,9.6,2.59,4G,GT 7,Verizon,n260,81,23.4,26,2,226.39,5,False,Medium,20.3,False,22,0,7,2024-07-15,0,0,5,1,2,0,0,0
2024-07-15 22:59:51.212602,Kolkata,-68.8,914.98,58.91,19.9,2.12,5G NSA,GT 7,Jio,n258,82,35.0,48,0,99.43,3,True,High,18.8,False,22,0,7,2024-07-15,3,1,3,0,0,0,1,0
2024-07-15 23:09:51.212599,San Francisco,-90.0,825.93,75.46,2.9,1.17,5G SA,GT 7,T-Mobile,n260,21,28.4,10,4,44.95,2,False,High,42.1,True,23,0,7,2024-07-15,6,2,4,1,0,0,0,1
2024-07-15 23:19:51.212597,Mumbai,-79.2,291.95,128.2,13.3,3.2,5G SA,Nord 4,Airtel,n28,53,25.1,35,2,274.4,5,False,Low,56.1,False,23,0,7,2024-07-15,4,2,1,2,1,2,0,0
2024-07-15 23:29:51.212594,Kolkata,-74.5,768.27,84.57,19.9,1.24,4G,GT 7,Airtel,n78,43,34.7,4,0,247.05,5,True,Low,84.6,False,23,0,7,2024-07-15,3,0,1,4,1,0,1,0
2024-07-15 23:39:51.212591,Mumbai,-81.2,323.55,147.51,1.0,4.99,5G NSA,iPhone 14,BSNL,n78,19,36.2,10,3,79.0,5,False,High,64.7,False,23,0,7,2024-07-15,4,1,2,4,0,4,0,0
2024-07-15 23:49:51.212586,Tokyo,-100.8,501.71,60.13,6.2,3.4,5G SA,GT 7,AT&T,n41,37,43.7,40,0,478.52,1,True,Medium,70.6,False,23,0,7,2024-07-15,7,2,0,3,2,0,1,0
2024-07-15 23:59:51.212583,Delhi,-87.0,893.24,130.49,6.8,4.11,5G NSA,Pixel 7,Vi,n258,38,36.0,32,1,407.54,5,True,High,84.5,False,23,0,7,2024-07-15,2,1,6,0,0,3,1,0
2024-07-16 00:09:51.212581,Tokyo,-81.6,563.51,28.02,3.6,3.28,5G SA,iPhone 14,Verizon,n78,29,41.5,8,1,50.39,2,True,High,22.4,True,0,1,7,2024-07-16,7,2,5,4,0,4,1,1
2024-07-16 00:19:51.212578,Chennai,-76.7,751.05,135.59,16.7,1.04,5G SA,Galaxy S23,Jio,n258,71,41.8,41,0,275.7,2,True,High,48.4,True,0,1,7,2024-07-16,1,2,3,0,0,1,1,1
2024-07-16 00:29:51.212575,Tokyo,-91.2,942.99,94.18,2.8,2.39,5G SA,Nord 4,Verizon,n41,70,25.5,39,1,182.46,1,False,Low,28.5,True,0,1,7,2024-07-16,7,2,5,3,1,2,0,1
2024-07-16 00:39:51.212573,Berlin,-93.4,282.55,94.67,13.6,3.56,5G NSA,Pixel 7,AT&T,n78,25,42.2,49,1,123.55,2,True,Low,35.4,False,0,1,7,2024-07-16,0,1,0,4,1,3,1,0
2024-07-16 00:49:51.212570,New York,-78.5,422.85,39.66,5.9,4.97,4G,Galaxy S23,T-Mobile,n41,67,43.2,20,4,333.4,1,True,High,95.0,False,0,1,7,2024-07-16,5,0,4,3,0,1,1,0
2024-07-16 00:59:51.212568,San Francisco,-100.9,819.21,78.28,15.5,2.13,5G SA,Nord 4,T-Mobile,n41,26,21.6,34,2,83.4,1,False,Low,37.0,False,0,1,7,2024-07-16,6,2,4,3,1,2,0,0
2024-07-16 01:09:51.212565,Chennai,-96.9,140.21,71.96,5.0,4.44,4G,Pixel 7,Vi,n78,65,42.4,55,2,86.84,5,False,High,12.8,False,1,1,7,2024-07-16,1,0,6,4,0,3,0,0
2024-07-16 01:19:51.212563,Berlin,-90.8,982.79,27.48,2.3,3.33,4G,Galaxy S23,Verizon,n41,22,26.1,19,3,381.02,3,True,High,53.8,False,1,1,7,2024-07-16,0,0,5,3,0,1,1,0
2024-07-16 01:29:51.212560,New York,-86.1,226.68,97.86,15.4,3.36,5G NSA,Galaxy S23,T-Mobile,n41,12,28.2,43,0,206.97,3,True,Low,24.7,True,1,1,7,2024-07-16,5,1,4,3,1,1,1,1
2024-07-16 01:39:51.212557,Delhi,-92.0,103.9,110.48,19.7,1.73,4G,Galaxy S23,Jio,n28,62,41.7,4,2,99.31,4,False,Low,53.7,True,1,1,7,2024-07-16,2,0,3,2,1,1,0,1
2024-07-16 01:49:51.212555,Mumbai,-74.8,682.82,87.67,14.5,4.22,5G SA,iPhone 14,Jio,n258,69,20.2,25,3,172.36,5,True,Medium,94.3,True,1,1,7,2024-07-16,4,2,3,0,2,4,1,1
2024-07-16 01:59:51.212552,Berlin,-108.2,479.31,80.95,13.3,4.73,5G SA,Nord 4,T-Mobile,n41,24,27.1,14,3,401.89,3,True,Medium,98.0,False,1,1,7,2024-07-16,0,2,4,3,2,2,1,0
2024-07-16 02:09:51.212550,Mumbai,-90.2,805.81,71.97,12.5,0.48,5G SA,Pixel 7,Vi,n258,78,32.8,56,0,455.48,1,False,Low,66.5,False,2,1,7,2024-07-16,4,2,6,0,1,3,0,0
2024-07-16 02:19:51.212547,Delhi,-84.5,965.11,69.2,7.3,4.0,4G,GT 7,Jio,n28,30,40.9,19,2,472.86,4,True,Low,74.7,True,2,1,7,2024-07-16,2,0,3,2,1,0,1,1
2024-07-16 02:29:51.212544,San Francisco,-94.5,784.29,127.75,10.9,4.83,5G SA,Pixel 7,Verizon,n260,95,38.2,39,2,458.78,1,True,High,87.8,True,2,1,7,2024-07-16,6,2,5,1,0,3,1,1
2024-07-16 02:39:51.212542,Chennai,-72.6,648.59,93.3,7.1,4.67,5G SA,Pixel 7,Vi,n28,18,24.8,28,3,58.75,4,False,High,23.9,True,2,1,7,2024-07-16,1,2,6,2,0,3,0,1
2024-07-16 02:49:51.212539,San Francisco,-63.2,488.44,112.71,13.6,3.24,4G,iPhone 14,AT&T,n41,14,20.7,57,1,51.34,2,False,Medium,86.8,True,2,1,7,2024-07-16,6,0,0,3,2,4,0,1
2024-07-16 02:59:51.212537,Berlin,-85.1,705.04,131.98,17.2,1.6,5G NSA,GT 7,Verizon,n78,99,29.6,26,3,136.51,4,True,Low,78.3,False,2,1,7,2024-07-16,0,1,5,4,1,0,1,0
2024-07-16 03:09:51.212534,Tokyo,-62.0,906.48,98.63,3.3,2.59,5G NSA,Galaxy S23,AT&T,n260,73,35.3,21,0,126.27,4,True,Low,50.5,True,3,1,7,2024-07-16,7,1,0,1,1,1,1,1
2024-07-16 03:19:51.212531,New York,-99.7,994.42,113.61,6.0,2.67,5G SA,Pixel 7,AT&T,n41,60,44.6,30,1,487.43,1,False,High,19.5,True,3,1,7,2024-07-16,5,2,0,3,0,3,0,1
2024-07-16 03:29:51.212529,San Francisco,-95.7,751.08,118.77,4.2,2.99,4G,Galaxy S23,T-Mobile,n260,88,32.3,42,1,495.7,2,False,High,83.8,True,3,1,7,2024-07-16,6,0,4,1,0,1,0,1
2024-07-16 03:39:51.212526,Kolkata,-68.3,728.84,65.84,7.8,0.73,5G SA,Galaxy S23,Vi,n28,64,24.0,22,1,20.17,1,True,Low,60.0,True,3,1,7,2024-07-16,3,2,6,2,1,1,1,1
2024-07-16 03:49:51.212524,Delhi,-100.5,193.35,88.41,7.4,1.25,5G NSA,iPhone 14,Vi,n78,23,26.4,8,3,255.14,3,True,Low,64.4,True,3,1,7,2024-07-16,2,1,6,4,1,4,1,1
2024-07-16 03:59:51.212521,New York,-83.9,796.48,148.45,4.5,0.61,5G NSA,Galaxy S23,Verizon,n260,77,43.9,26,3,195.04,2,False,Low,87.9,False,3,1,7,2024-07-16,5,1,5,1,1,1,0,0
2024-07-16 04:09:51.212519,New York,-106.7,181.82,147.14,10.5,4.38,4G,iPhone 14,AT&T,n41,97,26.4,24,1,304.31,1,True,Medium,33.5,False,4,1,7,2024-07-16,5,0,0,3,2,4,1,0
2024-07-16 04:19:51.212516,New York,-89.4,850.91,118.18,5.2,2.23,5G SA,Pixel 7,T-Mobile,n41,47,35.8,17,2,86.04,1,False,High,29.1,True,4,1,7,2024-07-16,5,2,4,3,0,3,0,1
2024-07-16 04:29:51.212513,Tokyo,-108.9,894.17,76.53,16.6,3.54,4G,Galaxy S23,T-Mobile,n41,86,26.9,25,3,133.65,5,True,High,61.8,False,4,1,7,2024-07-16,7,0,4,3,0,1,1,0
2024-07-16 04:39:51.212511,Delhi,-67.5,996.07,82.42,18.6,1.5,4G,Galaxy S23,Vi,n258,86,33.7,42,3,393.9,4,False,High,13.6,True,4,1,7,2024-07-16,2,0,6,0,0,1,0,1
2024-07-16 04:49:51.212508,Mumbai,-105.8,157.83,49.23,18.4,0.21,5G SA,iPhone 14,BSNL,n78,55,20.6,41,4,323.83,1,False,Medium,80.4,True,4,1,7,2024-07-16,4,2,2,4,2,4,0,1
2024-07-16 04:59:51.212506,Chennai,-71.6,518.41,26.01,7.0,0.18,4G,Pixel 7,Vi,n28,20,23.3,27,3,438.15,1,True,Medium,58.8,True,4,1,7,2024-07-16,1,0,6,2,2,3,1,1
2024-07-16 05:09:51.212503,Tokyo,-92.4,251.59,78.66,9.0,4.35,5G SA,GT 7,Verizon,n41,39,23.8,11,0,390.2,3,True,Medium,10.5,False,5,1,7,2024-07-16,7,2,5,3,2,0,1,0
2024-07-16 05:19:51.212501,Berlin,-108.3,304.28,65.68,8.7,3.62,4G,Pixel 7,T-Mobile,n78,53,42.8,47,1,285.01,4,True,High,23.8,False,5,1,7,2024-07-16,0,0,4,4,0,3,1,0
2024-07-16 05:29:51.212498,Mumbai,-82.8,279.16,122.43,10.5,2.5,5G SA,Nord 4,Airtel,n28,41,22.3,38,4,251.33,4,True,High,86.6,False,5,1,7,2024-07-16,4,2,1,2,0,2,1,0
2024-07-16 05:39:51.212495,Kolkata,-62.1,184.58,134.0,3.2,1.84,4G,Galaxy S23,Jio,n258,51,31.9,54,4,496.58,3,True,Medium,65.1,True,5,1,7,2024-07-16,3,0,3,0,2,1,1,1
2024-07-16 05:49:51.212493,Chennai,-78.5,956.15,84.14,2.8,1.04,4G,iPhone 14,Vi,n28,59,30.8,12,0,438.42,1,True,High,55.6,False,5,1,7,2024-07-16,1,0,6,2,0,4,1,0
2024-07-16 05:59:51.212490,Mumbai,-104.0,873.68,147.12,14.1,1.08,4G,Galaxy S23,Vi,n258,21,25.2,48,0,131.64,1,True,Low,19.1,True,5,1,7,2024-07-16,4,0,6,0,1,1,1,1
2024-07-16 06:09:51.212488,San Francisco,-69.8,933.77,57.51,14.0,0.27,5G SA,Nord 4,Verizon,n78,19,38.1,35,2,47.79,3,True,Low,15.8,False,6,1,7,2024-07-16,6,2,5,4,1,2,1,0
2024-07-16 06:19:51.212485,San Francisco,-108.4,110.0,68.07,15.0,0.65,5G NSA,GT 7,Verizon,n260,75,26.5,39,3,266.84,5,False,Low,78.4,True,6,1,7,2024-07-16,6,1,5,1,1,0,0,1
2024-07-16 06:29:51.212482,San Francisco,-84.6,541.29,133.98,3.8,1.72,4G,iPhone 14,AT&T,n41,37,24.1,9,1,260.77,2,True,Low,59.9,True,6,1,7,2024-07-16,6,0,0,3,1,4,1,1
2024-07-16 06:39:51.212480,Kolkata,-75.1,298.79,49.72,11.1,4.54,4G,iPhone 14,Airtel,n78,92,27.4,39,4,11.8,3,True,Low,86.4,True,6,1,7,2024-07-16,3,0,1,4,1,4,1,1
2024-07-16 06:49:51.212477,Chennai,-96.2,241.44,135.65,19.2,3.57,4G,Galaxy S23,Vi,n28,37,37.4,32,4,270.75,4,False,Medium,20.1,False,6,1,7,2024-07-16,1,0,6,2,2,1,0,0
2024-07-16 06:59:51.212475,New York,-64.4,121.13,27.1,15.6,4.43,5G SA,Nord 4,Verizon,n260,99,26.1,52,1,377.13,3,True,High,23.1,True,6,1,7,2024-07-16,5,2,5,1,0,2,1,1
2024-07-16 07:09:51.212472,Berlin,-76.1,627.83,37.0,10.0,1.55,5G SA,Galaxy S23,Verizon,n260,81,20.1,29,4,270.84,2,True,Low,12.8,True,7,1,7,2024-07-16,0,2,5,1,1,1,1,1
2024-07-16 07:19:51.212470,Delhi,-103.2,124.39,38.29,11.4,3.44,5G SA,iPhone 14,Jio,n258,80,22.8,6,4,104.46,2,True,Low,87.4,False,7,1,7,2024-07-16,2,2,3,0,1,4,1,0
2024-07-16 07:29:51.212467,Delhi,-63.1,264.57,130.36,12.0,0.26,5G SA,Pixel 7,Airtel,n258,66,43.4,25,1,438.18,2,True,High,82.6,True,7,1,7,2024-07-16,2,2,1,0,0,3,1,1
2024-07-16 07:39:51.212465,Chennai,-67.5,996.6,67.56,16.9,3.83,4G,GT 7,BSNL,n28,86,38.3,57,4,304.3,2,False,High,13.2,False,7,1,7,2024-07-16,1,0,2,2,0,0,0,0
2024-07-16 07:49:51.212462,New York,-109.3,126.61,84.89,9.5,2.44,5G SA,GT 7,T-Mobile,n41,57,32.6,7,2,86.3,1,True,Medium,92.7,False,7,1,7,2024-07-16,5,2,4,3,2,0,1,0
2024-07-16 07:59:51.212460,Berlin,-107.3,150.68,39.51,9.8,3.1,5G NSA,Pixel 7,T-Mobile,n260,10,41.7,35,3,89.31,4,True,High,89.5,True,7,1,7,2024-07-16,0,1,4,1,0,3,1,1
2024-07-16 08:09:51.212457,Delhi,-89.0,873.72,63.46,4.5,3.79,5G SA,GT 7,Vi,n28,68,42.5,9,4,243.56,2,True,High,82.3,True,8,1,7,2024-07-16,2,2,6,2,0,0,1,1
2024-07-16 08:19:51.212455,Tokyo,-83.5,243.4,72.66,18.9,4.24,4G,Pixel 7,Verizon,n260,45,25.6,25,2,236.62,4,True,High,83.5,False,8,1,7,2024-07-16,7,0,5,1,0,3,1,0
2024-07-16 08:29:51.212452,Kolkata,-105.2,442.36,30.95,13.5,4.38,5G NSA,iPhone 14,Jio,n258,54,36.5,9,2,91.08,3,False,Medium,57.6,True,8,1,7,2024-07-16,3,1,3,0,2,4,0,1
2024-07-16 08:39:51.212450,Chennai,-101.5,707.92,38.63,15.0,0.4,4G,iPhone 14,Jio,n28,48,40.1,31,0,122.05,2,True,High,63.9,False,8,1,7,2024-07-16,1,0,3,2,0,4,1,0
2024-07-16 08:49:51.212447,San Francisco,-83.3,594.69,112.89,17.9,4.81,5G SA,iPhone 14,AT&T,n260,44,26.8,2,1,53.49,1,False,Medium,72.7,True,8,1,7,2024-07-16,6,2,0,1,2,4,0,1
2024-07-16 08:59:51.212444,Delhi,-73.8,914.47,81.73,5.7,1.99,5G NSA,Nord 4,Jio,n28,48,31.0,17,1,28.16,5,True,Medium,35.4,False,8,1,7,2024-07-16,2,1,3,2,2,2,1,0
2024-07-16 09:09:51.212442,Delhi,-101.6,766.91,30.11,4.7,3.65,5G NSA,GT 7,Airtel,n78,45,32.6,27,4,192.91,3,True,Medium,36.0,True,9,1,7,2024-07-16,2,1,1,4,2,0,1,1
2024-07-16 09:19:51.212439,Delhi,-70.0,492.55,139.98,5.6,0.31,5G SA,Galaxy S23,Vi,n28,84,39.4,37,3,224.12,2,True,Medium,66.3,False,9,1,7,2024-07-16,2,2,6,2,2,1,1,0
2024-07-16 09:29:51.212437,Kolkata,-68.1,400.1,28.76,10.2,0.37,4G,Nord 4,Airtel,n258,29,41.1,23,4,99.72,3,False,Medium,74.4,True,9,1,7,2024-07-16,3,0,1,0,2,2,0,1
2024-07-16 09:39:51.212434,Berlin,-95.0,762.39,103.39,10.8,2.24,5G NSA,GT 7,AT&T,n78,28,33.6,36,3,89.0,1,False,Low,71.5,True,9,1,7,2024-07-16,0,1,0,4,1,0,0,1
2024-07-16 09:49:51.212431,Tokyo,-106.2,733.98,143.11,6.5,3.25,4G,Galaxy S23,T-Mobile,n260,23,39.8,38,2,44.46,4,True,Low,46.6,True,9,1,7,2024-07-16,7,0,4,1,1,1,1,1
2024-07-16 09:59:51.212429,San Francisco,-81.0,343.74,126.93,17.8,4.19,5G SA,iPhone 14,AT&T,n41,78,44.7,29,2,282.93,4,False,Low,10.8,True,9,1,7,2024-07-16,6,2,0,3,1,4,0,1
2024-07-16 10:09:51.212426,New York,-103.8,218.3,68.66,9.9,0.55,4G,Nord 4,T-Mobile,n78,78,43.1,55,2,39.25,3,False,Medium,63.2,True,10,1,7,2024-07-16,5,0,4,4,2,2,0,1
2024-07-16 10:19:51.212423,Chennai,-106.5,588.59,28.41,16.6,3.14,4G,Nord 4,Airtel,n78,94,24.6,51,0,127.62,4,False,Medium,37.1,True,10,1,7,2024-07-16,1,0,1,4,2,2,0,1
2024-07-16 10:29:51.212421,Tokyo,-68.2,709.4,135.55,4.3,0.13,5G NSA,Nord 4,AT&T,n78,77,37.5,53,4,421.24,1,True,Medium,46.0,True,10,1,7,2024-07-16,7,1,0,4,2,2,1,1
2024-07-16 10:39:51.212418,New York,-91.5,239.55,88.12,19.7,2.24,5G SA,iPhone 14,AT&T,n260,81,28.3,53,3,68.54,3,True,Medium,66.3,True,10,1,7,2024-07-16,5,2,0,1,2,4,1,1
2024-07-16 10:49:51.212416,San Francisco,-108.7,975.05,66.69,18.0,2.17,5G SA,GT 7,AT&T,n78,89,34.3,6,4,14.68,1,True,Low,45.9,True,10,1,7,2024-07-16,6,2,0,4,1,0,1,1
2024-07-16 10:59:51.212413,Berlin,-98.3,533.68,21.57,8.8,0.63,5G NSA,Nord 4,T-Mobile,n260,31,39.3,28,3,86.45,4,True,Low,43.7,True,10,1,7,2024-07-16,0,1,4,1,1,2,1,1
2024-07-16 11:09:51.212411,Mumbai,-81.4,829.11,111.84,10.5,0.9,4G,GT 7,BSNL,n28,34,20.9,31,4,90.27,4,True,Medium,73.9,True,11,1,7,2024-07-16,4,0,2,2,2,0,1,1
2024-07-16 11:19:51.212408,Tokyo,-91.3,983.77,136.93,1.1,1.42,5G NSA,Galaxy S23,AT&T,n260,43,23.9,33,1,80.47,5,True,Low,42.9,True,11,1,7,2024-07-16,7,1,0,1,1,1,1,1
2024-07-16 11:29:51.212405,Mumbai,-86.9,542.31,111.28,5.8,3.75,5G SA,Nord 4,Jio,n78,53,35.9,3,4,407.36,4,True,Medium,72.9,False,11,1,7,2024-07-16,4,2,3,4,2,2,1,0
2024-07-16 11:39:51.212403,Mumbai,-99.0,575.16,63.58,6.3,2.53,4G,Pixel 7,Jio,n28,37,21.2,59,2,320.08,4,False,High,85.7,False,11,1,7,2024-07-16,4,0,3,2,0,3,0,0
2024-07-16 11:49:51.212400,Tokyo,-60.8,575.34,82.06,16.2,4.7,5G NSA,Pixel 7,T-Mobile,n78,79,33.0,10,0,491.09,4,False,High,19.6,False,11,1,7,2024-07-16,7,1,4,4,0,3,0,0
2024-07-16 11:59:51.212398,Berlin,-97.5,827.82,85.35,12.7,4.23,4G,Nord 4,T-Mobile,n78,13,21.1,50,3,36.77,5,True,High,75.9,False,11,1,7,2024-07-16,0,0,4,4,0,2,1,0
2024-07-16 12:09:51.212395,Chennai,-78.5,980.01,53.68,12.2,0.94,4G,iPhone 14,Vi,n28,14,33.5,9,3,270.13,3,False,High,99.7,False,12,1,7,2024-07-16,1,0,6,2,0,4,0,0
2024-07-16 12:19:51.212392,San Francisco,-68.0,894.73,61.73,18.3,0.91,4G,Galaxy S23,Verizon,n260,41,43.7,16,1,418.11,3,True,Medium,61.1,False,12,1,7,2024-07-16,6,0,5,1,2,1,1,0
2024-07-16 12:29:51.212390,San Francisco,-104.9,310.98,144.29,18.0,0.18,5G SA,Galaxy S23,AT&T,n41,54,38.9,2,0,107.76,1,False,High,10.2,False,12,1,7,2024-07-16,6,2,0,3,0,1,0,0
2024-07-16 12:39:51.212387,Tokyo,-101.5,481.34,35.15,8.2,3.6,5G NSA,Pixel 7,Verizon,n41,41,40.5,23,4,377.26,2,False,Low,11.0,True,12,1,7,2024-07-16,7,1,5,3,1,3,0,1
2024-07-16 12:49:51.212385,Tokyo,-109.3,578.2,124.72,3.7,4.7,5G SA,Galaxy S23,T-Mobile,n78,52,36.5,40,0,231.67,3,True,Low,64.1,False,12,1,7,2024-07-16,7,2,4,4,1,1,1,0
2024-07-16 12:59:51.212382,New York,-90.3,776.93,36.83,15.4,4.44,5G NSA,Nord 4,Verizon,n260,68,25.3,10,4,392.04,3,False,Low,88.7,True,12,1,7,2024-07-16,5,1,5,1,1,2,0,1
2024-07-16 13:09:51.212379,Kolkata,-106.9,346.56,108.7,10.9,1.63,4G,Galaxy S23,Vi,n28,15,35.5,32,3,340.47,1,False,Medium,34.7,True,13,1,7,2024-07-16,3,0,6,2,2,1,0,1
2024-07-16 13:19:51.212377,Mumbai,-100.6,922.05,51.85,6.5,1.86,5G SA,Galaxy S23,Vi,n78,34,35.3,23,0,83.21,3,True,Low,59.2,True,13,1,7,2024-07-16,4,2,6,4,1,1,1,1
2024-07-16 13:29:51.212374,Chennai,-106.8,179.83,44.64,11.6,1.22,5G SA,iPhone 14,Vi,n78,78,28.8,26,1,17.89,2,True,Medium,17.9,True,13,1,7,2024-07-16,1,2,6,4,2,4,1,1
2024-07-16 13:39:51.212371,Kolkata,-72.9,848.41,144.16,1.7,1.64,5G NSA,Pixel 7,Airtel,n258,54,20.4,41,1,92.54,1,False,High,92.7,False,13,1,7,2024-07-16,3,1,1,0,0,3,0,0
2024-07-16 13:49:51.212369,Berlin,-61.4,721.6,142.8,12.4,1.81,5G SA,Pixel 7,AT&T,n78,86,28.2,29,0,268.61,5,True,Low,26.0,False,13,1,7,2024-07-16,0,2,0,4,1,3,1,0
2024-07-16 13:59:51.212366,New York,-75.3,495.89,148.35,2.1,4.71,5G SA,iPhone 14,Verizon,n41,33,20.6,54,4,141.74,1,True,Medium,81.0,False,13,1,7,2024-07-16,5,2,5,3,2,4,1,0
2024-07-16 14:09:51.212361,Delhi,-67.0,425.77,28.18,14.2,2.08,4G,Pixel 7,Vi,n258,97,28.7,24,1,123.91,4,True,High,53.7,True,14,1,7,2024-07-16,2,0,6,0,0,3,1,1
2024-07-16 14:19:51.212358,Chennai,-61.4,295.87,126.69,13.1,2.39,5G SA,Nord 4,Vi,n28,19,33.5,11,3,369.15,4,True,Low,57.4,False,14,1,7,2024-07-16,1,2,6,2,1,2,1,0
2024-07-16 14:29:51.212356,Berlin,-98.0,254.02,119.49,14.0,3.85,4G,GT 7,T-Mobile,n78,12,42.0,26,2,127.71,1,False,Medium,76.7,True,14,1,7,2024-07-16,0,0,4,4,2,0,0,1
2024-07-16 14:39:51.212353,Mumbai,-81.6,390.29,70.03,13.2,0.61,4G,GT 7,Jio,n258,28,40.0,48,3,171.27,4,False,Medium,94.5,False,14,1,7,2024-07-16,4,0,3,0,2,0,0,0
2024-07-16 14:49:51.212351,Delhi,-74.8,844.84,127.49,14.1,4.08,5G NSA,Galaxy S23,BSNL,n258,83,31.5,40,1,51.76,5,True,High,91.2,False,14,1,7,2024-07-16,2,1,2,0,0,1,1,0
2024-07-16 14:59:51.212348,Berlin,-71.6,640.21,57.93,15.2,0.86,5G SA,Nord 4,Verizon,n78,22,39.9,19,1,102.95,3,False,High,83.4,True,14,1,7,2024-07-16,0,2,5,4,0,2,0,1
2024-07-16 15:09:51.212345,Tokyo,-70.1,680.4,92.56,10.0,1.32,5G NSA,Pixel 7,T-Mobile,n78,81,37.8,4,2,456.41,4,False,Medium,58.6,True,15,1,7,2024-07-16,7,1,4,4,2,3,0,1
2024-07-16 15:19:51.212343,Kolkata,-77.7,483.68,38.89,12.2,2.76,4G,Pixel 7,Jio,n28,91,30.9,32,2,296.62,1,False,High,59.2,True,15,1,7,2024-07-16,3,0,3,2,0,3,0,1
2024-07-16 15:29:51.212340,Chennai,-99.3,549.66,142.54,2.1,3.54,5G SA,Galaxy S23,Jio,n28,53,41.6,36,4,424.59,5,False,High,64.7,True,15,1,7,2024-07-16,1,2,3,2,0,1,0,1
2024-07-16 15:39:51.212338,Delhi,-96.5,360.61,75.33,19.4,2.33,5G SA,GT 7,Vi,n258,37,44.1,22,3,459.4,5,True,Low,52.0,False,15,1,7,2024-07-16,2,2,6,0,1,0,1,0
2024-07-16 15:49:51.212335,Kolkata,-89.1,942.6,111.49,14.3,2.71,5G NSA,Pixel 7,BSNL,n258,75,44.0,43,0,171.05,2,True,Medium,83.3,False,15,1,7,2024-07-16,3,1,2,0,2,3,1,0
2024-07-16 15:59:51.212332,Chennai,-82.1,818.65,111.49,15.5,3.46,5G NSA,Pixel 7,BSNL,n28,21,34.1,2,4,388.8,1,False,Medium,11.0,False,15,1,7,2024-07-16,1,1,2,2,2,3,0,0
2024-07-16 16:09:51.212330,Mumbai,-72.5,398.43,63.31,13.8,5.0,5G NSA,iPhone 14,Airtel,n78,63,20.3,21,0,414.8,2,True,Low,16.4,True,16,1,7,2024-07-16,4,1,1,4,1,4,1,1
2024-07-16 16:19:51.212327,Berlin,-77.2,751.13,97.06,5.8,4.76,4G,Pixel 7,T-Mobile,n41,19,34.5,17,2,302.17,5,False,High,31.6,False,16,1,7,2024-07-16,0,0,4,3,0,3,0,0
2024-07-16 16:29:51.212325,Delhi,-108.6,458.75,93.7,6.1,1.65,5G NSA,GT 7,Airtel,n258,92,33.3,53,3,283.88,1,True,Low,53.8,True,16,1,7,2024-07-16,2,1,1,0,1,0,1,1
2024-07-16 16:39:51.212322,Delhi,-99.6,748.99,29.16,6.4,0.62,5G SA,iPhone 14,Vi,n28,80,27.0,17,1,351.22,5,False,Medium,94.7,False,16,1,7,2024-07-16,2,2,6,2,2,4,0,0
2024-07-16 16:49:51.212319,Berlin,-78.5,629.31,143.11,5.0,0.54,5G SA,Nord 4,Verizon,n41,86,30.7,48,3,311.77,5,False,Medium,80.1,False,16,1,7,2024-07-16,0,2,5,3,2,2,0,0
2024-07-16 16:59:51.212317,Delhi,-60.4,615.97,33.02,18.8,4.48,5G NSA,Nord 4,BSNL,n28,19,21.9,18,2,443.37,5,False,Medium,19.6,True,16,1,7,2024-07-16,2,1,2,2,2,2,0,1
2024-07-16 17:09:51.212314,New York,-103.0,541.51,91.41,10.3,3.17,5G NSA,iPhone 14,AT&T,n260,70,38.3,1,3,316.9,4,False,Medium,34.9,False,17,1,7,2024-07-16,5,1,0,1,2,4,0,0
2024-07-16 17:19:51.212312,New York,-63.0,796.09,110.66,17.1,3.62,5G NSA,Nord 4,AT&T,n78,32,42.8,27,4,12.88,4,True,Low,76.8,True,17,1,7,2024-07-16,5,1,0,4,1,2,1,1
2024-07-16 17:29:51.212309,Berlin,-65.7,292.76,115.29,8.8,2.53,5G NSA,Pixel 7,Verizon,n41,27,35.5,6,4,379.45,3,False,Low,32.1,True,17,1,7,2024-07-16,0,1,5,3,1,3,0,1
2024-07-16 17:39:51.212306,Delhi,-86.4,165.23,137.9,14.1,0.16,5G NSA,iPhone 14,Jio,n28,13,41.0,20,3,89.37,5,True,Low,23.3,False,17,1,7,2024-07-16,2,1,3,2,1,4,1,0
2024-07-16 17:49:51.212304,Tokyo,-80.3,817.63,144.7,13.8,2.03,4G,Nord 4,Verizon,n78,24,39.9,10,1,63.39,3,True,Low,17.7,True,17,1,7,2024-07-16,7,0,5,4,1,2,1,1
2024-07-16 17:59:51.212301,Chennai,-103.6,627.68,69.67,2.3,2.74,4G,GT 7,Vi,n28,42,35.3,33,0,488.77,4,False,High,16.4,False,17,1,7,2024-07-16,1,0,6,2,0,0,0,0
2024-07-16 18:09:51.212299,San Francisco,-65.4,339.72,71.66,17.6,0.48,5G NSA,Nord 4,T-Mobile,n260,65,36.8,11,3,27.85,2,False,Medium,84.8,True,18,1,7,2024-07-16,6,1,4,1,2,2,0,1
2024-07-16 18:19:51.212296,Chennai,-77.5,434.47,74.0,13.6,1.72,4G,Nord 4,Vi,n28,36,26.6,30,4,147.96,4,True,Medium,89.0,False,18,1,7,2024-07-16,1,0,6,2,2,2,1,0
2024-07-16 18:29:51.212294,Kolkata,-96.2,288.53,138.01,14.4,3.34,4G,Nord 4,Jio,n258,40,44.5,33,2,321.41,5,True,Low,52.1,False,18,1,7,2024-07-16,3,0,3,0,1,2,1,0
2024-07-16 18:39:51.212291,Chennai,-86.3,286.15,115.23,3.1,0.92,4G,Pixel 7,Airtel,n28,78,44.8,36,2,474.62,1,False,Medium,27.0,True,18,1,7,2024-07-16,1,0,1,2,2,3,0,1
2024-07-16 18:49:51.212288,Berlin,-76.0,266.65,106.43,19.2,4.38,5G SA,Galaxy S23,T-Mobile,n78,99,37.2,7,4,478.64,2,True,High,94.1,False,18,1,7,2024-07-16,0,2,4,4,0,1,1,0
2024-07-16 18:59:51.212286,Berlin,-77.7,411.66,135.14,2.8,0.66,5G SA,Pixel 7,Verizon,n260,83,28.6,17,4,78.23,4,True,Medium,22.8,True,18,1,7,2024-07-16,0,2,5,1,2,3,1,1
2024-07-16 19:09:51.212283,New York,-83.3,829.66,111.2,5.7,0.36,5G SA,Pixel 7,Verizon,n41,68,32.1,30,4,429.3,4,True,High,23.6,False,19,1,7,2024-07-16,5,2,5,3,0,3,1,0
2024-07-16 19:19:51.212281,Kolkata,-109.2,270.53,146.85,2.7,1.24,5G NSA,GT 7,BSNL,n78,39,33.9,9,4,415.14,1,False,Low,72.7,True,19,1,7,2024-07-16,3,1,2,4,1,0,0,1
2024-07-16 19:29:51.212278,Tokyo,-63.8,875.53,88.45,6.4,2.72,5G SA,Nord 4,AT&T,n260,97,33.6,11,4,374.46,1,True,Low,30.6,True,19,1,7,2024-07-16,7,2,0,1,1,2,1,1
2024-07-16 19:39:51.212276,Kolkata,-90.5,623.05,119.76,6.9,2.88,5G NSA,Nord 4,Airtel,n258,71,26.2,36,0,24.75,1,True,Low,60.0,False,19,1,7,2024-07-16,3,1,1,0,1,2,1,0
2024-07-16 19:49:51.212273,Tokyo,-101.2,586.07,125.16,9.2,1.06,5G NSA,Galaxy S23,AT&T,n78,49,21.6,5,3,267.57,3,True,Medium,13.6,True,19,1,7,2024-07-16,7,1,0,4,2,1,1,1
2024-07-16 19:59:51.212270,Delhi,-104.4,919.56,39.36,14.2,2.69,5G NSA,Galaxy S23,BSNL,n28,91,35.1,5,1,409.22,1,True,Low,87.4,True,19,1,7,2024-07-16,2,1,2,2,1,1,1,1
2024-07-16 20:09:51.212268,Tokyo,-74.7,593.82,112.0,1.7,4.11,4G,iPhone 14,T-Mobile,n41,89,21.3,33,2,304.66,1,False,High,54.5,True,20,1,7,2024-07-16,7,0,4,3,0,4,0,1
2024-07-16 20:19:51.212265,Chennai,-86.8,532.4,119.03,8.7,1.33,4G,Pixel 7,BSNL,n78,25,23.6,52,2,374.41,3,True,Low,51.5,True,20,1,7,2024-07-16,1,0,2,4,1,3,1,1
2024-07-16 20:29:51.212263,Chennai,-105.9,447.07,102.3,8.4,3.4,5G NSA,iPhone 14,BSNL,n78,26,34.3,22,3,31.41,4,False,High,47.6,False,20,1,7,2024-07-16,1,1,2,4,0,4,0,0
2024-07-16 20:39:51.212260,Kolkata,-91.3,635.58,118.87,14.1,1.9,5G NSA,GT 7,Airtel,n78,38,30.5,43,4,53.1,2,True,Medium,68.0,False,20,1,7,2024-07-16,3,1,1,4,2,0,1,0
2024-07-16 20:49:51.212258,Delhi,-82.6,409.08,32.25,18.2,4.82,4G,Galaxy S23,Jio,n258,73,32.7,30,2,232.05,1,True,Medium,63.0,True,20,1,7,2024-07-16,2,0,3,0,2,1,1,1
2024-07-16 20:59:51.212255,New York,-93.5,967.74,101.76,10.5,2.13,5G SA,Pixel 7,T-Mobile,n260,79,35.7,51,4,241.89,5,False,Low,32.0,False,20,1,7,2024-07-16,5,2,4,1,1,3,0,0
2024-07-16 21:09:51.212252,Kolkata,-60.7,579.56,46.86,17.7,1.86,5G NSA,Galaxy S23,Jio,n78,98,36.4,19,2,178.91,2,True,Low,59.5,True,21,1,7,2024-07-16,3,1,3,4,1,1,1,1
2024-07-16 21:19:51.212250,Kolkata,-104.4,737.16,33.1,8.8,0.53,4G,Pixel 7,Vi,n28,95,32.8,59,0,272.5,1,True,Medium,43.6,False,21,1,7,2024-07-16,3,0,6,2,2,3,1,0
2024-07-16 21:29:51.212247,Tokyo,-92.8,662.41,47.09,14.7,2.76,4G,GT 7,T-Mobile,n78,52,43.5,46,4,30.83,4,True,Low,69.3,False,21,1,7,2024-07-16,7,0,4,4,1,0,1,0
2024-07-16 21:39:51.212245,Kolkata,-106.0,615.22,21.07,3.7,3.36,4G,Nord 4,Jio,n258,21,41.4,55,2,421.93,5,True,High,27.4,True,21,1,7,2024-07-16,3,0,3,0,0,2,1,1
2024-07-16 21:49:51.212242,Mumbai,-67.1,206.59,28.82,6.1,0.53,4G,Pixel 7,Jio,n258,88,36.1,36,0,39.03,3,False,Low,66.1,True,21,1,7,2024-07-16,4,0,3,0,1,3,0,1
2024-07-16 21:59:51.212239,Berlin,-88.7,280.62,83.18,2.3,4.12,5G SA,iPhone 14,T-Mobile,n41,53,33.3,55,2,471.25,3,False,Low,16.0,True,21,1,7,2024-07-16,0,2,4,3,1,4,0,1
2024-07-16 22:09:51.212237,Delhi,-99.9,956.3,117.91,3.1,4.89,4G,Galaxy S23,Vi,n78,41,32.9,54,3,33.68,5,False,High,86.7,False,22,1,7,2024-07-16,2,0,6,4,0,1,0,0
2024-07-16 22:19:51.212234,Chennai,-62.9,230.37,91.36,13.7,2.7,4G,Pixel 7,Airtel,n258,45,44.3,59,4,185.32,2,True,High,92.8,False,22,1,7,2024-07-16,1,0,1,0,0,3,1,0
2024-07-16 22:29:51.212232,Berlin,-97.8,276.08,63.68,7.8,0.8,5G SA,Nord 4,AT&T,n260,16,29.7,48,3,252.53,4,True,High,93.6,True,22,1,7,2024-07-16,0,2,0,1,0,2,1,1
2024-07-16 22:39:51.212229,Berlin,-76.7,110.37,110.85,17.0,3.7,5G SA,GT 7,T-Mobile,n260,94,38.2,44,1,152.17,5,False,High,52.6,True,22,1,7,2024-07-16,0,2,4,1,0,0,0,1
2024-07-16 22:49:51.212227,New York,-66.9,127.2,109.18,1.7,0.89,4G,Pixel 7,Verizon,n260,58,25.8,34,3,346.76,3,True,Medium,36.4,False,22,1,7,2024-07-16,5,0,5,1,2,3,1,0
2024-07-16 22:59:51.212224,Tokyo,-74.5,703.04,121.0,19.5,2.21,5G SA,Nord 4,AT&T,n41,96,30.3,18,2,153.87,5,False,Medium,90.2,True,22,1,7,2024-07-16,7,2,0,3,2,2,0,1
2024-07-16 23:09:51.212208,New York,-70.9,193.49,50.62,3.9,4.18,5G NSA,Galaxy S23,Verizon,n78,44,25.9,52,4,211.18,2,True,High,69.9,True,23,1,7,2024-07-16,5,1,5,4,0,1,1,1
2024-07-16 23:19:51.212206,New York,-66.9,950.2,108.16,3.3,0.15,5G NSA,Pixel 7,AT&T,n260,14,43.2,48,2,493.87,3,False,High,27.2,False,23,1,7,2024-07-16,5,1,0,1,0,3,0,0
2024-07-16 23:29:51.212203,Berlin,-69.9,925.38,60.16,6.5,0.87,5G NSA,iPhone 14,Verizon,n260,99,38.1,59,0,405.46,5,False,High,33.6,False,23,1,7,2024-07-16,0,1,5,1,0,4,0,0
2024-07-16 23:39:51.212201,Delhi,-93.6,639.72,131.69,13.6,4.13,4G,Nord 4,Airtel,n28,80,39.2,44,0,461.37,1,False,High,45.0,False,23,1,7,2024-07-16,2,0,1,2,0,2,0,0
2024-07-16 23:49:51.212198,Kolkata,-88.6,164.07,133.99,3.5,1.02,5G SA,Pixel 7,Airtel,n258,25,27.6,37,1,379.26,2,False,Medium,39.9,True,23,1,7,2024-07-16,3,2,1,0,2,3,0,1
2024-07-16 23:59:51.212195,San Francisco,-86.0,669.32,38.02,13.6,1.4,5G NSA,Galaxy S23,T-Mobile,n260,32,39.1,51,2,355.66,1,True,Low,60.0,True,23,1,7,2024-07-16,6,1,4,1,1,1,1,1
2024-07-17 00:09:51.212193,New York,-105.1,332.96,29.91,9.7,3.07,5G NSA,iPhone 14,T-Mobile,n78,54,23.3,45,2,126.47,2,False,Medium,23.2,False,0,2,7,2024-07-17,5,1,4,4,2,4,0,0
2024-07-17 00:19:51.212190,Delhi,-63.9,382.86,54.2,2.3,4.35,5G NSA,GT 7,BSNL,n28,70,27.9,32,0,321.28,5,False,High,47.5,False,0,2,7,2024-07-17,2,1,2,2,0,0,0,0
2024-07-17 00:29:51.212188,Kolkata,-92.8,994.06,89.29,17.7,2.1,5G NSA,Nord 4,BSNL,n28,21,43.0,35,4,402.92,4,False,Medium,35.3,False,0,2,7,2024-07-17,3,1,2,2,2,2,0,0
2024-07-17 00:39:51.212185,New York,-103.6,643.65,114.43,12.6,0.64,5G NSA,GT 7,T-Mobile,n78,94,24.4,42,3,168.48,1,True,High,37.5,True,0,2,7,2024-07-17,5,1,4,4,0,0,1,1
2024-07-17 00:49:51.212182,Tokyo,-94.9,503.77,52.98,17.4,1.82,5G SA,Galaxy S23,AT&T,n41,56,42.1,3,0,107.09,3,False,Low,34.4,True,0,2,7,2024-07-17,7,2,0,3,1,1,0,1
2024-07-17 00:59:51.212180,San Francisco,-91.0,923.73,129.73,19.5,1.9,5G SA,GT 7,T-Mobile,n78,86,24.7,54,4,19.62,4,True,High,80.5,False,0,2,7,2024-07-17,6,2,4,4,0,0,1,0
2024-07-17 01:09:51.212177,Tokyo,-68.9,401.57,115.04,12.4,4.97,5G SA,iPhone 14,Verizon,n78,23,21.4,6,0,499.31,4,True,Medium,85.5,False,1,2,7,2024-07-17,7,2,5,4,2,4,1,0
2024-07-17 01:19:51.212175,Berlin,-73.0,722.03,61.64,18.9,2.46,5G NSA,GT 7,AT&T,n260,50,22.7,40,3,299.05,5,False,High,11.7,True,1,2,7,2024-07-17,0,1,0,1,0,0,0,1
2024-07-17 01:29:51.212172,Tokyo,-71.4,125.14,130.58,11.9,4.7,5G SA,iPhone 14,Verizon,n78,83,33.6,40,3,32.67,3,False,Medium,39.8,False,1,2,7,2024-07-17,7,2,5,4,2,4,0,0
2024-07-17 01:39:51.212170,Mumbai,-86.3,115.24,148.01,4.1,0.75,5G NSA,Pixel 7,BSNL,n258,33,22.5,10,4,330.39,3,True,High,46.5,False,1,2,7,2024-07-17,4,1,2,0,0,3,1,0
2024-07-17 01:49:51.212167,Kolkata,-64.3,256.51,148.85,11.1,0.54,5G NSA,Nord 4,Vi,n258,12,28.3,7,3,353.34,2,False,Low,78.6,False,1,2,7,2024-07-17,3,1,6,0,1,2,0,0
2024-07-17 01:59:51.212164,Mumbai,-102.0,422.22,77.47,1.1,4.32,5G NSA,Galaxy S23,BSNL,n78,99,34.4,20,4,292.97,3,False,Medium,36.7,True,1,2,7,2024-07-17,4,1,2,4,2,1,0,1
2024-07-17 02:09:51.212162,San Francisco,-89.1,183.03,61.77,16.4,2.14,5G SA,GT 7,AT&T,n41,86,37.4,33,0,250.18,2,False,High,67.6,True,2,2,7,2024-07-17,6,2,0,3,0,0,0,1
2024-07-17 02:19:51.212159,New York,-96.3,892.07,43.93,2.2,4.52,4G,Nord 4,AT&T,n78,29,25.4,30,1,406.78,5,True,High,11.9,True,2,2,7,2024-07-17,5,0,0,4,0,2,1,1
2024-07-17 02:29:51.212157,New York,-66.2,382.82,95.27,8.7,0.41,4G,Nord 4,Verizon,n78,26,42.8,44,3,377.45,1,False,Medium,95.8,True,2,2,7,2024-07-17,5,0,5,4,2,2,0,1
2024-07-17 02:39:51.212154,Tokyo,-109.6,787.11,133.06,2.4,4.49,5G SA,iPhone 14,Verizon,n41,95,34.3,34,3,128.7,3,True,High,93.4,False,2,2,7,2024-07-17,7,2,5,3,0,4,1,0
2024-07-17 02:49:51.212151,Mumbai,-72.1,798.84,130.24,4.2,4.16,4G,Galaxy S23,Airtel,n78,49,28.9,56,0,256.61,3,True,Low,32.4,True,2,2,7,2024-07-17,4,0,1,4,1,1,1,1
2024-07-17 02:59:51.212149,Kolkata,-96.6,111.21,22.92,8.8,4.33,4G,Pixel 7,Airtel,n78,10,35.0,11,2,483.38,4,True,High,37.8,False,2,2,7,2024-07-17,3,0,1,4,0,3,1,0
2024-07-17 03:09:51.212146,Chennai,-102.1,992.96,120.39,12.3,1.31,4G,Nord 4,Vi,n28,92,28.0,38,1,58.29,2,False,Low,28.5,True,3,2,7,2024-07-17,1,0,6,2,1,2,0,1
2024-07-17 03:19:51.212144,New York,-69.2,358.04,130.18,4.3,0.49,5G SA,Galaxy S23,AT&T,n41,11,34.0,38,4,152.4,2,True,High,23.4,False,3,2,7,2024-07-17,5,2,0,3,0,1,1,0
2024-07-17 03:29:51.212141,Kolkata,-69.5,413.18,65.46,14.2,2.2,5G SA,iPhone 14,BSNL,n258,87,27.8,8,2,277.48,5,True,Medium,19.2,False,3,2,7,2024-07-17,3,2,2,0,2,4,1,0
2024-07-17 03:39:51.212138,New York,-70.8,153.3,112.18,6.1,2.54,5G SA,Nord 4,AT&T,n78,93,21.3,50,1,468.11,3,True,Medium,99.7,True,3,2,7,2024-07-17,5,2,0,4,2,2,1,1
2024-07-17 03:49:51.212136,Mumbai,-65.2,203.01,88.88,1.8,3.45,4G,GT 7,Airtel,n28,83,21.6,54,2,232.2,3,True,Low,51.5,True,3,2,7,2024-07-17,4,0,1,2,1,0,1,1
2024-07-17 03:59:51.212133,Mumbai,-76.2,107.88,145.7,15.8,3.12,5G SA,Pixel 7,Vi,n28,63,33.4,54,1,136.11,5,False,Low,79.3,True,3,2,7,2024-07-17,4,2,6,2,1,3,0,1
2024-07-17 04:09:51.212131,Kolkata,-83.6,590.35,82.54,2.5,2.13,5G SA,Galaxy S23,BSNL,n28,99,33.5,19,0,372.35,1,False,Low,47.8,False,4,2,7,2024-07-17,3,2,2,2,1,1,0,0
2024-07-17 04:19:51.212125,Tokyo,-66.4,422.45,58.81,18.2,4.43,5G NSA,GT 7,Verizon,n260,16,34.6,45,3,402.91,3,True,High,47.1,False,4,2,7,2024-07-17,7,1,5,1,0,0,1,0
2024-07-17 04:29:51.212123,Berlin,-74.9,797.61,90.07,14.5,1.95,4G,Nord 4,Verizon,n41,61,37.2,48,4,200.29,2,True,Medium,30.7,False,4,2,7,2024-07-17,0,0,5,3,2,2,1,0
2024-07-17 04:39:51.212120,Kolkata,-91.9,470.73,48.44,16.9,1.55,5G NSA,iPhone 14,Vi,n28,21,32.4,13,2,176.9,5,False,Medium,39.2,True,4,2,7,2024-07-17,3,1,6,2,2,4,0,1
2024-07-17 04:49:51.212118,Tokyo,-93.8,148.97,108.83,8.1,1.02,4G,Nord 4,AT&T,n260,73,33.2,13,3,331.44,2,True,Low,39.9,False,4,2,7,2024-07-17,7,0,0,1,1,2,1,0
2024-07-17 04:59:51.212115,Chennai,-90.5,677.03,88.6,5.4,2.99,5G SA,Galaxy S23,BSNL,n28,47,20.9,35,3,419.37,1,False,Medium,75.9,True,4,2,7,2024-07-17,1,2,2,2,2,1,0,1
2024-07-17 05:09:51.212112,Mumbai,-62.7,709.11,85.37,1.3,2.99,5G SA,Pixel 7,Vi,n28,34,44.6,40,1,411.34,5,False,Low,49.5,False,5,2,7,2024-07-17,4,2,6,2,1,3,0,0
2024-07-17 05:19:51.212110,Delhi,-92.8,773.41,22.44,8.3,2.39,4G,iPhone 14,Airtel,n78,11,25.3,13,0,258.92,4,True,High,44.0,True,5,2,7,2024-07-17,2,0,1,4,0,4,1,1
2024-07-17 05:29:51.212107,New York,-67.0,377.89,93.48,7.6,2.17,5G NSA,iPhone 14,AT&T,n41,73,27.6,31,3,494.68,3,True,Medium,74.1,True,5,2,7,2024-07-17,5,1,0,3,2,4,1,1
2024-07-17 05:39:51.212105,Kolkata,-62.1,450.86,93.63,2.0,2.46,4G,GT 7,BSNL,n258,49,30.8,32,3,413.77,3,True,Medium,67.8,False,5,2,7,2024-07-17,3,0,2,0,2,0,1,0
2024-07-17 05:49:51.212102,Kolkata,-88.9,171.65,26.65,17.0,0.87,5G NSA,iPhone 14,BSNL,n258,98,44.9,1,1,335.37,4,True,High,30.2,False,5,2,7,2024-07-17,3,1,2,0,0,4,1,0
2024-07-17 05:59:51.212099,New York,-71.6,691.65,111.28,11.5,2.86,4G,Nord 4,T-Mobile,n260,85,30.9,59,3,79.84,3,False,Low,31.5,False,5,2,7,2024-07-17,5,0,4,1,1,2,0,0
2024-07-17 06:09:51.212097,Tokyo,-66.5,476.23,143.73,10.7,1.49,5G NSA,iPhone 14,AT&T,n78,35,20.5,52,4,220.53,1,False,Medium,39.9,True,6,2,7,2024-07-17,7,1,0,4,2,4,0,1
2024-07-17 06:19:51.212094,Kolkata,-78.2,482.16,72.89,5.8,3.98,4G,Nord 4,Airtel,n78,59,27.6,8,0,226.32,4,False,Medium,36.8,False,6,2,7,2024-07-17,3,0,1,4,2,2,0,0
2024-07-17 06:29:51.212092,Delhi,-61.8,807.25,145.32,2.7,3.79,5G NSA,GT 7,BSNL,n78,12,23.3,31,0,156.74,4,False,High,68.2,False,6,2,7,2024-07-17,2,1,2,4,0,0,0,0
2024-07-17 06:39:51.212089,Mumbai,-105.4,186.61,106.27,8.0,4.25,4G,GT 7,BSNL,n258,75,38.6,58,2,94.55,1,True,Medium,77.2,True,6,2,7,2024-07-17,4,0,2,0,2,0,1,1
2024-07-17 06:49:51.212087,Delhi,-64.3,908.12,133.75,12.5,3.54,5G SA,Galaxy S23,BSNL,n78,84,41.9,41,1,420.31,5,True,Low,83.2,True,6,2,7,2024-07-17,2,2,2,4,1,1,1,1
2024-07-17 06:59:51.212084,New York,-87.0,938.48,72.91,14.5,0.84,5G NSA,Nord 4,Verizon,n78,16,36.9,12,2,264.37,5,False,Medium,60.7,True,6,2,7,2024-07-17,5,1,5,4,2,2,0,1
2024-07-17 07:09:51.212081,New York,-98.9,869.94,43.22,16.1,0.28,5G SA,Nord 4,T-Mobile,n78,38,21.5,46,0,202.39,2,True,Medium,29.8,False,7,2,7,2024-07-17,5,2,4,4,2,2,1,0
2024-07-17 07:19:51.212079,Kolkata,-96.5,698.65,144.96,12.5,2.03,4G,Pixel 7,Vi,n258,26,28.5,55,0,358.37,1,False,Low,30.0,False,7,2,7,2024-07-17,3,0,6,0,1,3,0,0
2024-07-17 07:29:51.212076,Tokyo,-60.6,672.45,82.8,10.4,1.74,5G NSA,iPhone 14,Verizon,n260,48,38.0,10,1,302.31,2,False,Low,33.6,True,7,2,7,2024-07-17,7,1,5,1,1,4,0,1
2024-07-17 07:39:51.212074,Delhi,-93.6,677.23,146.11,5.3,3.23,5G SA,Pixel 7,Jio,n78,16,34.0,36,3,49.92,2,False,Low,50.3,True,7,2,7,2024-07-17,2,2,3,4,1,3,0,1
2024-07-17 07:49:51.212071,Delhi,-61.5,239.39,68.24,13.8,3.12,4G,GT 7,Vi,n28,81,39.1,28,2,465.87,2,False,Medium,23.0,False,7,2,7,2024-07-17,2,0,6,2,2,0,0,0
2024-07-17 07:59:51.212068,Chennai,-60.7,250.17,114.33,19.4,2.34,4G,GT 7,Jio,n258,72,20.0,27,2,74.21,3,False,Medium,22.4,False,7,2,7,2024-07-17,1,0,3,0,2,0,0,0
2024-07-17 08:09:51.212066,Delhi,-85.4,562.49,46.19,7.1,2.81,5G NSA,GT 7,BSNL,n78,12,20.0,42,1,116.49,5,True,High,85.1,False,8,2,7,2024-07-17,2,1,2,4,0,0,1,0
2024-07-17 08:19:51.212063,Delhi,-61.0,868.75,40.25,8.8,3.19,4G,Galaxy S23,BSNL,n78,82,41.0,8,2,108.47,5,False,Low,57.3,False,8,2,7,2024-07-17,2,0,2,4,1,1,0,0
2024-07-17 08:29:51.212061,San Francisco,-62.0,250.8,106.84,3.5,3.91,5G NSA,Pixel 7,AT&T,n41,43,39.9,21,2,369.51,5,True,High,57.3,True,8,2,7,2024-07-17,6,1,0,3,0,3,1,1
2024-07-17 08:39:51.212058,New York,-88.3,898.08,138.28,2.1,1.66,5G NSA,Nord 4,AT&T,n260,30,34.6,1,4,342.26,5,False,Low,12.4,False,8,2,7,2024-07-17,5,1,0,1,1,2,0,0
2024-07-17 08:49:51.212056,New York,-61.0,831.56,135.44,9.1,4.79,5G SA,GT 7,AT&T,n260,73,25.6,34,4,27.78,4,False,Medium,53.9,False,8,2,7,2024-07-17,5,2,0,1,2,0,0,0
2024-07-17 08:59:51.212053,Mumbai,-101.5,673.07,72.81,14.2,2.56,5G NSA,GT 7,Vi,n258,49,38.5,15,2,274.4,1,False,Medium,36.1,True,8,2,7,2024-07-17,4,1,6,0,2,0,0,1
2024-07-17 09:09:51.212050,Mumbai,-75.7,457.67,133.4,3.8,4.31,4G,Galaxy S23,Jio,n78,91,42.5,43,1,151.83,4,False,Low,51.7,True,9,2,7,2024-07-17,4,0,3,4,1,1,0,1
2024-07-17 09:19:51.212048,New York,-87.9,984.47,78.55,7.3,2.03,4G,Nord 4,AT&T,n260,68,41.2,15,0,450.3,2,True,High,65.5,False,9,2,7,2024-07-17,5,0,0,1,0,2,1,0
2024-07-17 09:29:51.212045,Kolkata,-67.4,800.96,123.13,6.7,4.51,5G SA,Pixel 7,Jio,n258,83,32.8,28,3,165.15,1,False,Medium,22.8,True,9,2,7,2024-07-17,3,2,3,0,2,3,0,1
2024-07-17 09:39:51.212043,San Francisco,-83.7,491.44,143.87,11.5,1.17,5G NSA,GT 7,T-Mobile,n41,45,34.3,2,0,311.05,4,True,Low,72.7,False,9,2,7,2024-07-17,6,1,4,3,1,0,1,0
2024-07-17 09:49:51.212040,New York,-73.7,780.09,44.24,1.5,1.09,4G,iPhone 14,AT&T,n260,31,24.2,46,0,316.98,5,True,Medium,99.1,True,9,2,7,2024-07-17,5,0,0,1,2,4,1,1
2024-07-17 09:59:51.212037,New York,-68.1,642.13,42.73,7.8,4.56,4G,GT 7,Verizon,n41,25,36.7,42,2,95.96,3,True,High,95.0,False,9,2,7,2024-07-17,5,0,5,3,0,0,1,0
2024-07-17 10:09:51.212035,Tokyo,-81.9,313.92,144.41,12.2,4.89,5G NSA,Nord 4,AT&T,n78,40,25.6,50,3,129.05,4,False,High,79.5,False,10,2,7,2024-07-17,7,1,0,4,0,2,0,0
2024-07-17 10:19:51.212032,Chennai,-62.5,221.41,49.15,7.5,2.19,4G,Galaxy S23,Vi,n78,97,34.6,3,1,168.69,4,False,High,77.6,True,10,2,7,2024-07-17,1,0,6,4,0,1,0,1
2024-07-17 10:29:51.212030,Mumbai,-95.7,891.22,65.82,9.0,4.78,5G NSA,GT 7,Jio,n258,73,40.4,55,1,251.02,4,True,Low,25.0,False,10,2,7,2024-07-17,4,1,3,0,1,0,1,0
2024-07-17 10:39:51.212027,Berlin,-72.9,936.73,113.62,3.1,2.52,5G NSA,GT 7,Verizon,n41,42,42.1,46,2,223.39,5,False,Low,20.0,True,10,2,7,2024-07-17,0,1,5,3,1,0,0,1
2024-07-17 10:49:51.212024,Tokyo,-63.4,537.73,118.46,2.5,1.28,5G SA,Nord 4,T-Mobile,n41,79,26.2,55,3,211.73,1,False,High,88.1,True,10,2,7,2024-07-17,7,2,4,3,0,2,0,1
2024-07-17 10:59:51.212022,New York,-68.1,137.82,74.13,15.3,2.35,4G,GT 7,T-Mobile,n78,53,27.5,37,0,455.59,5,True,Medium,84.1,False,10,2,7,2024-07-17,5,0,4,4,2,0,1,0
2024-07-17 11:09:51.212019,Kolkata,-67.7,320.07,33.99,17.3,2.27,4G,GT 7,Jio,n258,93,40.1,33,4,32.67,1,False,Medium,26.0,False,11,2,7,2024-07-17,3,0,3,0,2,0,0,0
2024-07-17 11:19:51.212017,Delhi,-80.2,955.51,24.66,7.8,1.27,5G SA,GT 7,Vi,n78,20,44.0,10,2,461.84,3,False,Low,26.8,False,11,2,7,2024-07-17,2,2,6,4,1,0,0,0
2024-07-17 11:29:51.212014,New York,-88.6,746.05,79.86,7.5,4.72,5G SA,GT 7,AT&T,n260,81,26.4,25,1,168.6,1,False,Medium,48.0,False,11,2,7,2024-07-17,5,2,0,1,2,0,0,0
2024-07-17 11:39:51.212011,Berlin,-85.1,339.41,72.69,2.0,0.57,4G,Pixel 7,T-Mobile,n41,29,37.5,25,2,59.31,1,True,Low,72.0,False,11,2,7,2024-07-17,0,0,4,3,1,3,1,0
2024-07-17 11:49:51.212009,San Francisco,-107.4,760.51,75.17,18.0,0.83,5G NSA,iPhone 14,AT&T,n78,87,28.2,59,4,496.33,3,False,Low,96.8,True,11,2,7,2024-07-17,6,1,0,4,1,4,0,1
2024-07-17 11:59:51.212006,San Francisco,-82.9,842.78,21.09,2.0,4.24,4G,Pixel 7,Verizon,n260,42,44.0,44,0,350.99,5,False,Medium,90.6,False,11,2,7,2024-07-17,6,0,5,1,2,3,0,0
2024-07-17 12:09:51.212004,San Francisco,-108.1,349.64,121.18,15.9,3.08,5G SA,Galaxy S23,Verizon,n78,58,31.8,42,0,365.01,1,True,Low,52.8,True,12,2,7,2024-07-17,6,2,5,4,1,1,1,1
2024-07-17 12:19:51.212001,Chennai,-100.8,854.53,31.1,13.1,1.29,4G,GT 7,BSNL,n28,27,22.5,1,0,192.54,4,False,Low,56.2,True,12,2,7,2024-07-17,1,0,2,2,1,0,0,1
2024-07-17 12:29:51.211998,Mumbai,-72.9,524.24,112.77,8.2,1.6,5G NSA,Galaxy S23,Vi,n78,93,42.9,14,3,474.17,4,True,Medium,67.7,False,12,2,7,2024-07-17,4,1,6,4,2,1,1,0
2024-07-17 12:39:51.211996,Delhi,-103.8,740.45,144.71,6.3,1.39,5G NSA,Galaxy S23,Airtel,n258,10,29.6,40,4,62.77,2,True,High,32.6,False,12,2,7,2024-07-17,2,1,1,0,0,1,1,0
2024-07-17 12:49:51.211993,San Francisco,-72.4,956.07,133.23,15.4,0.48,4G,Galaxy S23,T-Mobile,n260,54,30.9,12,0,433.22,5,True,Medium,27.5,True,12,2,7,2024-07-17,6,0,4,1,2,1,1,1
2024-07-17 12:59:51.211991,Berlin,-60.1,916.47,145.27,11.6,0.51,4G,Pixel 7,AT&T,n78,74,28.9,16,0,28.04,1,False,Low,66.3,True,12,2,7,2024-07-17,0,0,0,4,1,3,0,1
2024-07-17 13:09:51.211988,Delhi,-88.5,701.43,131.99,7.5,0.31,5G NSA,Pixel 7,BSNL,n28,81,33.1,33,2,144.08,2,True,Low,51.6,False,13,2,7,2024-07-17,2,1,2,2,1,3,1,0
2024-07-17 13:19:51.211985,Tokyo,-64.5,830.3,101.98,13.1,3.96,4G,GT 7,Verizon,n41,90,35.7,55,3,198.2,1,False,Medium,64.0,False,13,2,7,2024-07-17,7,0,5,3,2,0,0,0
2024-07-17 13:29:51.211983,Chennai,-71.7,978.39,65.13,14.5,4.04,4G,Nord 4,BSNL,n258,83,27.5,44,3,68.91,1,True,Medium,67.5,False,13,2,7,2024-07-17,1,0,2,0,2,2,1,0
2024-07-17 13:39:51.211980,New York,-89.2,980.24,129.48,6.2,4.6,5G SA,Galaxy S23,T-Mobile,n78,15,25.0,8,1,492.7,5,True,Medium,15.0,False,13,2,7,2024-07-17,5,2,4,4,2,1,1,0
2024-07-17 13:49:51.211978,Tokyo,-106.0,328.43,148.72,2.4,0.77,5G SA,GT 7,Verizon,n78,33,41.4,41,0,231.89,5,True,High,98.4,False,13,2,7,2024-07-17,7,2,5,4,0,0,1,0
2024-07-17 13:59:51.211975,New York,-97.3,524.92,98.78,2.7,4.59,5G SA,iPhone 14,T-Mobile,n41,82,31.1,25,1,266.49,4,False,Medium,62.7,False,13,2,7,2024-07-17,5,2,4,3,2,4,0,0
2024-07-17 14:09:51.211972,New York,-85.5,736.97,139.55,18.7,1.15,4G,GT 7,T-Mobile,n78,40,37.7,39,3,86.71,2,False,Medium,97.6,False,14,2,7,2024-07-17,5,0,4,4,2,0,0,0
2024-07-17 14:19:51.211970,New York,-68.2,219.17,62.8,15.2,4.58,5G NSA,Pixel 7,T-Mobile,n78,39,36.6,7,1,440.55,5,True,Low,59.4,True,14,2,7,2024-07-17,5,1,4,4,1,3,1,1
2024-07-17 14:29:51.211967,Berlin,-77.3,486.7,124.09,10.8,0.41,5G NSA,GT 7,Verizon,n260,80,30.7,12,2,286.12,3,True,High,22.6,True,14,2,7,2024-07-17,0,1,5,1,0,0,1,1
2024-07-17 14:39:51.211965,San Francisco,-84.7,187.44,61.83,19.0,3.06,5G NSA,GT 7,T-Mobile,n260,86,23.8,24,3,147.95,3,True,Low,16.3,False,14,2,7,2024-07-17,6,1,4,1,1,0,1,0
2024-07-17 14:49:51.211962,Tokyo,-90.0,763.57,131.81,18.1,1.96,5G NSA,GT 7,Verizon,n41,46,28.1,25,3,194.65,2,True,High,20.9,False,14,2,7,2024-07-17,7,1,5,3,0,0,1,0
2024-07-17 14:59:51.211959,San Francisco,-60.6,451.73,76.39,3.9,2.18,5G NSA,Nord 4,T-Mobile,n78,45,36.1,56,2,214.64,4,True,High,73.2,True,14,2,7,2024-07-17,6,1,4,4,0,2,1,1
2024-07-17 15:09:51.211957,Chennai,-107.0,502.06,20.34,5.8,2.27,5G NSA,iPhone 14,Vi,n258,73,34.9,42,0,370.82,1,True,Low,77.6,True,15,2,7,2024-07-17,1,1,6,0,1,4,1,1
2024-07-17 15:19:51.211954,Mumbai,-79.3,431.27,135.0,13.9,4.99,5G NSA,Nord 4,Vi,n78,93,22.1,38,2,296.32,4,False,High,46.1,True,15,2,7,2024-07-17,4,1,6,4,0,2,0,1
2024-07-17 15:29:51.211952,Mumbai,-103.6,552.54,64.54,17.9,2.69,4G,Nord 4,Vi,n78,97,26.4,24,2,314.76,3,True,Low,39.3,False,15,2,7,2024-07-17,4,0,6,4,1,2,1,0
2024-07-17 15:39:51.211949,Berlin,-97.2,933.68,120.46,6.8,3.74,5G NSA,iPhone 14,T-Mobile,n41,76,35.1,43,2,300.13,5,False,High,25.3,True,15,2,7,2024-07-17,0,1,4,3,0,4,0,1
2024-07-17 15:49:51.211946,Delhi,-99.7,975.98,95.04,3.5,1.3,4G,iPhone 14,Vi,n258,50,38.6,28,1,119.88,4,False,High,66.6,False,15,2,7,2024-07-17,2,0,6,0,0,4,0,0
2024-07-17 15:59:51.211944,New York,-95.4,962.71,39.6,11.6,3.64,5G NSA,Nord 4,AT&T,n41,42,42.1,7,3,478.03,1,False,Medium,63.8,False,15,2,7,2024-07-17,5,1,0,3,2,2,0,0
2024-07-17 16:09:51.211941,Kolkata,-62.9,204.55,128.86,6.3,3.72,4G,Nord 4,Jio,n28,76,30.2,45,0,25.22,5,True,Low,81.9,True,16,2,7,2024-07-17,3,0,3,2,1,2,1,1
2024-07-17 16:19:51.211939,Kolkata,-96.0,161.76,128.8,8.1,3.95,5G SA,Galaxy S23,Vi,n258,16,29.9,11,3,74.33,1,False,High,40.1,False,16,2,7,2024-07-17,3,2,6,0,0,1,0,0
2024-07-17 16:29:51.211936,Kolkata,-106.3,497.96,46.14,8.1,2.13,5G SA,iPhone 14,Airtel,n258,58,39.0,39,2,411.23,5,True,High,64.8,False,16,2,7,2024-07-17,3,2,1,0,0,4,1,0
2024-07-17 16:39:51.211933,Delhi,-82.2,394.44,143.88,10.8,0.95,4G,GT 7,Vi,n258,78,25.8,34,3,348.08,5,False,Low,88.7,True,16,2,7,2024-07-17,2,0,6,0,1,0,0,1
2024-07-17 16:49:51.211931,Tokyo,-96.7,417.06,44.14,19.8,3.52,5G NSA,iPhone 14,AT&T,n260,10,43.8,22,3,221.29,3,False,Medium,86.7,True,16,2,7,2024-07-17,7,1,0,1,2,4,0,1
2024-07-17 16:59:51.211928,Tokyo,-109.1,940.31,62.85,5.3,0.61,4G,GT 7,T-Mobile,n41,95,30.5,19,2,328.79,2,False,High,99.6,False,16,2,7,2024-07-17,7,0,4,3,0,0,0,0
2024-07-17 17:09:51.211926,Tokyo,-108.7,472.18,135.41,5.7,3.72,5G SA,iPhone 14,AT&T,n41,78,39.2,16,3,198.29,2,False,Low,31.0,False,17,2,7,2024-07-17,7,2,0,3,1,4,0,0
2024-07-17 17:19:51.211923,Tokyo,-60.0,515.93,75.73,10.4,0.49,5G NSA,Pixel 7,AT&T,n260,80,33.5,7,1,62.83,4,False,Low,49.8,False,17,2,7,2024-07-17,7,1,0,1,1,3,0,0
2024-07-17 17:29:51.211920,Chennai,-96.0,199.04,135.98,12.0,1.46,4G,iPhone 14,Airtel,n28,60,42.1,13,1,324.31,2,True,Medium,51.6,True,17,2,7,2024-07-17,1,0,1,2,2,4,1,1
2024-07-17 17:39:51.211918,Tokyo,-77.7,438.99,34.46,1.2,3.72,4G,Nord 4,T-Mobile,n78,97,30.2,8,4,383.77,5,True,High,41.4,False,17,2,7,2024-07-17,7,0,4,4,0,2,1,0
2024-07-17 17:49:51.211915,Chennai,-108.1,432.0,114.48,7.8,3.82,5G SA,Pixel 7,BSNL,n28,52,44.4,40,2,208.53,4,False,High,78.7,False,17,2,7,2024-07-17,1,2,2,2,0,3,0,0
2024-07-17 17:59:51.211913,New York,-91.8,235.07,136.49,15.1,2.55,4G,Galaxy S23,Verizon,n41,42,36.8,33,1,485.95,2,True,High,94.1,False,17,2,7,2024-07-17,5,0,5,3,0,1,1,0
2024-07-17 18:09:51.211910,Mumbai,-101.8,513.02,83.31,5.2,4.33,5G SA,Nord 4,Airtel,n78,79,29.4,26,3,181.77,4,False,Medium,23.0,True,18,2,7,2024-07-17,4,2,1,4,2,2,0,1
2024-07-17 18:19:51.211908,San Francisco,-85.2,174.89,90.22,3.4,0.77,5G NSA,iPhone 14,Verizon,n41,65,24.4,59,2,391.56,1,False,High,15.0,False,18,2,7,2024-07-17,6,1,5,3,0,4,0,0
2024-07-17 18:29:51.211901,San Francisco,-80.6,449.01,108.29,18.9,2.44,5G SA,Pixel 7,AT&T,n78,63,31.6,59,2,11.49,3,True,High,58.4,True,18,2,7,2024-07-17,6,2,0,4,0,3,1,1
2024-07-17 18:39:51.211899,Chennai,-98.1,559.7,95.48,7.6,3.63,5G NSA,Nord 4,Jio,n78,77,25.1,21,4,175.04,1,False,Medium,30.1,False,18,2,7,2024-07-17,1,1,3,4,2,2,0,0
2024-07-17 18:49:51.211896,Kolkata,-63.1,554.68,21.34,4.8,2.43,5G SA,Pixel 7,BSNL,n28,83,32.2,7,0,252.69,2,True,Low,19.1,False,18,2,7,2024-07-17,3,2,2,2,1,3,1,0
2024-07-17 18:59:51.211894,Berlin,-68.7,722.12,109.65,3.8,0.98,4G,iPhone 14,T-Mobile,n260,49,34.1,58,1,264.72,2,False,Medium,31.5,True,18,2,7,2024-07-17,0,0,4,1,2,4,0,1
2024-07-17 19:09:51.211891,Chennai,-105.6,142.19,56.82,19.0,1.77,5G SA,GT 7,Vi,n258,16,30.4,48,3,275.34,3,True,Medium,26.8,False,19,2,7,2024-07-17,1,2,6,0,2,0,1,0
2024-07-17 19:19:51.211889,San Francisco,-107.6,443.26,67.3,16.3,3.11,5G SA,GT 7,Verizon,n260,78,39.1,5,3,201.01,4,False,Low,63.8,False,19,2,7,2024-07-17,6,2,5,1,1,0,0,0
2024-07-17 19:29:51.211886,Delhi,-72.9,163.08,113.17,5.3,0.21,5G SA,Nord 4,BSNL,n78,43,20.6,12,1,226.22,3,True,High,83.9,False,19,2,7,2024-07-17,2,2,2,4,0,2,1,0
2024-07-17 19:39:51.211883,Berlin,-69.0,950.42,86.08,4.1,3.71,5G NSA,iPhone 14,T-Mobile,n78,31,39.4,57,4,176.07,1,False,Medium,17.5,False,19,2,7,2024-07-17,0,1,4,4,2,4,0,0
2024-07-17 19:49:51.211881,Berlin,-96.7,882.69,100.0,4.6,1.71,5G NSA,Pixel 7,AT&T,n41,77,39.7,49,2,98.28,3,False,Low,30.3,False,19,2,7,2024-07-17,0,1,0,3,1,3,0,0
2024-07-17 19:59:51.211878,Kolkata,-70.7,202.32,55.31,8.8,2.36,4G,Galaxy S23,Airtel,n258,59,21.3,4,4,346.67,2,True,Low,78.5,False,19,2,7,2024-07-17,3,0,1,0,1,1,1,0
2024-07-17 20:09:51.211876,Kolkata,-70.9,809.0,116.23,19.1,3.7,5G SA,Pixel 7,BSNL,n28,18,41.4,50,2,281.43,5,True,Low,82.2,False,20,2,7,2024-07-17,3,2,2,2,1,3,1,0
2024-07-17 20:19:51.211873,Delhi,-71.3,341.16,58.03,7.6,1.96,5G SA,Pixel 7,BSNL,n28,50,43.4,50,3,492.69,4,True,Low,35.2,False,20,2,7,2024-07-17,2,2,2,2,1,3,1,0
2024-07-17 20:29:51.211870,Chennai,-107.8,625.11,90.28,14.2,3.89,5G SA,iPhone 14,Vi,n258,58,27.4,36,3,316.14,2,False,High,79.7,False,20,2,7,2024-07-17,1,2,6,0,0,4,0,0
2024-07-17 20:39:51.211868,Delhi,-109.6,589.13,103.26,19.9,0.25,5G NSA,iPhone 14,Jio,n78,34,28.2,50,3,44.22,4,False,Low,60.0,True,20,2,7,2024-07-17,2,1,3,4,1,4,0,1
2024-07-17 20:49:51.211865,Kolkata,-62.2,486.16,106.93,12.3,3.42,4G,iPhone 14,Airtel,n28,18,44.0,1,0,476.91,3,False,Medium,46.2,False,20,2,7,2024-07-17,3,0,1,2,2,4,0,0
2024-07-17 20:59:51.211863,San Francisco,-101.2,198.25,130.18,6.3,0.73,4G,iPhone 14,AT&T,n78,58,25.9,17,0,100.01,2,False,Medium,33.7,True,20,2,7,2024-07-17,6,0,0,4,2,4,0,1
2024-07-17 21:09:51.211860,Chennai,-108.7,896.99,77.98,13.0,3.55,5G NSA,Galaxy S23,BSNL,n78,32,29.4,14,0,371.24,1,True,High,51.0,True,21,2,7,2024-07-17,1,1,2,4,0,1,1,1
2024-07-17 21:19:51.211858,San Francisco,-91.4,436.38,72.02,8.7,3.64,4G,Pixel 7,T-Mobile,n78,47,36.9,4,3,447.33,1,True,High,50.9,False,21,2,7,2024-07-17,6,0,4,4,0,3,1,0
2024-07-17 21:29:51.211855,Tokyo,-68.8,516.03,109.67,1.0,0.92,5G SA,GT 7,Verizon,n260,34,22.8,9,0,120.28,1,True,High,39.6,True,21,2,7,2024-07-17,7,2,5,1,0,0,1,1
2024-07-17 21:39:51.211852,Tokyo,-98.4,379.54,87.26,4.7,3.04,4G,Galaxy S23,T-Mobile,n41,21,28.2,45,1,36.58,1,False,Medium,63.5,False,21,2,7,2024-07-17,7,0,4,3,2,1,0,0
2024-07-17 21:49:51.211850,Delhi,-60.3,207.34,29.45,5.7,2.73,5G NSA,GT 7,Airtel,n258,69,24.5,13,1,41.0,4,True,Low,66.2,True,21,2,7,2024-07-17,2,1,1,0,1,0,1,1
2024-07-17 21:59:51.211847,Delhi,-90.8,174.87,129.87,19.1,1.08,5G SA,Galaxy S23,Airtel,n258,13,23.8,53,0,371.13,5,False,Medium,90.4,True,21,2,7,2024-07-17,2,2,1,0,2,1,0,1
2024-07-17 22:09:51.211845,Tokyo,-94.1,143.35,142.66,19.8,2.1,4G,iPhone 14,AT&T,n78,24,41.7,38,3,489.55,3,True,Medium,59.8,True,22,2,7,2024-07-17,7,0,0,4,2,4,1,1
2024-07-17 22:19:51.211842,Delhi,-88.2,408.71,36.42,9.0,1.78,4G,Nord 4,BSNL,n78,82,31.7,36,1,31.81,2,False,Low,81.0,False,22,2,7,2024-07-17,2,0,2,4,1,2,0,0
2024-07-17 22:29:51.211839,Mumbai,-81.3,509.39,135.87,19.0,3.2,4G,Nord 4,Vi,n258,39,25.5,50,3,349.78,5,False,High,35.7,False,22,2,7,2024-07-17,4,0,6,0,0,2,0,0
2024-07-17 22:39:51.211837,Chennai,-98.0,699.2,25.06,3.9,2.27,5G NSA,Pixel 7,Jio,n78,41,33.4,49,2,84.35,2,False,Low,49.1,False,22,2,7,2024-07-17,1,1,3,4,1,3,0,0
2024-07-17 22:49:51.211834,Delhi,-97.7,149.28,117.26,5.7,4.39,5G NSA,GT 7,Airtel,n258,24,20.2,54,3,422.07,5,True,Low,95.7,True,22,2,7,2024-07-17,2,1,1,0,1,0,1,1
2024-07-17 22:59:51.211832,Berlin,-96.8,851.33,103.88,1.2,1.81,5G SA,Galaxy S23,AT&T,n78,39,44.2,21,4,100.09,5,True,High,13.3,True,22,2,7,2024-07-17,0,2,0,4,0,1,1,1
2024-07-17 23:09:51.211829,Berlin,-99.1,516.35,129.91,11.0,4.75,5G SA,Nord 4,T-Mobile,n260,21,34.1,17,1,42.41,2,True,High,79.4,True,23,2,7,2024-07-17,0,2,4,1,0,2,1,1
2024-07-17 23:19:51.211827,Delhi,-81.5,516.82,48.54,18.9,1.17,5G NSA,Nord 4,Vi,n258,79,37.7,44,1,122.87,4,False,Low,28.2,False,23,2,7,2024-07-17,2,1,6,0,1,2,0,0
2024-07-17 23:29:51.211824,San Francisco,-102.0,896.66,127.17,12.3,3.18,5G SA,iPhone 14,AT&T,n260,11,29.4,47,1,366.63,3,False,Medium,33.9,False,23,2,7,2024-07-17,6,2,0,1,2,4,0,0
2024-07-17 23:39:51.211821,New York,-71.1,822.1,31.27,16.5,1.99,4G,iPhone 14,Verizon,n78,38,39.5,6,0,226.72,3,True,Medium,56.2,True,23,2,7,2024-07-17,5,0,5,4,2,4,1,1
2024-07-17 23:49:51.211819,Berlin,-99.9,961.13,138.96,11.0,0.79,4G,GT 7,T-Mobile,n260,34,28.0,32,4,110.37,5,False,High,41.8,True,23,2,7,2024-07-17,0,0,4,1,0,0,0,1
2024-07-17 23:59:51.211816,Delhi,-88.5,155.94,101.18,17.1,3.28,5G NSA,Galaxy S23,Jio,n28,87,33.3,29,0,471.44,1,False,Low,61.1,False,23,2,7,2024-07-17,2,1,3,2,1,1,0,0
2024-07-18 00:09:51.211814,Tokyo,-70.1,720.28,61.15,8.8,3.33,4G,GT 7,AT&T,n41,83,39.4,12,1,317.62,1,True,High,91.5,False,0,3,7,2024-07-18,7,0,0,3,0,0,1,0
2024-07-18 00:19:51.211811,Delhi,-75.0,266.71,67.61,8.6,0.85,5G NSA,Pixel 7,Vi,n258,77,41.4,23,2,282.47,5,True,Low,29.3,False,0,3,7,2024-07-18,2,1,6,0,1,3,1,0
2024-07-18 00:29:51.211809,San Francisco,-94.2,632.7,85.18,19.1,3.31,5G SA,iPhone 14,Verizon,n41,48,28.7,17,3,18.22,2,True,Medium,74.1,True,0,3,7,2024-07-18,6,2,5,3,2,4,1,1
2024-07-18 00:39:51.211806,San Francisco,-76.6,918.31,86.41,18.2,4.73,5G SA,Nord 4,Verizon,n260,80,31.1,31,4,63.47,4,True,Medium,25.3,True,0,3,7,2024-07-18,6,2,5,1,2,2,1,1
2024-07-18 00:49:51.211803,Tokyo,-81.6,110.53,20.55,5.6,3.71,5G SA,iPhone 14,AT&T,n260,27,30.8,46,1,164.82,2,True,Medium,89.6,False,0,3,7,2024-07-18,7,2,0,1,2,4,1,0
2024-07-18 00:59:51.211801,San Francisco,-63.6,814.68,132.08,14.0,0.68,5G NSA,Galaxy S23,T-Mobile,n78,26,42.7,55,4,470.21,2,True,Medium,59.0,True,0,3,7,2024-07-18,6,1,4,4,2,1,1,1
2024-07-18 01:09:51.211798,New York,-85.7,985.36,41.76,9.6,3.33,5G SA,Nord 4,Verizon,n260,50,24.9,20,2,319.44,1,False,High,72.5,True,1,3,7,2024-07-18,5,2,5,1,0,2,0,1
2024-07-18 01:19:51.211796,Mumbai,-81.0,617.98,137.07,11.8,0.92,5G SA,Galaxy S23,Jio,n78,82,29.5,47,3,280.71,4,True,High,33.7,True,1,3,7,2024-07-18,4,2,3,4,0,1,1,1
2024-07-18 01:29:51.211793,New York,-84.7,381.71,34.64,14.4,1.07,5G NSA,Pixel 7,T-Mobile,n260,41,28.4,22,4,117.85,5,False,High,52.8,True,1,3,7,2024-07-18,5,1,4,1,0,3,0,1
2024-07-18 01:39:51.211790,Mumbai,-82.6,434.92,28.75,3.0,4.9,5G SA,GT 7,BSNL,n28,97,27.6,8,3,201.87,4,True,Medium,47.1,False,1,3,7,2024-07-18,4,2,2,2,2,0,1,0
2024-07-18 01:49:51.211788,Tokyo,-103.0,306.41,138.29,6.9,3.23,4G,Pixel 7,AT&T,n260,52,20.8,20,3,112.19,3,False,Medium,28.1,True,1,3,7,2024-07-18,7,0,0,1,2,3,0,1
2024-07-18 01:59:51.211785,Berlin,-90.2,652.04,74.26,3.8,1.42,5G NSA,Pixel 7,Verizon,n41,11,22.4,13,0,72.38,4,True,Medium,69.5,False,1,3,7,2024-07-18,0,1,5,3,2,3,1,0
2024-07-18 02:09:51.211783,Berlin,-92.4,666.37,66.37,16.8,2.59,5G NSA,Galaxy S23,AT&T,n41,91,37.3,55,3,141.87,2,True,Medium,37.2,False,2,3,7,2024-07-18,0,1,0,3,2,1,1,0
2024-07-18 02:19:51.211780,Kolkata,-86.4,879.62,99.87,1.1,4.09,4G,Galaxy S23,Jio,n78,46,22.7,10,4,156.5,3,True,Low,78.3,True,2,3,7,2024-07-18,3,0,3,4,1,1,1,1
2024-07-18 02:29:51.211778,Mumbai,-108.4,536.29,40.09,19.5,0.19,4G,GT 7,Airtel,n28,71,26.6,27,2,432.47,3,True,Low,33.7,True,2,3,7,2024-07-18,4,0,1,2,1,0,1,1
2024-07-18 02:39:51.211775,San Francisco,-87.8,219.76,128.47,18.5,2.7,5G SA,Pixel 7,AT&T,n41,82,29.8,31,2,16.99,3,True,Medium,12.7,True,2,3,7,2024-07-18,6,2,0,3,2,3,1,1
2024-07-18 02:49:51.211772,Delhi,-60.6,531.08,95.65,2.5,4.87,5G NSA,GT 7,Jio,n78,80,23.9,35,1,17.21,4,False,Medium,64.6,False,2,3,7,2024-07-18,2,1,3,4,2,0,0,0
2024-07-18 02:59:51.211770,Berlin,-91.3,646.39,112.95,4.2,2.58,4G,GT 7,Verizon,n78,50,35.6,2,2,273.39,4,True,Low,67.2,False,2,3,7,2024-07-18,0,0,5,4,1,0,1,0
2024-07-18 03:09:51.211767,Berlin,-68.9,516.58,112.97,14.8,3.92,5G NSA,Nord 4,AT&T,n260,80,20.4,57,0,483.36,2,True,High,39.1,False,3,3,7,2024-07-18,0,1,0,1,0,2,1,0
2024-07-18 03:19:51.211765,Chennai,-68.6,903.75,143.42,8.8,1.75,5G NSA,Galaxy S23,BSNL,n258,64,25.5,15,4,473.18,1,False,Low,99.8,False,3,3,7,2024-07-18,1,1,2,0,1,1,0,0
2024-07-18 03:29:51.211762,Mumbai,-69.1,734.78,47.37,19.5,0.17,4G,Pixel 7,Vi,n258,60,33.6,31,0,408.71,4,False,Low,71.1,True,3,3,7,2024-07-18,4,0,6,0,1,3,0,1
2024-07-18 03:39:51.211759,Tokyo,-66.9,812.22,125.24,16.4,1.28,5G NSA,Nord 4,AT&T,n260,20,42.0,24,0,293.53,2,True,Medium,43.6,False,3,3,7,2024-07-18,7,1,0,1,2,2,1,0
2024-07-18 03:49:51.211757,Chennai,-90.4,454.23,147.67,10.1,0.73,5G SA,Nord 4,Vi,n258,20,33.5,59,3,66.71,1,True,Medium,86.8,False,3,3,7,2024-07-18,1,2,6,0,2,2,1,0
2024-07-18 03:59:51.211754,Mumbai,-60.6,167.89,123.1,9.5,1.43,5G NSA,GT 7,Airtel,n258,35,32.4,57,2,151.27,3,False,Medium,71.2,True,3,3,7,2024-07-18,4,1,1,0,2,0,0,1
2024-07-18 04:09:51.211752,Tokyo,-102.3,460.44,65.09,17.1,4.16,5G NSA,GT 7,AT&T,n78,79,24.0,50,2,308.48,2,True,Low,20.6,True,4,3,7,2024-07-18,7,1,0,4,1,0,1,1
2024-07-18 04:19:51.211749,Chennai,-83.7,565.4,63.37,6.0,3.95,5G NSA,Pixel 7,Vi,n258,26,34.0,8,4,295.53,4,False,Medium,95.5,False,4,3,7,2024-07-18,1,1,6,0,2,3,0,0
2024-07-18 04:29:51.211747,Kolkata,-105.3,238.18,65.72,8.6,2.24,4G,Nord 4,Jio,n258,77,44.2,21,1,330.97,4,True,Low,25.9,True,4,3,7,2024-07-18,3,0,3,0,1,2,1,1
2024-07-18 04:39:51.211741,Tokyo,-100.3,554.13,148.37,8.8,1.52,5G SA,Nord 4,Verizon,n78,43,23.9,16,4,259.0,2,True,Medium,15.4,False,4,3,7,2024-07-18,7,2,5,4,2,2,1,0
2024-07-18 04:49:51.211739,Kolkata,-82.0,260.73,135.85,17.3,0.99,4G,Pixel 7,BSNL,n78,19,44.6,52,2,20.71,5,False,Medium,76.0,True,4,3,7,2024-07-18,3,0,2,4,2,3,0,1
2024-07-18 04:59:51.211736,Tokyo,-84.7,598.79,144.29,16.8,1.43,5G SA,Pixel 7,AT&T,n78,71,30.7,5,3,174.72,2,True,Low,84.3,True,4,3,7,2024-07-18,7,2,0,4,1,3,1,1
2024-07-18 05:09:51.211734,Tokyo,-98.1,102.25,78.83,15.3,0.8,5G SA,iPhone 14,Verizon,n260,68,23.1,22,4,343.57,3,False,Low,76.8,True,5,3,7,2024-07-18,7,2,5,1,1,4,0,1
2024-07-18 05:19:51.211731,Chennai,-80.1,534.39,45.72,11.0,3.19,5G SA,Pixel 7,BSNL,n258,76,20.6,7,4,32.67,1,True,High,65.0,False,5,3,7,2024-07-18,1,2,2,0,0,3,1,0
2024-07-18 05:29:51.211728,New York,-90.9,627.76,50.64,13.5,0.27,4G,Galaxy S23,Verizon,n260,38,22.4,49,1,477.85,5,True,Low,43.8,True,5,3,7,2024-07-18,5,0,5,1,1,1,1,1
2024-07-18 05:39:51.211726,Delhi,-92.2,413.64,43.27,18.9,0.13,4G,iPhone 14,BSNL,n78,98,27.2,25,1,475.8,5,True,Low,95.6,True,5,3,7,2024-07-18,2,0,2,4,1,4,1,1
2024-07-18 05:49:51.211723,Berlin,-62.4,344.54,69.82,2.6,3.45,5G SA,Pixel 7,T-Mobile,n78,65,20.9,3,2,243.07,4,False,Medium,50.7,True,5,3,7,2024-07-18,0,2,4,4,2,3,0,1
2024-07-18 05:59:51.211720,Tokyo,-75.6,353.92,90.36,3.3,1.42,4G,Pixel 7,T-Mobile,n78,69,38.8,50,2,86.02,3,True,High,100.0,True,5,3,7,2024-07-18,7,0,4,4,0,3,1,1
2024-07-18 06:09:51.211718,Chennai,-72.6,826.72,65.65,3.4,2.84,5G SA,iPhone 14,BSNL,n28,91,34.6,14,4,26.3,2,True,Medium,99.3,True,6,3,7,2024-07-18,1,2,2,2,2,4,1,1
2024-07-18 06:19:51.211715,New York,-73.0,343.58,105.27,1.6,4.87,4G,Pixel 7,AT&T,n41,45,38.1,3,0,451.85,5,False,Medium,54.3,True,6,3,7,2024-07-18,5,0,0,3,2,3,0,1
2024-07-18 06:29:51.211713,Delhi,-103.5,521.71,25.67,19.5,3.66,4G,Pixel 7,Vi,n78,77,44.4,11,3,168.8,4,False,High,92.0,False,6,3,7,2024-07-18,2,0,6,4,0,3,0,0
2024-07-18 06:39:51.211710,Tokyo,-107.0,176.02,117.7,15.0,4.94,4G,Galaxy S23,T-Mobile,n260,61,30.3,10,4,393.43,1,True,Low,37.8,True,6,3,7,2024-07-18,7,0,4,1,1,1,1,1
2024-07-18 06:49:51.211708,New York,-91.6,189.22,149.14,19.6,4.82,4G,iPhone 14,T-Mobile,n78,37,28.3,4,0,34.77,1,True,Medium,21.2,False,6,3,7,2024-07-18,5,0,4,4,2,4,1,0
2024-07-18 06:59:51.211705,New York,-80.1,115.95,21.7,12.0,1.89,4G,Pixel 7,AT&T,n41,67,34.1,34,0,385.07,5,False,Low,98.6,False,6,3,7,2024-07-18,5,0,0,3,1,3,0,0
2024-07-18 07:09:51.211702,Kolkata,-95.2,524.42,102.8,7.9,3.22,4G,GT 7,Vi,n28,70,39.9,13,2,292.86,5,True,Medium,24.7,False,7,3,7,2024-07-18,3,0,6,2,2,0,1,0
2024-07-18 07:19:51.211700,Berlin,-72.4,596.15,142.12,3.4,4.49,5G NSA,iPhone 14,Verizon,n41,86,20.3,27,0,391.14,4,True,Low,48.8,True,7,3,7,2024-07-18,0,1,5,3,1,4,1,1
2024-07-18 07:29:51.211697,Berlin,-67.2,801.74,147.92,19.7,3.6,5G SA,Pixel 7,Verizon,n78,75,23.4,21,0,342.4,4,False,Low,12.3,False,7,3,7,2024-07-18,0,2,5,4,1,3,0,0
2024-07-18 07:39:51.211695,Mumbai,-104.5,250.85,100.15,3.4,1.75,5G NSA,Pixel 7,Vi,n78,40,31.3,13,2,496.58,5,True,Low,17.5,False,7,3,7,2024-07-18,4,1,6,4,1,3,1,0
2024-07-18 07:49:51.211692,San Francisco,-73.5,552.87,67.21,18.9,0.43,5G NSA,iPhone 14,T-Mobile,n78,29,40.9,30,3,58.16,5,True,Low,35.7,False,7,3,7,2024-07-18,6,1,4,4,1,4,1,0
2024-07-18 07:59:51.211690,Chennai,-82.9,180.76,42.21,10.8,4.0,4G,GT 7,BSNL,n28,56,35.6,10,2,287.87,1,False,High,26.5,True,7,3,7,2024-07-18,1,0,2,2,0,0,0,1
2024-07-18 08:09:51.211687,Chennai,-109.5,587.53,39.2,9.7,3.84,4G,Pixel 7,Vi,n28,47,38.6,47,3,29.52,2,True,High,86.7,False,8,3,7,2024-07-18,1,0,6,2,0,3,1,0
2024-07-18 08:19:51.211684,New York,-84.3,340.24,59.93,16.6,2.6,4G,iPhone 14,Verizon,n260,38,42.6,19,4,186.24,4,True,Low,36.6,False,8,3,7,2024-07-18,5,0,5,1,1,4,1,0
2024-07-18 08:29:51.211679,Kolkata,-100.9,649.19,48.81,9.3,3.62,4G,Nord 4,Jio,n258,91,29.6,2,2,163.56,1,False,High,90.0,True,8,3,7,2024-07-18,3,0,3,0,0,2,0,1
2024-07-18 08:39:51.211676,Kolkata,-101.7,488.69,38.98,16.8,4.62,5G NSA,Pixel 7,Airtel,n78,43,30.0,54,0,214.9,4,True,Medium,34.0,True,8,3,7,2024-07-18,3,1,1,4,2,3,1,1
2024-07-18 08:49:51.211674,Chennai,-91.2,852.75,61.57,3.2,0.78,5G SA,GT 7,BSNL,n258,44,26.6,35,0,171.88,1,False,High,88.5,False,8,3,7,2024-07-18,1,2,2,0,0,0,0,0
2024-07-18 08:59:51.211671,Delhi,-104.0,605.82,39.82,5.1,3.17,4G,Pixel 7,Airtel,n78,87,33.3,25,0,328.7,5,False,High,38.6,False,8,3,7,2024-07-18,2,0,1,4,0,3,0,0
2024-07-18 09:09:51.211668,Chennai,-64.0,131.03,32.49,18.1,3.72,5G SA,Galaxy S23,Jio,n78,51,43.6,35,2,375.79,1,True,Low,88.5,False,9,3,7,2024-07-18,1,2,3,4,1,1,1,0
2024-07-18 09:19:51.211666,Chennai,-96.4,111.46,104.33,3.1,1.12,5G NSA,GT 7,Jio,n28,33,34.7,13,0,382.76,2,True,Low,64.0,True,9,3,7,2024-07-18,1,1,3,2,1,0,1,1
2024-07-18 09:29:51.211663,Delhi,-93.1,289.57,63.92,5.0,0.43,5G SA,Nord 4,BSNL,n28,35,22.9,46,3,117.46,2,False,High,76.8,False,9,3,7,2024-07-18,2,2,2,2,0,2,0,0
2024-07-18 09:39:51.211661,Berlin,-108.9,892.67,118.05,3.1,2.07,5G SA,GT 7,Verizon,n41,39,35.7,49,1,421.89,5,False,Low,29.3,True,9,3,7,2024-07-18,0,2,5,3,1,0,0,1
2024-07-18 09:49:51.211658,Delhi,-78.1,276.59,83.4,14.4,4.91,5G SA,Pixel 7,Jio,n78,79,24.2,3,1,149.51,1,False,Low,25.8,False,9,3,7,2024-07-18,2,2,3,4,1,3,0,0
2024-07-18 09:59:51.211655,San Francisco,-74.1,654.99,140.63,8.2,2.62,5G NSA,Galaxy S23,AT&T,n41,23,26.5,8,3,305.55,5,False,Medium,72.0,False,9,3,7,2024-07-18,6,1,0,3,2,1,0,0
2024-07-18 10:09:51.211653,Berlin,-83.9,835.22,134.58,12.6,2.21,4G,Galaxy S23,AT&T,n41,50,20.4,49,0,130.95,2,True,Low,88.6,False,10,3,7,2024-07-18,0,0,0,3,1,1,1,0
2024-07-18 10:19:51.211650,Kolkata,-81.1,366.68,102.4,13.4,1.99,5G SA,Galaxy S23,Airtel,n258,66,39.0,53,1,177.03,5,False,High,96.0,False,10,3,7,2024-07-18,3,2,1,0,0,1,0,0
2024-07-18 10:29:51.211648,Mumbai,-64.9,215.35,72.76,10.8,4.52,5G SA,Pixel 7,Airtel,n28,81,44.7,29,4,225.06,3,True,High,26.6,True,10,3,7,2024-07-18,4,2,1,2,0,3,1,1
2024-07-18 10:39:51.211645,Delhi,-91.2,537.48,142.72,14.6,2.4,5G SA,iPhone 14,Airtel,n28,86,25.9,33,0,41.4,3,False,Medium,79.8,False,10,3,7,2024-07-18,2,2,1,2,2,4,0,0
2024-07-18 10:49:51.211642,San Francisco,-87.6,982.78,110.61,19.3,2.87,5G NSA,Galaxy S23,AT&T,n41,93,25.6,39,0,143.41,5,True,Low,27.1,True,10,3,7,2024-07-18,6,1,0,3,1,1,1,1
2024-07-18 10:59:51.211640,Mumbai,-99.9,912.0,125.65,17.5,2.85,5G SA,Galaxy S23,BSNL,n78,59,34.2,36,2,402.51,2,True,Low,46.3,False,10,3,7,2024-07-18,4,2,2,4,1,1,1,0
2024-07-18 11:09:51.211637,New York,-78.2,635.84,56.1,5.6,1.99,5G NSA,Nord 4,AT&T,n260,60,38.1,35,3,246.81,1,False,Medium,88.5,False,11,3,7,2024-07-18,5,1,0,1,2,2,0,0
2024-07-18 11:19:51.211635,Delhi,-106.4,990.37,97.22,16.0,0.53,4G,iPhone 14,Vi,n28,78,35.6,23,2,469.46,5,True,Low,62.7,False,11,3,7,2024-07-18,2,0,6,2,1,4,1,0
2024-07-18 11:29:51.211632,New York,-69.4,119.23,141.87,4.3,2.79,4G,Pixel 7,Verizon,n78,13,43.9,18,2,271.06,3,True,Medium,55.0,False,11,3,7,2024-07-18,5,0,5,4,2,3,1,0
2024-07-18 11:39:51.211629,Kolkata,-93.2,395.85,33.31,4.0,2.99,5G NSA,Galaxy S23,BSNL,n28,77,40.5,17,2,451.82,3,True,Medium,27.4,False,11,3,7,2024-07-18,3,1,2,2,2,1,1,0
2024-07-18 11:49:51.211627,Chennai,-99.8,701.66,40.59,8.2,3.74,5G NSA,Pixel 7,Jio,n28,22,38.4,49,2,462.92,4,False,Low,38.4,False,11,3,7,2024-07-18,1,1,3,2,1,3,0,0
2024-07-18 11:59:51.211624,San Francisco,-101.4,693.09,102.22,8.0,4.55,5G SA,Pixel 7,T-Mobile,n260,49,23.0,51,2,380.66,3,False,High,94.3,True,11,3,7,2024-07-18,6,2,4,1,0,3,0,1
2024-07-18 12:09:51.211622,San Francisco,-91.9,344.73,85.72,7.4,2.81,5G NSA,Galaxy S23,AT&T,n78,86,30.5,43,0,114.28,1,False,Medium,98.0,True,12,3,7,2024-07-18,6,1,0,4,2,1,0,1
2024-07-18 12:19:51.211619,Chennai,-74.7,854.47,35.13,18.3,0.88,5G SA,Galaxy S23,BSNL,n28,29,44.0,46,1,45.37,3,True,Medium,29.3,True,12,3,7,2024-07-18,1,2,2,2,2,1,1,1
2024-07-18 12:29:51.211616,Delhi,-88.5,870.82,101.86,10.0,2.16,4G,Pixel 7,Jio,n258,34,34.7,55,0,254.76,4,True,High,79.2,False,12,3,7,2024-07-18,2,0,3,0,0,3,1,0
2024-07-18 12:39:51.211614,Kolkata,-65.1,480.87,132.31,19.5,2.37,4G,Pixel 7,Vi,n78,49,33.9,54,3,133.0,4,True,High,53.8,True,12,3,7,2024-07-18,3,0,6,4,0,3,1,1
2024-07-18 12:49:51.211611,San Francisco,-60.1,250.42,107.03,19.9,0.18,4G,iPhone 14,Verizon,n260,99,36.9,20,4,52.57,2,True,Medium,66.0,False,12,3,7,2024-07-18,6,0,5,1,2,4,1,0
2024-07-18 12:59:51.211609,Chennai,-87.9,669.31,98.94,16.7,0.47,5G SA,GT 7,BSNL,n78,51,31.0,51,3,249.42,5,False,High,51.2,False,12,3,7,2024-07-18,1,2,2,4,0,0,0,0
2024-07-18 13:09:51.211606,Tokyo,-98.4,622.32,144.68,17.8,1.08,5G SA,Pixel 7,AT&T,n41,59,40.7,27,3,128.85,4,False,Medium,17.0,False,13,3,7,2024-07-18,7,2,0,3,2,3,0,0
2024-07-18 13:19:51.211603,Kolkata,-66.7,451.41,69.76,9.9,4.87,4G,Nord 4,Jio,n258,10,22.6,53,2,382.01,3,True,High,15.0,False,13,3,7,2024-07-18,3,0,3,0,0,2,1,0
2024-07-18 13:29:51.211601,Berlin,-62.7,881.38,106.03,6.9,3.14,5G SA,Pixel 7,AT&T,n41,83,41.8,48,3,193.29,5,False,High,53.4,True,13,3,7,2024-07-18,0,2,0,3,0,3,0,1
2024-07-18 13:39:51.211598,San Francisco,-108.9,893.06,57.31,3.6,1.54,5G SA,GT 7,T-Mobile,n41,56,32.8,34,4,390.91,2,False,High,19.1,True,13,3,7,2024-07-18,6,2,4,3,0,0,0,1
2024-07-18 13:49:51.211596,Tokyo,-77.8,359.55,126.49,15.5,4.58,5G SA,GT 7,T-Mobile,n41,96,26.1,13,4,497.42,1,True,Low,70.3,False,13,3,7,2024-07-18,7,2,4,3,1,0,1,0
2024-07-18 13:59:51.211593,San Francisco,-107.0,990.04,98.95,15.6,4.28,5G SA,Galaxy S23,Verizon,n78,10,38.7,37,3,452.09,5,True,Medium,95.8,True,13,3,7,2024-07-18,6,2,5,4,2,1,1,1
2024-07-18 14:09:51.211591,Kolkata,-77.2,545.94,73.33,6.6,0.36,4G,Pixel 7,Jio,n78,43,39.5,4,3,186.0,2,False,Medium,37.9,True,14,3,7,2024-07-18,3,0,3,4,2,3,0,1
2024-07-18 14:19:51.211588,New York,-105.6,156.66,44.65,8.1,2.17,4G,GT 7,Verizon,n41,87,21.0,37,3,275.86,1,True,Low,65.1,True,14,3,7,2024-07-18,5,0,5,3,1,0,1,1
2024-07-18 14:29:51.211585,Berlin,-96.8,459.22,54.04,4.1,3.27,5G SA,iPhone 14,AT&T,n41,15,27.2,17,2,499.53,5,False,Medium,87.2,False,14,3,7,2024-07-18,0,2,0,3,2,4,0,0
2024-07-18 14:39:51.211583,Kolkata,-90.2,786.98,75.27,2.7,1.79,4G,Nord 4,Airtel,n28,99,26.6,42,0,387.75,1,True,High,66.0,False,14,3,7,2024-07-18,3,0,1,2,0,2,1,0
2024-07-18 14:49:51.211580,Kolkata,-81.9,438.42,123.18,18.7,2.86,5G SA,Pixel 7,BSNL,n78,58,35.9,19,0,494.58,3,True,Medium,39.7,True,14,3,7,2024-07-18,3,2,2,4,2,3,1,1
2024-07-18 14:59:51.211578,Delhi,-67.4,581.65,74.3,13.6,3.09,5G NSA,Galaxy S23,BSNL,n78,28,39.6,28,4,10.02,2,True,High,59.0,False,14,3,7,2024-07-18,2,1,2,4,0,1,1,0
2024-07-18 15:09:51.211575,Delhi,-72.3,441.8,102.95,13.8,3.34,5G SA,Galaxy S23,Jio,n28,18,30.6,7,2,107.89,4,False,High,61.3,False,15,3,7,2024-07-18,2,2,3,2,0,1,0,0
2024-07-18 15:19:51.211572,Mumbai,-88.5,661.48,92.49,10.3,3.49,5G SA,GT 7,Jio,n28,59,28.1,27,4,181.17,4,True,Medium,40.1,True,15,3,7,2024-07-18,4,2,3,2,2,0,1,1
2024-07-18 15:29:51.211570,Mumbai,-89.4,950.73,127.12,15.5,0.64,5G NSA,GT 7,Airtel,n78,82,20.6,20,4,389.78,2,True,High,55.6,False,15,3,7,2024-07-18,4,1,1,4,0,0,1,0
2024-07-18 15:39:51.211567,Kolkata,-60.7,571.3,118.44,6.8,0.98,5G SA,Galaxy S23,Jio,n28,30,29.0,11,1,145.48,1,False,Medium,30.4,True,15,3,7,2024-07-18,3,2,3,2,2,1,0,1
2024-07-18 15:49:51.211564,New York,-105.1,569.9,131.91,10.1,0.94,4G,Galaxy S23,T-Mobile,n260,33,43.7,11,3,349.16,5,True,High,64.3,True,15,3,7,2024-07-18,5,0,4,1,0,1,1,1
2024-07-18 15:59:51.211562,Mumbai,-75.8,829.29,71.09,1.2,2.86,5G NSA,Galaxy S23,Vi,n78,91,25.5,43,4,335.47,1,True,Medium,86.3,False,15,3,7,2024-07-18,4,1,6,4,2,1,1,0
2024-07-18 16:09:51.211559,Delhi,-75.3,280.33,35.12,15.2,2.6,5G SA,Nord 4,Vi,n78,79,42.4,43,1,102.53,3,True,Low,61.6,False,16,3,7,2024-07-18,2,2,6,4,1,2,1,0
2024-07-18 16:19:51.211557,Chennai,-67.1,385.51,76.63,6.3,3.93,5G NSA,Nord 4,BSNL,n258,60,36.8,42,1,284.55,4,True,Low,67.2,False,16,3,7,2024-07-18,1,1,2,0,1,2,1,0
2024-07-18 16:29:51.211554,New York,-69.6,714.54,21.76,5.1,0.69,4G,GT 7,Verizon,n260,71,42.2,25,2,492.71,2,True,High,66.3,True,16,3,7,2024-07-18,5,0,5,1,0,0,1,1
2024-07-18 16:39:51.211551,Tokyo,-85.0,632.59,139.7,2.8,1.14,5G NSA,iPhone 14,T-Mobile,n78,33,32.1,2,1,34.78,2,False,Medium,54.4,True,16,3,7,2024-07-18,7,1,4,4,2,4,0,1
2024-07-18 16:49:51.211549,Tokyo,-100.3,913.86,84.02,2.4,4.15,4G,Nord 4,AT&T,n260,25,23.2,24,4,41.66,5,True,Medium,86.0,False,16,3,7,2024-07-18,7,0,0,1,2,2,1,0
2024-07-18 16:59:51.211546,San Francisco,-99.7,882.42,30.42,19.9,5.0,4G,iPhone 14,AT&T,n41,31,41.7,54,1,83.52,2,True,High,61.3,False,16,3,7,2024-07-18,6,0,0,3,0,4,1,0
2024-07-18 17:09:51.211544,Tokyo,-97.2,744.87,123.27,19.3,1.88,5G SA,Pixel 7,AT&T,n78,88,31.3,44,4,143.63,5,True,High,83.9,True,17,3,7,2024-07-18,7,2,0,4,0,3,1,1
2024-07-18 17:19:51.211541,Mumbai,-80.7,124.58,44.61,8.6,3.95,5G NSA,Pixel 7,BSNL,n28,10,29.0,42,4,369.19,4,True,Medium,12.0,True,17,3,7,2024-07-18,4,1,2,2,2,3,1,1
2024-07-18 17:29:51.211538,Berlin,-105.8,134.52,108.93,12.2,1.92,5G SA,Galaxy S23,AT&T,n78,33,37.7,41,0,240.98,2,True,High,22.1,False,17,3,7,2024-07-18,0,2,0,4,0,1,1,0
2024-07-18 17:39:51.211536,Kolkata,-65.1,607.65,66.58,7.7,2.38,5G NSA,iPhone 14,Airtel,n258,78,24.1,19,4,299.81,2,True,Low,52.7,True,17,3,7,2024-07-18,3,1,1,0,1,4,1,1
2024-07-18 17:49:51.211534,Tokyo,-101.9,295.5,92.69,9.3,2.65,5G NSA,GT 7,T-Mobile,n260,36,38.4,2,4,132.3,1,True,High,35.1,False,17,3,7,2024-07-18,7,1,4,1,0,0,1,0
2024-07-18 17:59:51.211531,Berlin,-60.9,349.95,106.01,14.5,3.73,5G NSA,Pixel 7,T-Mobile,n260,30,25.4,14,2,428.1,1,True,Low,81.7,False,17,3,7,2024-07-18,0,1,4,1,1,3,1,0
2024-07-18 18:09:51.211528,Delhi,-76.0,446.08,145.21,14.9,3.78,4G,iPhone 14,BSNL,n78,98,40.8,34,0,348.45,2,True,Medium,30.8,False,18,3,7,2024-07-18,2,0,2,4,2,4,1,0
2024-07-18 18:19:51.211526,Tokyo,-90.1,729.68,112.08,16.0,4.4,4G,iPhone 14,T-Mobile,n78,80,31.3,24,1,423.52,3,True,High,15.9,True,18,3,7,2024-07-18,7,0,4,4,0,4,1,1
2024-07-18 18:29:51.211523,Mumbai,-70.3,462.48,140.61,20.0,0.61,5G NSA,iPhone 14,BSNL,n78,69,36.3,28,0,461.18,2,False,High,73.0,True,18,3,7,2024-07-18,4,1,2,4,0,4,0,1
2024-07-18 18:39:51.211521,Tokyo,-80.1,542.83,69.08,10.8,0.97,5G NSA,Nord 4,T-Mobile,n78,80,33.1,35,0,465.19,4,False,Medium,35.8,True,18,3,7,2024-07-18,7,1,4,4,2,2,0,1
2024-07-18 18:49:51.211518,Chennai,-74.8,560.65,40.04,11.2,3.96,5G SA,GT 7,Vi,n28,30,37.1,33,4,89.18,3,True,High,51.9,False,18,3,7,2024-07-18,1,2,6,2,0,0,1,0
2024-07-18 18:59:51.211515,Chennai,-108.5,955.58,30.5,17.7,0.23,4G,GT 7,BSNL,n78,36,23.1,2,1,440.85,2,True,Low,54.8,False,18,3,7,2024-07-18,1,0,2,4,1,0,1,0
2024-07-18 19:09:51.211513,Tokyo,-100.0,601.9,52.08,16.2,4.24,5G NSA,iPhone 14,Verizon,n260,91,42.8,19,4,62.35,4,True,High,20.4,True,19,3,7,2024-07-18,7,1,5,1,0,4,1,1
2024-07-18 19:19:51.211510,New York,-71.0,421.32,25.72,13.0,0.91,5G NSA,iPhone 14,Verizon,n41,59,25.6,41,0,209.6,5,False,Medium,58.4,False,19,3,7,2024-07-18,5,1,5,3,2,4,0,0
2024-07-18 19:29:51.211508,Delhi,-104.9,951.7,88.41,6.9,0.68,5G SA,Pixel 7,Airtel,n78,47,28.5,55,1,189.0,3,True,Medium,65.8,False,19,3,7,2024-07-18,2,2,1,4,2,3,1,0
2024-07-18 19:39:51.211505,Berlin,-94.2,842.71,39.28,14.3,0.73,5G SA,Pixel 7,Verizon,n41,55,26.2,26,0,210.77,3,False,Low,75.0,True,19,3,7,2024-07-18,0,2,5,3,1,3,0,1
2024-07-18 19:49:51.211502,Kolkata,-95.0,898.15,30.28,3.1,3.22,5G SA,Nord 4,Jio,n78,49,24.2,52,0,290.44,1,False,Medium,89.8,True,19,3,7,2024-07-18,3,2,3,4,2,2,0,1
2024-07-18 19:59:51.211500,Delhi,-94.6,634.19,141.67,19.7,1.52,5G NSA,iPhone 14,Vi,n258,99,35.3,16,2,405.84,2,True,Medium,84.7,False,19,3,7,2024-07-18,2,1,6,0,2,4,1,0
2024-07-18 20:09:51.211497,Mumbai,-91.3,798.91,88.98,14.3,0.3,5G NSA,GT 7,Jio,n78,96,41.3,43,4,464.95,3,True,Low,19.4,True,20,3,7,2024-07-18,4,1,3,4,1,0,1,1
2024-07-18 20:19:51.211495,Mumbai,-62.4,249.73,44.27,3.2,3.29,4G,Galaxy S23,Vi,n258,68,29.7,5,4,265.12,2,False,Low,58.5,False,20,3,7,2024-07-18,4,0,6,0,1,1,0,0
2024-07-18 20:29:51.211492,New York,-81.8,812.01,64.7,15.8,4.94,4G,Nord 4,AT&T,n260,51,21.1,20,2,424.73,3,False,Medium,73.9,True,20,3,7,2024-07-18,5,0,0,1,2,2,0,1
2024-07-18 20:39:51.211489,Delhi,-86.4,975.6,114.16,10.0,0.6,5G NSA,GT 7,BSNL,n258,91,33.2,30,0,36.2,1,True,High,49.1,False,20,3,7,2024-07-18,2,1,2,0,0,0,1,0
2024-07-18 20:49:51.211487,New York,-70.6,605.97,79.17,5.6,2.37,5G SA,GT 7,Verizon,n41,56,26.0,53,0,34.52,2,False,High,75.0,False,20,3,7,2024-07-18,5,2,5,3,0,0,0,0
2024-07-18 20:59:51.211484,Kolkata,-68.1,200.65,110.88,10.3,2.19,5G NSA,Nord 4,Airtel,n78,27,44.4,40,3,369.86,5,True,Low,67.0,False,20,3,7,2024-07-18,3,1,1,4,1,2,1,0
2024-07-18 21:09:51.211482,Mumbai,-95.0,201.81,66.59,18.3,3.45,4G,GT 7,Jio,n78,68,36.2,58,4,61.03,4,True,Medium,11.7,False,21,3,7,2024-07-18,4,0,3,4,2,0,1,0
2024-07-18 21:19:51.211479,Chennai,-93.3,953.68,22.69,1.2,1.62,4G,GT 7,Airtel,n28,56,32.3,27,3,434.74,1,False,Medium,49.7,True,21,3,7,2024-07-18,1,0,1,2,2,0,0,1
2024-07-18 21:29:51.211476,Berlin,-81.3,789.86,114.99,10.5,2.4,4G,Nord 4,AT&T,n41,51,21.3,23,1,284.02,4,True,High,65.2,False,21,3,7,2024-07-18,0,0,0,3,0,2,1,0
2024-07-18 21:39:51.211474,Delhi,-68.7,721.71,37.7,1.7,2.03,5G NSA,Galaxy S23,Jio,n258,10,44.6,26,2,117.38,3,False,Low,59.3,False,21,3,7,2024-07-18,2,1,3,0,1,1,0,0
2024-07-18 21:49:51.211471,New York,-66.5,790.83,143.25,16.2,1.99,5G SA,iPhone 14,AT&T,n41,48,32.7,33,2,300.33,1,False,High,24.9,True,21,3,7,2024-07-18,5,2,0,3,0,4,0,1
2024-07-18 21:59:51.211469,San Francisco,-74.4,237.6,86.96,4.8,4.99,5G NSA,Nord 4,Verizon,n260,65,34.5,16,3,354.86,1,True,Medium,62.7,False,21,3,7,2024-07-18,6,1,5,1,2,2,1,0
2024-07-18 22:09:51.211466,Chennai,-87.3,256.95,29.57,13.9,4.21,5G SA,GT 7,Vi,n28,84,21.6,29,0,171.61,5,False,Medium,67.9,True,22,3,7,2024-07-18,1,2,6,2,2,0,0,1
2024-07-18 22:19:51.211463,Delhi,-87.4,917.05,142.14,16.8,3.76,5G SA,Galaxy S23,BSNL,n78,34,22.5,39,2,452.21,2,False,Low,91.2,False,22,3,7,2024-07-18,2,2,2,4,1,1,0,0
2024-07-18 22:29:51.211461,San Francisco,-70.1,832.71,33.24,7.4,0.45,5G NSA,iPhone 14,Verizon,n78,58,21.0,14,0,157.65,3,False,Medium,27.8,False,22,3,7,2024-07-18,6,1,5,4,2,4,0,0
2024-07-18 22:39:51.211458,Tokyo,-90.3,280.02,119.61,16.5,0.58,5G SA,GT 7,T-Mobile,n41,23,43.9,56,0,380.43,1,False,Medium,88.7,False,22,3,7,2024-07-18,7,2,4,3,2,0,0,0
2024-07-18 22:49:51.211453,Chennai,-83.2,594.76,75.87,11.6,0.83,5G SA,iPhone 14,Airtel,n28,30,34.1,4,2,225.29,2,False,Low,19.7,False,22,3,7,2024-07-18,1,2,1,2,1,4,0,0
2024-07-18 22:59:51.211451,Berlin,-62.2,814.3,79.88,12.1,2.49,5G NSA,iPhone 14,Verizon,n78,25,32.5,10,4,361.71,4,True,Low,53.3,False,22,3,7,2024-07-18,0,1,5,4,1,4,1,0
2024-07-18 23:09:51.211448,Mumbai,-83.4,443.02,39.08,1.4,1.33,4G,Galaxy S23,BSNL,n78,99,27.4,45,2,173.32,2,False,Medium,68.6,False,23,3,7,2024-07-18,4,0,2,4,2,1,0,0
2024-07-18 23:19:51.211445,Berlin,-65.2,348.15,130.52,17.1,1.2,5G SA,GT 7,T-Mobile,n260,25,38.4,53,1,275.75,1,True,High,38.0,False,23,3,7,2024-07-18,0,2,4,1,0,0,1,0
2024-07-18 23:29:51.211443,Kolkata,-103.8,682.54,103.04,14.5,4.3,4G,Galaxy S23,BSNL,n78,27,25.3,22,0,485.67,1,True,High,39.7,True,23,3,7,2024-07-18,3,0,2,4,0,1,1,1
2024-07-18 23:39:51.211440,San Francisco,-103.2,449.5,120.9,15.6,1.24,5G SA,Galaxy S23,Verizon,n260,73,25.7,40,0,47.48,5,False,Medium,73.3,True,23,3,7,2024-07-18,6,2,5,1,2,1,0,1
2024-07-18 23:49:51.211438,Mumbai,-91.3,148.75,71.89,19.6,3.67,5G SA,Galaxy S23,Vi,n258,49,23.4,29,1,205.61,1,True,High,40.8,False,23,3,7,2024-07-18,4,2,6,0,0,1,1,0
2024-07-18 23:59:51.211435,New York,-75.5,881.28,62.31,14.4,2.72,4G,Pixel 7,AT&T,n78,75,28.7,8,1,125.63,3,True,Low,95.2,False,23,3,7,2024-07-18,5,0,0,4,1,3,1,0
2024-07-19 00:09:51.211432,San Francisco,-91.7,766.9,98.26,9.3,3.37,4G,Pixel 7,T-Mobile,n41,21,30.1,46,2,207.74,2,True,Medium,85.1,False,0,4,7,2024-07-19,6,0,4,3,2,3,1,0
2024-07-19 00:19:51.211430,Mumbai,-86.7,829.66,122.57,17.9,4.35,4G,Pixel 7,Vi,n78,17,21.3,39,2,18.12,5,True,Low,89.7,True,0,4,7,2024-07-19,4,0,6,4,1,3,1,1
2024-07-19 00:29:51.211427,Tokyo,-69.7,827.52,144.98,16.3,1.84,4G,Galaxy S23,AT&T,n41,93,27.2,2,4,102.16,3,False,Medium,18.6,False,0,4,7,2024-07-19,7,0,0,3,2,1,0,0
2024-07-19 00:39:51.211425,San Francisco,-64.5,688.29,33.55,17.4,4.58,5G NSA,Galaxy S23,T-Mobile,n260,30,41.2,16,3,409.16,2,True,High,23.8,False,0,4,7,2024-07-19,6,1,4,1,0,1,1,0
2024-07-19 00:49:51.211422,Kolkata,-100.2,182.95,78.45,13.4,1.76,5G SA,Nord 4,BSNL,n78,43,20.5,8,1,385.82,2,False,Low,52.3,False,0,4,7,2024-07-19,3,2,2,4,1,2,0,0
2024-07-19 00:59:51.211420,San Francisco,-67.4,589.64,137.06,17.9,1.85,5G NSA,GT 7,T-Mobile,n78,10,22.5,52,0,386.16,4,False,Medium,60.2,True,0,4,7,2024-07-19,6,1,4,4,2,0,0,1
2024-07-19 01:09:51.211417,Tokyo,-74.8,737.56,50.8,2.3,2.0,5G NSA,GT 7,AT&T,n41,18,26.6,50,4,397.71,5,True,High,73.7,True,1,4,7,2024-07-19,7,1,0,3,0,0,1,1
2024-07-19 01:19:51.211414,Mumbai,-93.2,745.13,46.78,11.4,0.2,4G,GT 7,BSNL,n28,92,44.9,57,2,326.19,4,False,Low,91.0,True,1,4,7,2024-07-19,4,0,2,2,1,0,0,1
2024-07-19 01:29:51.211412,Tokyo,-93.5,911.93,96.48,13.8,3.55,4G,Pixel 7,T-Mobile,n260,74,29.8,42,3,59.43,4,True,Medium,52.1,True,1,4,7,2024-07-19,7,0,4,1,2,3,1,1
2024-07-19 01:39:51.211409,San Francisco,-77.4,444.12,125.54,1.5,4.13,5G SA,iPhone 14,AT&T,n78,16,39.6,21,2,406.34,3,True,Medium,75.9,False,1,4,7,2024-07-19,6,2,0,4,2,4,1,0
2024-07-19 01:49:51.211407,San Francisco,-87.0,266.96,82.36,16.3,2.37,4G,Nord 4,Verizon,n41,31,35.5,29,3,248.64,3,False,High,67.2,True,1,4,7,2024-07-19,6,0,5,3,0,2,0,1
2024-07-19 01:59:51.211404,Tokyo,-99.5,340.39,75.47,17.2,3.08,5G NSA,Galaxy S23,Verizon,n260,40,23.9,25,4,437.19,1,False,Medium,10.7,True,1,4,7,2024-07-19,7,1,5,1,2,1,0,1
2024-07-19 02:09:51.211402,Tokyo,-64.7,318.71,53.22,14.4,3.14,5G SA,Nord 4,T-Mobile,n260,23,25.2,12,2,117.92,3,True,Medium,96.2,True,2,4,7,2024-07-19,7,2,4,1,2,2,1,1
2024-07-19 02:19:51.211399,Mumbai,-68.3,283.52,27.55,4.1,2.85,5G SA,iPhone 14,Airtel,n28,77,21.5,18,0,143.5,5,False,Low,34.5,False,2,4,7,2024-07-19,4,2,1,2,1,4,0,0
2024-07-19 02:29:51.211396,Mumbai,-62.1,294.44,39.12,14.8,2.3,4G,GT 7,Vi,n28,25,22.4,20,0,251.31,3,False,High,54.0,False,2,4,7,2024-07-19,4,0,6,2,0,0,0,0
2024-07-19 02:39:51.211394,San Francisco,-68.1,425.53,143.7,5.9,0.25,4G,Pixel 7,AT&T,n41,99,38.8,40,3,146.4,2,True,Medium,32.6,True,2,4,7,2024-07-19,6,0,0,3,2,3,1,1
2024-07-19 02:49:51.211391,San Francisco,-62.7,396.12,139.88,1.3,0.81,4G,Pixel 7,T-Mobile,n41,80,28.8,32,1,45.01,1,False,Medium,45.3,True,2,4,7,2024-07-19,6,0,4,3,2,3,0,1
2024-07-19 02:59:51.211389,Delhi,-66.8,968.2,47.09,10.4,3.97,4G,Nord 4,Vi,n28,29,40.7,49,4,230.52,2,True,High,63.2,False,2,4,7,2024-07-19,2,0,6,2,0,2,1,0
2024-07-19 03:09:51.211386,Berlin,-86.2,191.76,88.76,8.1,1.52,5G NSA,GT 7,AT&T,n260,23,28.0,28,2,396.26,2,True,Medium,79.8,False,3,4,7,2024-07-19,0,1,0,1,2,0,1,0
2024-07-19 03:19:51.211383,Berlin,-96.3,736.52,89.94,4.2,1.95,5G SA,iPhone 14,T-Mobile,n78,22,38.4,6,4,496.05,4,True,Low,98.3,True,3,4,7,2024-07-19,0,2,4,4,1,4,1,1
2024-07-19 03:29:51.211381,Berlin,-78.8,318.82,39.63,2.5,2.77,5G SA,Nord 4,T-Mobile,n41,43,43.7,1,3,337.45,3,True,Low,79.5,True,3,4,7,2024-07-19,0,2,4,3,1,2,1,1
2024-07-19 03:39:51.211378,Kolkata,-77.3,369.0,32.93,12.4,3.6,5G SA,iPhone 14,Vi,n28,37,27.1,56,3,172.36,1,True,Low,86.4,False,3,4,7,2024-07-19,3,2,6,2,1,4,1,0
2024-07-19 03:49:51.211376,Delhi,-99.6,852.17,146.79,2.7,0.65,5G SA,Nord 4,BSNL,n28,66,44.0,9,1,201.07,5,True,High,41.3,True,3,4,7,2024-07-19,2,2,2,2,0,2,1,1
2024-07-19 03:59:51.211373,New York,-96.8,675.33,71.23,4.1,4.55,5G SA,Galaxy S23,Verizon,n260,91,22.2,43,1,436.31,2,False,High,50.1,True,3,4,7,2024-07-19,5,2,5,1,0,1,0,1
2024-07-19 04:09:51.211371,Berlin,-107.1,713.75,109.03,11.0,4.5,5G SA,iPhone 14,AT&T,n260,59,20.3,10,2,222.92,4,True,Medium,75.4,False,4,4,7,2024-07-19,0,2,0,1,2,4,1,0
2024-07-19 04:19:51.211368,New York,-78.4,906.64,94.05,11.1,1.12,5G SA,Pixel 7,AT&T,n78,48,20.0,33,3,184.9,4,False,Low,55.2,True,4,4,7,2024-07-19,5,2,0,4,1,3,0,1
2024-07-19 04:29:51.211365,Chennai,-77.0,530.25,100.21,18.0,1.05,5G NSA,iPhone 14,BSNL,n78,70,43.8,45,4,65.31,1,False,High,10.7,False,4,4,7,2024-07-19,1,1,2,4,0,4,0,0
2024-07-19 04:39:51.211363,Kolkata,-78.2,625.41,62.25,11.8,4.55,5G NSA,Galaxy S23,Jio,n258,91,22.0,43,0,85.45,4,True,Low,46.6,True,4,4,7,2024-07-19,3,1,3,0,1,1,1,1
2024-07-19 04:49:51.211360,Tokyo,-86.3,220.96,111.03,13.5,0.63,5G NSA,GT 7,Verizon,n260,37,25.9,53,2,430.53,4,False,Low,11.0,True,4,4,7,2024-07-19,7,1,5,1,1,0,0,1
2024-07-19 04:59:51.211358,New York,-71.1,102.17,92.87,18.6,3.73,4G,Pixel 7,Verizon,n260,72,27.7,45,1,234.75,4,False,Low,56.4,False,4,4,7,2024-07-19,5,0,5,1,1,3,0,0
2024-07-19 05:09:51.211355,Delhi,-75.7,717.31,85.38,2.9,1.18,4G,iPhone 14,Vi,n78,14,30.7,34,4,405.1,5,True,Medium,19.5,True,5,4,7,2024-07-19,2,0,6,4,2,4,1,1
2024-07-19 05:19:51.211352,Mumbai,-105.6,141.15,88.74,17.4,3.07,4G,GT 7,Jio,n78,30,26.4,30,2,313.53,2,False,High,42.0,False,5,4,7,2024-07-19,4,0,3,4,0,0,0,0
2024-07-19 05:29:51.211350,Kolkata,-64.6,512.99,92.34,4.4,2.82,5G SA,Nord 4,Vi,n78,39,31.1,9,2,315.79,5,True,High,56.9,False,5,4,7,2024-07-19,3,2,6,4,0,2,1,0
2024-07-19 05:39:51.211347,Chennai,-95.6,593.67,101.71,11.9,2.53,4G,Galaxy S23,BSNL,n28,93,41.4,38,0,44.39,1,False,Medium,60.1,False,5,4,7,2024-07-19,1,0,2,2,2,1,0,0
2024-07-19 05:49:51.211345,Berlin,-89.7,239.81,45.0,8.1,4.01,4G,Galaxy S23,T-Mobile,n260,28,42.6,30,2,385.71,2,True,Low,36.9,True,5,4,7,2024-07-19,0,0,4,1,1,1,1,1
2024-07-19 05:59:51.211343,New York,-105.6,843.58,38.35,3.5,4.79,4G,Pixel 7,AT&T,n260,40,28.3,28,2,435.67,2,False,High,43.9,False,5,4,7,2024-07-19,5,0,0,1,0,3,0,0
2024-07-19 06:09:51.211340,Berlin,-107.7,234.88,78.25,1.1,1.27,4G,Nord 4,Verizon,n41,46,26.0,44,3,336.06,5,False,Low,61.5,True,6,4,7,2024-07-19,0,0,5,3,1,2,0,1
2024-07-19 06:19:51.211337,Chennai,-108.1,809.09,21.2,9.9,1.28,5G SA,Pixel 7,Airtel,n28,81,20.8,27,4,262.52,2,False,High,94.5,True,6,4,7,2024-07-19,1,2,1,2,0,3,0,1
2024-07-19 06:29:51.211335,San Francisco,-102.3,408.82,54.65,10.1,2.45,4G,Nord 4,AT&T,n78,26,20.2,16,2,174.96,1,True,Low,18.1,True,6,4,7,2024-07-19,6,0,0,4,1,2,1,1
2024-07-19 06:39:51.211332,Delhi,-82.4,512.76,95.22,4.6,4.98,4G,Nord 4,Vi,n258,46,37.9,50,1,252.34,1,False,Low,17.6,True,6,4,7,2024-07-19,2,0,6,0,1,2,0,1
2024-07-19 06:49:51.211330,New York,-97.5,581.49,133.1,14.4,1.26,5G SA,Galaxy S23,AT&T,n41,88,44.3,29,3,447.08,4,False,Medium,84.8,False,6,4,7,2024-07-19,5,2,0,3,2,1,0,0
2024-07-19 06:59:51.211327,Berlin,-105.2,967.34,22.07,3.8,1.18,4G,iPhone 14,T-Mobile,n260,26,30.2,2,2,307.09,4,True,Medium,80.5,False,6,4,7,2024-07-19,0,0,4,1,2,4,1,0
2024-07-19 07:09:51.211324,New York,-80.1,645.48,92.84,8.9,2.66,5G NSA,Galaxy S23,T-Mobile,n260,87,22.4,1,2,274.89,2,False,Medium,19.4,True,7,4,7,2024-07-19,5,1,4,1,2,1,0,1
2024-07-19 07:19:51.211322,New York,-71.6,372.37,91.25,15.9,3.96,5G NSA,iPhone 14,Verizon,n41,90,35.6,7,2,320.3,2,False,Medium,95.4,False,7,4,7,2024-07-19,5,1,5,3,2,4,0,0
2024-07-19 07:29:51.211319,Delhi,-88.3,290.41,52.0,9.2,0.81,5G SA,iPhone 14,Vi,n78,40,43.5,21,0,173.9,5,False,Medium,82.1,True,7,4,7,2024-07-19,2,2,6,4,2,4,0,1
2024-07-19 07:39:51.211317,Delhi,-68.1,455.09,142.44,14.6,4.67,4G,iPhone 14,Vi,n258,95,33.8,7,0,364.54,5,True,Medium,42.5,True,7,4,7,2024-07-19,2,0,6,0,2,4,1,1
2024-07-19 07:49:51.211314,San Francisco,-60.9,615.74,112.48,1.4,4.9,5G NSA,Galaxy S23,T-Mobile,n78,60,38.6,20,4,319.25,2,False,High,49.3,False,7,4,7,2024-07-19,6,1,4,4,0,1,0,0
2024-07-19 07:59:51.211311,Mumbai,-75.8,733.97,91.1,12.6,0.29,5G SA,Nord 4,Jio,n78,66,22.0,2,0,481.75,5,True,Medium,52.2,True,7,4,7,2024-07-19,4,2,3,4,2,2,1,1
2024-07-19 08:09:51.211309,Chennai,-98.8,615.8,58.38,12.1,2.68,5G NSA,iPhone 14,Jio,n258,45,41.2,6,4,401.72,2,True,High,12.7,True,8,4,7,2024-07-19,1,1,3,0,0,4,1,1
2024-07-19 08:19:51.211306,San Francisco,-79.7,707.94,121.17,5.2,3.5,5G SA,Pixel 7,T-Mobile,n260,66,30.2,20,3,18.47,2,True,High,93.5,False,8,4,7,2024-07-19,6,2,4,1,0,3,1,0
2024-07-19 08:29:51.211304,New York,-89.2,586.64,125.02,18.8,3.32,5G NSA,Nord 4,Verizon,n260,89,22.2,52,0,287.0,1,True,High,20.2,True,8,4,7,2024-07-19,5,1,5,1,0,2,1,1
2024-07-19 08:39:51.211301,Berlin,-79.4,907.59,33.15,3.6,4.6,5G NSA,Pixel 7,Verizon,n78,28,43.2,59,3,115.42,5,False,Low,68.5,True,8,4,7,2024-07-19,0,1,5,4,1,3,0,1
2024-07-19 08:49:51.211299,Tokyo,-60.1,523.7,115.45,5.2,2.47,5G NSA,Pixel 7,Verizon,n78,80,43.7,30,4,26.7,1,True,Medium,17.3,True,8,4,7,2024-07-19,7,1,5,4,2,3,1,1
2024-07-19 08:59:51.211296,Mumbai,-93.8,259.13,73.74,5.5,1.37,4G,Nord 4,Airtel,n258,17,24.9,13,3,447.27,4,True,Medium,54.0,True,8,4,7,2024-07-19,4,0,1,0,2,2,1,1
2024-07-19 09:09:51.211293,Delhi,-63.5,101.82,71.27,15.2,4.78,5G SA,Galaxy S23,Vi,n78,29,29.3,39,0,238.03,1,True,Medium,99.9,True,9,4,7,2024-07-19,2,2,6,4,2,1,1,1
2024-07-19 09:19:51.211291,Delhi,-95.0,284.87,66.04,16.9,3.99,4G,Galaxy S23,Airtel,n78,91,24.7,1,4,28.67,4,False,Low,59.2,False,9,4,7,2024-07-19,2,0,1,4,1,1,0,0
2024-07-19 09:29:51.211288,Berlin,-79.0,706.17,35.83,18.2,4.58,4G,Galaxy S23,Verizon,n41,90,20.8,9,3,91.06,1,False,Low,43.8,True,9,4,7,2024-07-19,0,0,5,3,1,1,0,1
2024-07-19 09:39:51.211286,Tokyo,-106.9,703.59,94.0,4.3,2.68,5G SA,Galaxy S23,AT&T,n41,97,22.2,38,1,217.02,5,False,High,45.8,False,9,4,7,2024-07-19,7,2,0,3,0,1,0,0
2024-07-19 09:49:51.211283,Chennai,-109.9,626.84,117.86,11.1,3.1,4G,Galaxy S23,BSNL,n258,57,24.7,6,1,430.66,2,False,High,27.1,False,9,4,7,2024-07-19,1,0,2,0,0,1,0,0
2024-07-19 09:59:51.211280,San Francisco,-109.0,387.08,119.21,6.1,0.64,5G NSA,GT 7,AT&T,n41,92,35.1,55,3,82.32,2,False,Medium,65.5,False,9,4,7,2024-07-19,6,1,0,3,2,0,0,0
2024-07-19 10:09:51.211278,San Francisco,-88.8,858.42,92.72,19.6,2.48,5G NSA,GT 7,T-Mobile,n41,85,39.3,47,3,40.09,1,False,Medium,18.0,False,10,4,7,2024-07-19,6,1,4,3,2,0,0,0
2024-07-19 10:19:51.211275,Berlin,-102.8,665.5,76.24,17.1,1.16,5G SA,Nord 4,Verizon,n260,77,25.4,9,1,39.89,4,False,Low,95.9,False,10,4,7,2024-07-19,0,2,5,1,1,2,0,0
2024-07-19 10:29:51.211273,San Francisco,-90.5,811.51,125.95,3.2,3.37,5G NSA,Pixel 7,AT&T,n41,31,21.7,11,2,260.28,4,False,Low,90.2,False,10,4,7,2024-07-19,6,1,0,3,1,3,0,0
2024-07-19 10:39:51.211270,Mumbai,-107.8,353.63,81.81,6.8,4.88,4G,iPhone 14,BSNL,n78,70,31.6,21,4,47.66,5,False,Medium,86.0,True,10,4,7,2024-07-19,4,0,2,4,2,4,0,1
2024-07-19 10:49:51.211268,New York,-108.3,979.72,147.68,10.5,3.36,5G SA,iPhone 14,T-Mobile,n78,15,23.0,26,1,481.45,5,False,High,83.1,True,10,4,7,2024-07-19,5,2,4,4,0,4,0,1
2024-07-19 10:59:51.211265,Tokyo,-80.0,686.36,146.71,13.7,3.84,5G SA,GT 7,Verizon,n41,31,39.5,10,1,127.75,1,True,Low,79.9,True,10,4,7,2024-07-19,7,2,5,3,1,0,1,1
2024-07-19 11:09:51.211262,Kolkata,-104.7,157.16,70.22,11.4,0.88,4G,Pixel 7,Airtel,n78,84,31.9,45,0,110.42,4,False,High,75.0,True,11,4,7,2024-07-19,3,0,1,4,0,3,0,1
2024-07-19 11:19:51.211260,San Francisco,-74.4,339.22,96.24,2.4,1.63,4G,GT 7,T-Mobile,n41,37,22.4,13,1,384.14,3,False,Medium,57.1,False,11,4,7,2024-07-19,6,0,4,3,2,0,0,0
2024-07-19 11:29:51.211257,Kolkata,-86.2,954.62,103.2,1.2,0.65,5G NSA,GT 7,Vi,n78,70,41.7,25,3,259.5,2,False,High,82.8,True,11,4,7,2024-07-19,3,1,6,4,0,0,0,1
2024-07-19 11:39:51.211255,Chennai,-83.3,553.6,115.98,5.9,4.81,5G NSA,Pixel 7,Vi,n78,95,28.6,6,0,375.0,5,True,Low,96.5,False,11,4,7,2024-07-19,1,1,6,4,1,3,1,0
2024-07-19 11:49:51.211252,San Francisco,-71.7,419.69,106.38,10.5,3.07,5G SA,iPhone 14,T-Mobile,n78,72,43.4,47,1,183.64,1,True,High,17.2,True,11,4,7,2024-07-19,6,2,4,4,0,4,1,1
2024-07-19 11:59:51.211249,Mumbai,-102.4,253.86,22.85,16.4,2.64,4G,iPhone 14,Jio,n28,24,33.2,49,2,67.5,4,False,Low,76.8,True,11,4,7,2024-07-19,4,0,3,2,1,4,0,1
2024-07-19 12:09:51.211247,New York,-69.7,497.57,39.64,7.9,1.63,4G,GT 7,T-Mobile,n78,60,37.8,45,4,138.14,4,True,Low,14.5,False,12,4,7,2024-07-19,5,0,4,4,1,0,1,0
2024-07-19 12:19:51.211243,Berlin,-104.1,884.42,41.13,11.3,4.0,5G SA,Nord 4,T-Mobile,n41,90,25.5,50,1,301.31,1,True,High,59.3,False,12,4,7,2024-07-19,0,2,4,3,0,2,1,0
2024-07-19 12:29:51.211240,Berlin,-94.8,771.93,37.89,8.0,0.86,4G,Galaxy S23,Verizon,n260,23,32.0,58,0,466.17,5,False,Low,89.6,False,12,4,7,2024-07-19,0,0,5,1,1,1,0,0
2024-07-19 12:39:51.211237,Kolkata,-97.7,958.55,148.34,18.4,0.57,5G NSA,Nord 4,Airtel,n78,17,20.1,49,0,170.93,5,False,Medium,26.2,False,12,4,7,2024-07-19,3,1,1,4,2,2,0,0
2024-07-19 12:49:51.211235,Kolkata,-106.6,658.29,53.83,16.0,2.3,5G NSA,GT 7,BSNL,n78,12,32.5,29,1,142.64,1,False,Medium,28.7,True,12,4,7,2024-07-19,3,1,2,4,2,0,0,1
2024-07-19 12:59:51.211229,Berlin,-93.8,437.82,73.73,7.4,3.45,4G,GT 7,AT&T,n260,15,20.6,37,0,25.74,1,True,Low,69.3,True,12,4,7,2024-07-19,0,0,0,1,1,0,1,1
2024-07-19 13:09:51.211226,Tokyo,-72.2,893.57,38.31,17.4,0.89,5G NSA,iPhone 14,Verizon,n78,78,32.0,39,3,294.12,5,True,Low,12.6,False,13,4,7,2024-07-19,7,1,5,4,1,4,1,0
2024-07-19 13:19:51.211224,Chennai,-105.6,954.71,37.0,6.1,3.31,5G NSA,Pixel 7,Jio,n258,63,38.2,41,4,128.37,5,False,High,14.6,False,13,4,7,2024-07-19,1,1,3,0,0,3,0,0
2024-07-19 13:29:51.211209,Berlin,-66.2,770.84,49.67,17.0,1.57,5G NSA,GT 7,AT&T,n78,35,36.8,23,3,12.64,5,True,Low,64.1,True,13,4,7,2024-07-19,0,1,0,4,1,0,1,1
2024-07-19 13:39:51.211206,San Francisco,-87.7,216.3,109.98,13.0,1.6,4G,Pixel 7,AT&T,n78,86,33.4,55,0,386.53,3,False,Low,53.9,True,13,4,7,2024-07-19,6,0,0,4,1,3,0,1
2024-07-19 13:49:51.211203,Mumbai,-95.0,475.96,107.65,17.3,2.41,5G NSA,Nord 4,BSNL,n258,46,29.1,13,3,171.76,1,False,Low,47.1,False,13,4,7,2024-07-19,4,1,2,0,1,2,0,0
2024-07-19 13:59:51.211201,New York,-86.4,181.17,109.2,15.5,1.23,5G SA,iPhone 14,T-Mobile,n260,36,29.1,9,1,34.47,5,False,High,94.1,False,13,4,7,2024-07-19,5,2,4,1,0,4,0,0
2024-07-19 14:09:51.211198,New York,-93.3,379.44,137.23,12.1,4.69,5G SA,iPhone 14,AT&T,n260,97,41.9,20,3,332.1,2,True,Medium,41.6,False,14,4,7,2024-07-19,5,2,0,1,2,4,1,0
2024-07-19 14:19:51.211196,Kolkata,-95.5,105.92,148.35,13.0,4.0,4G,Nord 4,Vi,n78,45,44.6,29,1,133.56,1,True,Medium,57.2,True,14,4,7,2024-07-19,3,0,6,4,2,2,1,1
2024-07-19 14:29:51.211193,New York,-103.6,643.06,46.69,18.8,1.05,4G,Nord 4,AT&T,n41,21,24.3,50,4,261.69,5,False,Medium,44.8,True,14,4,7,2024-07-19,5,0,0,3,2,2,0,1
2024-07-19 14:39:51.211190,New York,-107.2,395.03,124.83,9.0,2.11,5G SA,Nord 4,T-Mobile,n78,43,40.4,33,4,415.75,2,False,Medium,11.1,False,14,4,7,2024-07-19,5,2,4,4,2,2,0,0
2024-07-19 14:49:51.211188,Chennai,-107.2,148.61,127.59,5.4,4.88,4G,iPhone 14,BSNL,n28,82,36.9,20,2,363.47,2,True,High,80.3,False,14,4,7,2024-07-19,1,0,2,2,0,4,1,0
2024-07-19 14:59:51.211185,Kolkata,-99.9,828.9,98.95,11.8,1.59,5G SA,Galaxy S23,Vi,n28,67,23.0,33,4,442.02,4,False,Medium,27.7,True,14,4,7,2024-07-19,3,2,6,2,2,1,0,1
2024-07-19 15:09:51.211183,Tokyo,-76.6,609.13,74.22,8.9,2.7,5G SA,iPhone 14,T-Mobile,n41,55,20.4,27,3,483.72,4,True,Low,97.0,True,15,4,7,2024-07-19,7,2,4,3,1,4,1,1
2024-07-19 15:19:51.211180,Berlin,-84.8,782.12,85.96,6.7,2.32,4G,Nord 4,Verizon,n78,80,43.2,17,1,324.15,2,True,Medium,29.3,True,15,4,7,2024-07-19,0,0,5,4,2,2,1,1
2024-07-19 15:29:51.211177,Delhi,-63.3,216.69,96.63,4.6,4.4,4G,iPhone 14,Jio,n28,76,21.8,3,2,222.86,2,True,Low,73.5,True,15,4,7,2024-07-19,2,0,3,2,1,4,1,1
2024-07-19 15:39:51.211175,Delhi,-67.7,390.17,53.06,9.3,2.51,4G,Nord 4,BSNL,n258,75,34.7,47,1,224.56,4,True,Medium,12.7,False,15,4,7,2024-07-19,2,0,2,0,2,2,1,0
2024-07-19 15:49:51.211172,Tokyo,-74.6,423.38,41.96,4.2,1.82,4G,Galaxy S23,T-Mobile,n78,96,29.9,15,3,306.26,5,False,Medium,44.8,True,15,4,7,2024-07-19,7,0,4,4,2,1,0,1
2024-07-19 15:59:51.211170,Tokyo,-99.3,702.66,118.37,13.5,0.55,5G NSA,GT 7,AT&T,n41,66,38.1,4,3,56.22,4,True,Medium,79.8,True,15,4,7,2024-07-19,7,1,0,3,2,0,1,1
2024-07-19 16:09:51.211167,New York,-92.2,465.74,43.33,7.7,2.75,5G NSA,iPhone 14,AT&T,n78,54,43.3,52,4,318.52,5,False,High,42.0,True,16,4,7,2024-07-19,5,1,0,4,0,4,0,1
2024-07-19 16:19:51.211164,Tokyo,-109.4,483.89,89.79,10.6,2.34,5G NSA,Pixel 7,T-Mobile,n260,72,37.5,56,0,304.05,5,True,Low,87.0,False,16,4,7,2024-07-19,7,1,4,1,1,3,1,0
2024-07-19 16:29:51.211162,Berlin,-104.7,431.14,37.58,2.8,2.31,5G SA,Pixel 7,Verizon,n41,12,43.8,25,0,222.86,5,True,High,27.4,True,16,4,7,2024-07-19,0,2,5,3,0,3,1,1
2024-07-19 16:39:51.211159,New York,-80.6,973.08,143.9,12.7,1.38,4G,iPhone 14,AT&T,n260,49,41.0,7,4,114.92,1,False,Medium,56.4,True,16,4,7,2024-07-19,5,0,0,1,2,4,0,1
2024-07-19 16:49:51.211157,Berlin,-79.2,169.05,120.37,9.3,0.52,4G,Galaxy S23,AT&T,n260,38,26.7,43,0,147.36,3,True,Low,19.7,False,16,4,7,2024-07-19,0,0,0,1,1,1,1,0
2024-07-19 16:59:51.211154,New York,-103.7,839.5,123.38,17.5,3.61,4G,GT 7,Verizon,n260,16,43.2,8,4,491.08,1,False,Low,41.7,True,16,4,7,2024-07-19,5,0,5,1,1,0,0,1
2024-07-19 17:09:51.211152,Mumbai,-61.5,312.38,98.37,5.6,3.74,5G NSA,iPhone 14,BSNL,n28,31,35.2,31,0,394.78,5,True,Low,75.0,True,17,4,7,2024-07-19,4,1,2,2,1,4,1,1
2024-07-19 17:19:51.211149,Mumbai,-63.0,411.58,22.64,15.8,1.42,5G NSA,GT 7,Vi,n78,57,31.1,26,2,287.01,3,False,Medium,85.5,False,17,4,7,2024-07-19,4,1,6,4,2,0,0,0
2024-07-19 17:29:51.211147,Berlin,-78.1,457.12,92.75,6.3,1.64,5G NSA,Pixel 7,AT&T,n260,77,23.3,59,0,78.34,2,True,Low,10.7,False,17,4,7,2024-07-19,0,1,0,1,1,3,1,0
2024-07-19 17:39:51.211144,New York,-109.4,423.22,141.94,7.2,1.72,5G SA,Nord 4,T-Mobile,n260,93,34.3,12,3,106.85,1,False,Low,67.8,True,17,4,7,2024-07-19,5,2,4,1,1,2,0,1
2024-07-19 17:49:51.211141,Mumbai,-106.5,552.76,39.29,10.5,2.07,5G SA,Pixel 7,Airtel,n258,89,37.3,51,4,164.1,3,False,High,47.1,False,17,4,7,2024-07-19,4,2,1,0,0,3,0,0
2024-07-19 17:59:51.211139,Kolkata,-85.0,761.26,39.06,12.8,1.51,4G,iPhone 14,Jio,n258,25,20.1,57,3,35.87,5,True,Medium,20.2,True,17,4,7,2024-07-19,3,0,3,0,2,4,1,1
2024-07-19 18:09:51.211136,Chennai,-67.3,897.75,97.23,15.1,2.87,5G SA,GT 7,Vi,n78,92,27.3,20,3,369.74,3,False,High,60.2,True,18,4,7,2024-07-19,1,2,6,4,0,0,0,1
2024-07-19 18:19:51.211134,Tokyo,-65.6,542.37,132.89,15.4,3.33,4G,iPhone 14,Verizon,n260,98,25.2,33,0,253.53,3,True,High,36.8,True,18,4,7,2024-07-19,7,0,5,1,0,4,1,1
2024-07-19 18:29:51.211131,Tokyo,-70.0,528.54,29.85,1.5,1.6,4G,Pixel 7,AT&T,n41,21,28.3,59,0,90.19,4,True,High,93.9,True,18,4,7,2024-07-19,7,0,0,3,0,3,1,1
2024-07-19 18:39:51.211128,Chennai,-85.8,584.08,58.14,16.1,3.99,5G NSA,Nord 4,Jio,n258,74,39.3,13,0,140.45,2,True,Low,33.8,False,18,4,7,2024-07-19,1,1,3,0,1,2,1,0
2024-07-19 18:49:51.211126,Mumbai,-87.0,273.18,65.56,6.6,3.81,4G,Pixel 7,Airtel,n258,76,20.6,1,4,494.27,1,False,Low,47.1,False,18,4,7,2024-07-19,4,0,1,0,1,3,0,0
2024-07-19 18:59:51.211123,Berlin,-73.2,727.68,93.63,7.5,0.74,5G SA,Galaxy S23,Verizon,n41,83,33.3,6,0,157.49,3,False,Low,24.8,False,18,4,7,2024-07-19,0,2,5,3,1,1,0,0
